year,month,day,Person,Details,link,category
1300,7.0,9,–کلنل محمدتقی پسیانفرمانده ژاندارمری خراسان,,https://fa.wikipedia.org/wiki/%DA%A9%D9%84%D9%86%D9%84_%D9%85%D8%AD%D9%85%D8%AF%D8%AA%D9%82%DB%8C_%D9%BE%D8%B3%DB%8C%D8%A7%D9%86,Death
1300,8.0,5,–حیدرخان عمواوغلی,انقلابی ایرانی و از فعالان مؤثر جنبش مشروطه ایران و از رهبرانحزب کمونیست ایران,https://fa.wikipedia.org/wiki/%D8%AD%DB%8C%D8%AF%D8%B1%D8%AE%D8%A7%D9%86_%D8%B9%D9%85%D9%88%D8%A7%D9%88%D8%BA%D9%84%DB%8C,Death
1300,9.0,7,عبدالبها,در حیفا، سومین شخصیت محوری آیین بهایی,https://fa.wikipedia.org/wiki/%D8%B9%D8%A8%D8%AF%D8%A7%D9%84%D8%A8%D9%87%D8%A7%D8%A1,Death
1300,9.0,11,–میرزا کوچک خان جنگلیرهبرجنبش جنگل,,https://fa.wikipedia.org/wiki/%D9%85%DB%8C%D8%B1%D8%B2%D8%A7_%DA%A9%D9%88%DA%86%DA%A9_%D8%AE%D8%A7%D9%86_%D8%AC%D9%86%DA%AF%D9%84%DB%8C,Death
1300,,,عبدالحسین صنیع همایون,نقاش و تذهیب کار دوره قاجار,https://fa.wikipedia.org/wiki/%DB%B1%DB%B2%DB%B3%DB%B8_(%D8%AE%D9%88%D8%B1%D8%B4%DB%8C%D8%AF%DB%8C),Death
1300,,,بایجانی,,https://fa.wikipedia.org/wiki/%DB%B1%DB%B2%DB%B4%DB%B7_(%D8%AE%D9%88%D8%B1%D8%B4%DB%8C%D8%AF%DB%8C),Death
1300,,,خالو قربان هرسینی,از مبارزان جنبش جنگل,https://fa.wikipedia.org/wiki/%DB%B1%DB%B2%DB%B5%DB%B5_(%D8%AE%D9%88%D8%B1%D8%B4%DB%8C%D8%AF%DB%8C),Death
1300,,,نویسندهٔ دورهٔمشروطهو نخستین زن طنزنویس ایرانی,,https://fa.wikipedia.org/wiki/%D8%AC%D9%86%D8%A8%D8%B4_%D9%85%D8%B4%D8%B1%D9%88%D8%B7%D9%87_%D8%A7%DB%8C%D8%B1%D8%A7%D9%86,Death
1301,4.0,7,–حبیب الله خان میکده,افسر جزء ژاندارمری و پسرسلیمان خان میکده,https://fa.wikipedia.org/w/index.php?title=%D8%AD%D8%A8%DB%8C%D8%A8%E2%80%8C%D8%A7%D9%84%D9%84%D9%87_%D8%AE%D8%A7%D9%86_%D9%85%DB%8C%DA%A9%D8%AF%D9%87&action=edit&redlink=1,Death
1301,,,میرزا ابراهیم خان صحاف باشی,از پیشگامان عکاسی و فیلمبرداری در ایران,https://fa.wikipedia.org/wiki/%DB%B1%DB%B2%DB%B3%DB%B4_(%D8%AE%D9%88%D8%B1%D8%B4%DB%8C%D8%AF%DB%8C),Death
1301,,,زایر خضرخان اهرمی,از همرزمان رئیسعلی دلواری در مبارزه با انگلیسی ها,https://fa.wikipedia.org/wiki/%DB%B1%DB%B2%DB%B4%DB%B1_(%D8%AE%D9%88%D8%B1%D8%B4%DB%8C%D8%AF%DB%8C),Death
1301,,,اسماعیل نوبری,از مبارزین مشروطه و نماینده دور دوم مجلس شورای ملی,https://fa.wikipedia.org/wiki/%DB%B1%DB%B2%DB%B5%DB%B2_(%D8%AE%D9%88%D8%B1%D8%B4%DB%8C%D8%AF%DB%8C),Death
1302,3.0,14,–سید حسین کزازی,نمایندۀ کرمانشاه در مجلس شورای ملی و رئیس ادارۀ معارف کرمانشاه,https://fa.wikipedia.org/wiki/%D8%B3%DB%8C%D8%AF_%D8%AD%D8%B3%DB%8C%D9%86_%DA%A9%D8%B2%D8%A7%D8%B2%DB%8C,Death
1302,6.0,7,–احمد دریابیگی,نخستین فرماندهٔ نیروی دریایی مدرن ایران در خلیج فارس,https://fa.wikipedia.org/wiki/%D8%A7%D8%AD%D9%85%D8%AF_%D8%AF%D8%B1%DB%8C%D8%A7%D8%A8%DB%8C%DA%AF%DB%8C,Death
1302,8.0,23,عقوب خان,پادشاه افغانستان,https://fa.wikipedia.org/wiki/%D9%85%D8%AD%D9%85%D8%AF%DB%8C%D8%B9%D9%82%D9%88%D8%A8_%D8%AE%D8%A7%D9%86,Death
1302,,,–سلطان محمد خان سردار اشجع,از رؤسای ایل بختیاری در دوران مشروطه,https://fa.wikipedia.org/wiki/%D8%B3%D9%84%D8%B7%D8%A7%D9%86_%D9%85%D8%AD%D9%85%D8%AF_%D8%AE%D8%A7%D9%86_%D8%B3%D8%B1%D8%AF%D8%A7%D8%B1_%D8%A7%D8%B4%D8%AC%D8%B9,Death
1302,,,محمد اقبال الدوله,از حاکمان کرمانشاه,https://fa.wikipedia.org/wiki/%DB%B1%DB%B2%DB%B2%DB%B7_(%D8%AE%D9%88%D8%B1%D8%B4%DB%8C%D8%AF%DB%8C),Death
1302,,,اسماعیل خان معاضدالملکاز بنیانگذاران آموزش و پرورش نوین در کرمانشاه و نماینده کرمانشاه در دورهٔ دوم مجلس شورای ملی,,https://fa.wikipedia.org/wiki/%DB%B1%DB%B2%DB%B5%DB%B3_(%D8%AE%D9%88%D8%B1%D8%B4%DB%8C%D8%AF%DB%8C),Death
1303,,,محترم اسکندری,روزنامه نگار و فعال حقوق زنان,https://fa.wikipedia.org/wiki/%DB%B1%DB%B2%DB%B7%DB%B4_(%D8%AE%D9%88%D8%B1%D8%B4%DB%8C%D8%AF%DB%8C),Death
1303,,,ترورمیر,,https://fa.wikipedia.org/wiki/%DB%B1%DB%B2%DB%B7%DB%B3_(%D8%AE%D9%88%D8%B1%D8%B4%DB%8C%D8%AF%DB%8C),Death
1304,1.0,16,محمدعلی شاه,ششمین شاه قاجار,https://fa.wikipedia.org/wiki/%D9%85%D8%AD%D9%85%D8%AF%D8%B9%D9%84%DB%8C_%D8%B4%D8%A7%D9%87,Death
1304,,,محترم اسکندری,روزنامه نگار و فعال حقوق زنان,https://fa.wikipedia.org/wiki/%D9%85%D8%AD%D8%AA%D8%B1%D9%85_%D8%A7%D8%B3%DA%A9%D9%86%D8%AF%D8%B1%DB%8C,Death
1304,,,حسن مقدم,نمایش نامه نویس ایرانی,https://fa.wikipedia.org/wiki/%D8%AD%D8%B3%D9%86_%D9%85%D9%82%D8%AF%D9%85,Death
1304,12.0,22,ایرج میرزا,شاعر ایرانی,https://fa.wikipedia.org/wiki/%D8%A7%DB%8C%D8%B1%D8%AC_%D9%85%DB%8C%D8%B1%D8%B2%D8%A7,Death
1304,,,حاجی سیاح,جهانگرد و فعال سیاسی ایرانی,https://fa.wikipedia.org/wiki/%DB%B1%DB%B2%DB%B1%DB%B5_(%D8%AE%D9%88%D8%B1%D8%B4%DB%8C%D8%AF%DB%8C),Death
1304,,,عبدالله بیگ,شاعر کرد ایرانی,https://fa.wikipedia.org/wiki/%DB%B1%DB%B2%DB%B7%DB%B7_(%D8%AE%D9%88%D8%B1%D8%B4%DB%8C%D8%AF%DB%8C),Death
1304,,,سید محمدرضا مساوات شیرازی,روزنامه نگار و سیاستمدار عصر مشروطه,https://fa.wikipedia.org/wiki/%DB%B1%DB%B2%DB%B4%DB%B4_(%D8%AE%D9%88%D8%B1%D8%B4%DB%8C%D8%AF%DB%8C),Death
1304,,,نایب اسدالله,موسیقی دان و نوازنده ایرانی,https://fa.wikipedia.org/wiki/%DB%B1%DB%B2%DB%B3%DB%B1_(%D8%AE%D9%88%D8%B1%D8%B4%DB%8C%D8%AF%DB%8C),Death
1305,3.0,6,ب نیشابوری,شاعر ایرانی,https://fa.wikipedia.org/wiki/%D8%A7%D8%AF%DB%8C%D8%A8_%D9%86%DB%8C%D8%B4%D8%A7%D8%A8%D9%88%D8%B1%DB%8C,Death
1306,8.0,10,ن شاه,,https://fa.wikipedia.org/wiki/%D8%B9%D8%A8%D8%AF%D8%A7%D9%84%D9%85%D8%AC%DB%8C%D8%AF_%D8%B9%DB%8C%D9%86%E2%80%8C%D8%A7%D9%84%D8%AF%D9%88%D9%84%D9%87,Death
1306,10.0,4,ابوالقاسم ناصرالملک,سیاستمدار ایرانی,https://fa.wikipedia.org/wiki/%D8%A7%D8%A8%D9%88%D8%A7%D9%84%D9%82%D8%A7%D8%B3%D9%85_%D9%86%D8%A7%D8%B5%D8%B1%D8%A7%D9%84%D9%85%D9%84%DA%A9,Death
1306,10.0,24,ن,نظامی ایرانی,https://fa.wikipedia.org/wiki/%D9%85%D8%AD%D9%85%D9%88%D8%AF_%D9%BE%D9%88%D9%84%D8%A7%D8%AF%DB%8C%D9%86,Death
1306,,,شیخ حسن حسام الاسلام دانشسیاستمدار ایرانی,,https://fa.wikipedia.org/wiki/%DB%B1%DB%B2%DB%B5%DB%B6_(%D9%82%D9%85%D8%B1%DB%8C),Death
1306,,,نورالله نجفی اصفهانی,مرجع تقلید ایرانی و طرفدار مشروطه,https://fa.wikipedia.org/wiki/%DB%B1%DB%B2%DB%B3%DB%B8_(%D8%AE%D9%88%D8%B1%D8%B4%DB%8C%D8%AF%DB%8C),Death
1307,10.0,6,جهانشاه خان امیرافشار,ملاک بزرگ زنجان,https://fa.wikipedia.org/wiki/%D8%AC%D9%87%D8%A7%D9%86%D8%B4%D8%A7%D9%87%E2%80%8C%D8%AE%D8%A7%D9%86_%D8%A7%D9%85%DB%8C%D8%B1%D8%A7%D9%81%D8%B4%D8%A7%D8%B1,Death
1307,,,کامران میرزا,شاه,https://fa.wikipedia.org/wiki/%DB%B1%DB%B2%DB%B3%DB%B5_(%D8%AE%D9%88%D8%B1%D8%B4%DB%8C%D8%AF%DB%8C),Death
1307,,,آرداشس پادماگریانمعروف به اردشیرخان,از نخستین سینماداران ایران,https://fa.wikipedia.org/wiki/%DB%B1%DB%B2%DB%B4%DB%B2_(%D8%AE%D9%88%D8%B1%D8%B4%DB%8C%D8%AF%DB%8C),Death
1307,,,شاعر و روحانی شیعه ایرانی,,https://fa.wikipedia.org/wiki/%DB%B1%DB%B2%DB%B4%DB%B3_(%D8%AE%D9%88%D8%B1%D8%B4%DB%8C%D8%AF%DB%8C),Death
1308,1.0,31,محمد میرزا کاشف السلطنه,سیاستمدار، نویسنده و پدر چای ایران,https://fa.wikipedia.org/wiki/%D9%85%D8%AD%D9%85%D8%AF_%D9%85%DB%8C%D8%B1%D8%B2%D8%A7_%DA%A9%D8%A7%D8%B4%D9%81_%D8%A7%D9%84%D8%B3%D9%84%D8%B7%D9%86%D9%87,Death
1308,12.0,9,احمدشاه,واپسین پادشاهدودمان قاجار,https://fa.wikipedia.org/wiki/%D8%A7%D8%AD%D9%85%D8%AF%D8%B4%D8%A7%D9%87,Death
1309,4.0,30,؛اسماعیل آقامعروف بهسیمیتقوشورشی کرد,در منطقه مرزی ایران و ترکیه کشته شد.,https://fa.wikipedia.org/wiki/%D8%B3%DB%8C%D9%85%DB%8C%D8%AA%D9%82%D9%88,Death
1309,,,ر و نویسنده نشریهحبل المتیندر دورهجنبش مشروطه ایران.,,https://fa.wikipedia.org/wiki/%D8%B3%DB%8C%D8%AF%D8%AC%D9%84%D8%A7%D9%84%E2%80%8C%D8%A7%D9%84%D8%AF%DB%8C%D9%86_%DA%A9%D8%A7%D8%B4%D8%A7%D9%86%DB%8C,Death
1309,,,نجف قلی خان بختیاری(معروف به صمصام السلطنه) از سران ایل بختیاری و دو دورهرئیس الوزرایایران.,,https://fa.wikipedia.org/wiki/%D8%B1%D8%A6%DB%8C%D8%B3%E2%80%8C%D8%A7%D9%84%D9%88%D8%B2%D8%B1%D8%A7,Death
1310,,,هُوْهانِس آبکاریانمعروف بهیحیی تارساز,سازنده سازتار,https://fa.wikipedia.org/wiki/%D8%AA%D8%A7%D8%B1,Death
1310,,,مقبل السلطنه خراسانی؛ سران و صاحب منصباندورهٔ قاجار,,https://fa.wikipedia.org/wiki/%D8%A7%DB%8C%D8%B1%D8%A7%D9%86_%D9%82%D8%A7%D8%AC%D8%A7%D8%B1%DB%8C,Death
1311,6.0,6,حسن مستوفی,(معروف به مستوفی الممالک) سیاست مدار.,https://fa.wikipedia.org/wiki/%D8%AD%D8%B3%D9%86_%D9%85%D8%B3%D8%AA%D9%88%D9%81%DB%8C,Death
1311,7.0,16,صولت الدوله,قشقایی در زندان قصر درگذشت,https://fa.wikipedia.org/wiki/%D8%B5%D9%88%D9%84%D8%AA%E2%80%8C%D8%A7%D9%84%D8%AF%D9%88%D9%84%D9%87,Death
1311,8.0,16,غلامعلی دولتشاهی,(معروف به مجلل الدوله) پدرزنرضاشاهو رئیس تشریفات دربار پهلوی,https://fa.wikipedia.org/wiki/%D8%BA%D9%84%D8%A7%D9%85%D8%B9%D9%84%DB%8C_%D8%AF%D9%88%D9%84%D8%AA%D8%B4%D8%A7%D9%87%DB%8C,Death
1312,7.0,9,عبدالحسین تیمورتاش: دولتمرد و وزیر درباررضاشاه پهلوی.,,https://fa.wikipedia.org/wiki/%D8%B9%D8%A8%D8%AF%D8%A7%D9%84%D8%AD%D8%B3%DB%8C%D9%86_%D8%AA%DB%8C%D9%85%D9%88%D8%B1%D8%AA%D8%A7%D8%B4,Death
1312,11.0,1,ابوالقاسم عارف قزوینی,شاعرو تصنیف سازایرانی,https://fa.wikipedia.org/wiki/%D8%A7%D8%A8%D9%88%D8%A7%D9%84%D9%82%D8%A7%D8%B3%D9%85_%D8%B9%D8%A7%D8%B1%D9%81_%D9%82%D8%B2%D9%88%DB%8C%D9%86%DB%8C,Death
1313,10.0,22,فقیه و مرجع تقلید شیعه,,https://fa.wikipedia.org/wiki/%D8%B3%DB%8C%D8%AF_%D8%A7%D8%A8%D9%88%D8%A7%D9%84%D9%82%D8%A7%D8%B3%D9%85_%D8%AF%D9%87%DA%A9%D8%B1%D8%AF%DB%8C,Death
1313,11.0,30,محمود غنی,,https://fa.wikipedia.org/wiki/%D9%85%D8%AD%D9%85%D9%88%D8%AF_%D8%BA%D9%86%DB%8C%E2%80%8C%D8%B2%D8%A7%D8%AF%D9%87,Death
1314,8.0,29,حسن پیرنیا,معروف به مشیرالدوله، سیاستمدار، نویسنده و مورخ,https://fa.wikipedia.org/wiki/%D8%AD%D8%B3%D9%86_%D9%BE%DB%8C%D8%B1%D9%86%DB%8C%D8%A7,Death
1315,11.0,20,علی اکبر داور,از رجال سیاسی دورهٔ رضاشاه,https://fa.wikipedia.org/wiki/%D8%B9%D9%84%DB%8C%E2%80%8C%D8%A7%DA%A9%D8%A8%D8%B1_%D8%AF%D8%A7%D9%88%D8%B1,Death
1315,,,طوبی آزموده,از پیشگامانجنبش زنان در ایران,https://fa.wikipedia.org/wiki/%D8%AC%D9%86%D8%A8%D8%B4_%D8%B2%D9%86%D8%A7%D9%86_%D8%AF%D8%B1_%D8%A7%DB%8C%D8%B1%D8%A7%D9%86,Death
1315,,,مرجع تقلید شیعه و بنیان گذارحوزه علمیه قم,,https://fa.wikipedia.org/wiki/%D8%AD%D9%88%D8%B2%D9%87_%D8%B9%D9%84%D9%85%DB%8C%D9%87_%D9%82%D9%85,Death
1315,,,شیخ خزعل کعبی,حاکم محمرهخرمشهر,https://fa.wikipedia.org/wiki/%D8%AE%D8%B1%D9%85%D8%B4%D9%87%D8%B1,Death
1316,6.0,20,رضا کمال شهر,,https://fa.wikipedia.org/wiki/%D8%B1%D8%B6%D8%A7_%DA%A9%D9%85%D8%A7%D9%84_%D8%B4%D9%87%D8%B1%D8%B2%D8%A7%D8%AF,Death
1316,9.0,10,سید حسن مدرس,روحانی و نمایندهمجلس شورای ملی,https://fa.wikipedia.org/wiki/%D8%B3%DB%8C%D8%AF_%D8%AD%D8%B3%D9%86_%D9%85%D8%AF%D8%B1%D8%B3,Death
1316,10.0,12,یوسف اعتصامی,مترجم,https://fa.wikipedia.org/wiki/%DB%8C%D9%88%D8%B3%D9%81_%D8%A7%D8%B9%D8%AA%D8%B5%D8%A7%D9%85%DB%8C,Death
1316,10.0,20,فیروز فیروز,سیاستمدار ایرانی در اواخر دوره قاجار واوایل دوره پهلوی,https://fa.wikipedia.org/wiki/%D9%81%DB%8C%D8%B1%D9%88%D8%B2_%D9%81%DB%8C%D8%B1%D9%88%D8%B2,Death
1317,2.0,1,اقبال لاهوریشاعر پاکستانی,,https://fa.wikipedia.org/wiki/%D8%A7%D9%82%D8%A8%D8%A7%D9%84_%D9%84%D8%A7%D9%87%D9%88%D8%B1%DB%8C,Death
1318,8.0,4,رجل سیاسی دوران انقلاب مشروطه ایران,,https://fa.wikipedia.org/wiki/%DB%8C%D8%AD%DB%8C%DB%8C_%D8%AF%D9%88%D9%84%D8%AA%E2%80%8C%D8%A2%D8%A8%D8%A7%D8%AF%DB%8C,Death
1318,8.0,30,عبدالحسین میرزا فرمانفرما,سیاستمدار ایرانی در دوره قاجار,https://fa.wikipedia.org/wiki/%D8%B9%D8%A8%D8%AF%D8%A7%D9%84%D8%AD%D8%B3%DB%8C%D9%86_%D9%85%DB%8C%D8%B1%D8%B2%D8%A7_%D9%81%D8%B1%D9%85%D8%A7%D9%86%D9%81%D8%B1%D9%85%D8%A7,Death
1318,11.0,14,تقی ارانی,فعال سیاسی کمونیست در ایران,https://fa.wikipedia.org/wiki/%D8%AA%D9%82%DB%8C_%D8%A7%D8%B1%D8%A7%D9%86%DB%8C,Death
1319,5.0,27,محمد غفاری,معروف بهکمال المُلکنقاش ایرانی,https://fa.wikipedia.org/wiki/%D9%85%D8%AD%D9%85%D8%AF_%D8%BA%D9%81%D8%A7%D8%B1%DB%8C,Death
1320,1.0,15,پروین اعتصامی,شاعر معاصر ایران,https://fa.wikipedia.org/wiki/%D9%BE%D8%B1%D9%88%DB%8C%D9%86_%D8%A7%D8%B9%D8%AA%D8%B5%D8%A7%D9%85%DB%8C,Death
1320,6.0,3,غلامعلی بایندر,فرمانده نیروی دریایی,https://fa.wikipedia.org/wiki/%D8%BA%D9%84%D8%A7%D9%85%D8%B9%D9%84%DB%8C_%D8%A8%D8%A7%DB%8C%D9%86%D8%AF%D8%B1,Death
1320,6.0,4,یدالله بایندر,ناوسرواننیروی دریایی,https://fa.wikipedia.org/wiki/%DB%8C%D8%AF%D8%A7%D9%84%D9%84%D9%87_%D8%A8%D8%A7%DB%8C%D9%86%D8%AF%D8%B1,Death
1321,2.0,9,وان کازرونی,رهبر قیام مردمکازرونوفارسعلیه استعمار انگلستان,https://fa.wikipedia.org/wiki/%D9%86%D8%A7%D8%B5%D8%B1_%D8%AF%DB%8C%D9%88%D8%A7%D9%86_%DA%A9%D8%A7%D8%B2%D8%B1%D9%88%D9%86%DB%8C,Death
1321,9.0,5,محمد علی فروغی,سیاست مدار، نویسنده، مترجم و دانشمند,https://fa.wikipedia.org/wiki/%D9%85%D8%AD%D9%85%D8%AF_%D8%B9%D9%84%DB%8C_%D9%81%D8%B1%D9%88%D8%BA%DB%8C,Death
1321,10.0,8,شاعر,,https://fa.wikipedia.org/wiki/%D9%88%D8%AD%DB%8C%D8%AF_%D8%AF%D8%B3%D8%AA%DA%AF%D8%B1%D8%AF%DB%8C,Death
1322,7.0,24,عباس تربتیمعروف به ملاعباس تربتی و حاج آخوند,روحانی و عارف معاصرشیعه,https://fa.wikipedia.org/wiki/%D8%B9%D8%A8%D8%A7%D8%B3_%D8%AA%D8%B1%D8%A8%D8%AA%DB%8C,Death
1322,,,محمدابراهیم علمزمین دار بزرگ و حاکم منطقهقائنات,جنوب خراسانوسیستان، وزیر پست و تلگراف دورانرضاشاه,https://fa.wikipedia.org/wiki/%D9%82%D8%A7%D8%A6%D9%86%D8%A7%D8%AA,Death
1323,5.0,4,رضا شاه پهلویمعروف به سردار سپه,اولین پادشاه دودمان پهلوی در ایران (فوت در شهرژوهانسبورگآفریقای جنوبی),https://fa.wikipedia.org/wiki/%D8%B1%D8%B6%D8%A7_%D8%B4%D8%A7%D9%87_%D9%BE%D9%87%D9%84%D9%88%DB%8C,Death
1323,9.0,29,ه,بنیانگذار آموزش نوین در ایران,https://fa.wikipedia.org/wiki/%D8%AD%D8%B3%D9%86_%D8%B1%D8%B4%D8%AF%DB%8C%D9%87,Death
1323,10.0,5,اری: سیاستمدار ایرانی و رئیس مجلس شورای ملی.,,https://fa.wikipedia.org/wiki/%D8%AD%D8%B3%D9%86_%D8%A7%D8%B3%D9%81%D9%86%D8%AF%DB%8C%D8%A7%D8%B1%DB%8C,Death
1324,,,مستوره افشار,فعال حقوق زنان درجمعیت نسوان وطنخواه,https://fa.wikipedia.org/wiki/%D8%AC%D9%85%D8%B9%DB%8C%D8%AA_%D9%86%D8%B3%D9%88%D8%A7%D9%86_%D9%88%D8%B7%D9%86%D8%AE%D9%88%D8%A7%D9%87,Death
1324,,,ب ایرانی,,#cite_note-1,Death
1325,,,مستوره افشار,فعال حقوق زنان درجمعیت نسوان وطنخواه,https://fa.wikipedia.org/wiki/%D8%AC%D9%85%D8%B9%DB%8C%D8%AA_%D9%86%D8%B3%D9%88%D8%A7%D9%86_%D9%88%D8%B7%D9%86%D8%AE%D9%88%D8%A7%D9%87,Death
1325,11.0,8,سید علی قاضی,فقیه و عارف شیعه,https://fa.wikipedia.org/wiki/%D8%B3%DB%8C%D8%AF_%D8%B9%D9%84%DB%8C_%D9%82%D8%A7%D8%B6%DB%8C,Death
1326,4.0,20,بایجان.,,https://fa.wikipedia.org/wiki/%D8%B3%DB%8C%D8%AF_%D8%AC%D8%B9%D9%81%D8%B1_%D9%BE%DB%8C%D8%B4%D9%87%E2%80%8C%D9%88%D8%B1%DB%8C,Death
1326,,,ملکه جهان: مادراحمدشاه قاجار.,,https://fa.wikipedia.org/wiki/%D9%85%D9%84%DA%A9%D9%87_%D8%AC%D9%87%D8%A7%D9%86,Death
1326,10.0,9,ان.,,https://fa.wikipedia.org/wiki/%D9%85%D9%87%D8%A7%D8%AA%D9%85%D8%A7_%DA%AF%D8%A7%D9%86%D8%AF%DB%8C,Death
1326,10.0,27,هو شاهیمن. (17 فبروری 1948),,https://fa.wikipedia.org/wiki/%DB%8C%D8%AD%DB%8C%DB%8C_%D8%AD%D9%85%DB%8C%D8%AF%D8%A7%D9%84%D8%AF%DB%8C%D9%86,Death
1327,,,حسن مشار,سیاستمرد دورهقاجاروپهلوی,https://fa.wikipedia.org/wiki/%D9%82%D8%A7%D8%AC%D8%A7%D8%B1,Death
1328,3.0,6,ب و پژوهشگر تاریخ و فرهنگ ایران.,,https://fa.wikipedia.org/wiki/%D9%85%D8%AD%D9%85%D8%AF_%D9%82%D8%B2%D9%88%DB%8C%D9%86%DB%8C,Death
1328,8.0,13,_ ترورعبدالحسین هژیراز نخست وزیران دوره پهلوی هنگام خروج از مجلس ع,,https://fa.wikipedia.org/wiki/%D8%B9%D8%A8%D8%AF%D8%A7%D9%84%D8%AD%D8%B3%DB%8C%D9%86_%D9%87%DA%98%DB%8C%D8%B1,Death
1328,9.0,3,فیلسوف ایرانی,,https://fa.wikipedia.org/wiki/%D9%85%D8%AD%D9%85%D8%AF%D8%B9%D9%84%DB%8C_%D8%B4%D8%A7%D9%87%E2%80%8C%D8%A2%D8%A8%D8%A7%D8%AF%DB%8C,Death
1329,4.0,17,حاج مرزوق عرب حائری,روحانی و مداح عراقی,https://fa.wikipedia.org/wiki/%D8%AD%D8%A7%D8%AC_%D9%85%D8%B1%D8%B2%D9%88%D9%82_%D8%B9%D8%B1%D8%A8_%D8%AD%D8%A7%D8%A6%D8%B1%DB%8C,Death
1329,4.0,21,مصطفی عدل,حقوقدان و سیاستمدار,https://fa.wikipedia.org/wiki/%D9%85%D8%B5%D8%B7%D9%81%DB%8C_%D8%B9%D8%AF%D9%84,Death
1329,11.0,14,حسن وثوق الدوله,سیاستمدار ایرانی در اواخر دوره قاجار و اوایل دوره پهلوی و از صدراعظم های ایرانی,https://fa.wikipedia.org/wiki/%D9%88%D8%AB%D9%88%D9%82%E2%80%8C%D8%A7%D9%84%D8%AF%D9%88%D9%84%D9%87,Death
1329,12.0,16,حاجعلی رزم آرا,نخست وزیر وقت ایران,https://fa.wikipedia.org/wiki/%D8%AD%D8%A7%D8%AC%D8%B9%D9%84%DB%8C_%D8%B1%D8%B2%D9%85%E2%80%8C%D8%A2%D8%B1%D8%A7,Death
1330,1.0,19,صادق هدایتنویسنده,مترجم وروشنفکرایرانی.,https://fa.wikipedia.org/wiki/%D8%B5%D8%A7%D8%AF%D9%82_%D9%87%D8%AF%D8%A7%DB%8C%D8%AA,Death
1330,2.0,1,ب,تاریخ نویس، و سیاستمدار ایرانی.,https://fa.wikipedia.org/wiki/%D9%85%D8%AD%D9%85%D8%AF%D8%AA%D9%82%DB%8C_%D8%A8%D9%87%D8%A7%D8%B1,Death
1331,,,سرتیپمحمد درگاهی,رئیسنظمیه،رئیس شهربانی کل کشور,https://fa.wikipedia.org/wiki/%D9%86%D8%B8%D9%85%DB%8C%D9%87,Death
1332,3.0,24,میرزا عبدالحسین ذوالریاستین شیرازی(مونسعلیشاه),,https://fa.wikipedia.org/wiki/%D9%85%DB%8C%D8%B1%D8%B2%D8%A7_%D8%B9%D8%A8%D8%AF%D8%A7%D9%84%D8%AD%D8%B3%DB%8C%D9%86_%D8%B0%D9%88%D8%A7%D9%84%D8%B1%DB%8C%D8%A7%D8%B3%D8%AA%DB%8C%D9%86_%D8%B4%DB%8C%D8%B1%D8%A7%D8%B2%DB%8C,Death
1333,8.0,19,حسین فاطمیوزیر امور خارجه دولتمحمد مصدق,,https://fa.wikipedia.org/wiki/%D8%AD%D8%B3%DB%8C%D9%86_%D9%81%D8%A7%D8%B7%D9%85%DB%8C,Death
1334,4.0,28,احمد قوام,سیاستمدار ایرانی در دوره قاجار و پهلوی,https://fa.wikipedia.org/wiki/%D8%A7%D8%AD%D9%85%D8%AF_%D9%82%D9%88%D8%A7%D9%85,Death
1334,6.0,12,سیدحسین طاهر,,https://fa.wikipedia.org/wiki/%D8%AD%D8%B3%DB%8C%D9%86_%D8%B7%D8%A7%D9%87%D8%B1%D8%B2%D8%A7%D8%AF%D9%87,Death
1334,11.0,21,عباس اقبال آشتیانی,نویسنده، تاریخ نگار و استاد دانشگاه,https://fa.wikipedia.org/wiki/%D8%B9%D8%A8%D8%A7%D8%B3_%D8%A7%D9%82%D8%A8%D8%A7%D9%84_%D8%A2%D8%B4%D8%AA%DB%8C%D8%A7%D9%86%DB%8C,Death
1334,10.0,27,نواب صفوی,طلبه و بنیانگذار گروه فدائیان اسلام در ایران,https://fa.wikipedia.org/wiki/%D9%86%D9%88%D8%A7%D8%A8_%D8%B5%D9%81%D9%88%DB%8C,Death
1334,12.0,7,علی اکبر دهخدا,نویسنده، پژوهشگر و گردآورندهٔلغت نامه دهخدا,https://fa.wikipedia.org/wiki/%D8%B9%D9%84%DB%8C%E2%80%8C%D8%A7%DA%A9%D8%A8%D8%B1_%D8%AF%D9%87%D8%AE%D8%AF%D8%A7,Death
1335,5.0,28,طغرل افشار,از نخستین پیشگامان نقد سینمایی در ایران و بانی برگزاری اولینجشنواره فیلمدر ایران بوده است.,https://fa.wikipedia.org/wiki/%D8%B7%D8%BA%D8%B1%D9%84_%D8%A7%D9%81%D8%B4%D8%A7%D8%B1,Death
1336,2.0,20,مرتضی قلی بیات,سیاستمدار و نخست وزیر ایران در زمانمحمدرضاشاهپهلوی.,https://fa.wikipedia.org/wiki/%D9%85%D8%B1%D8%AA%D8%B6%DB%8C%E2%80%8C%D9%82%D9%84%DB%8C_%D8%A8%DB%8C%D8%A7%D8%AA,Death
1336,10.0,21,دادشاه,مبارز بلوچ در زمان محمدرضاشاه پهلوی,https://fa.wikipedia.org/wiki/%D8%AF%D8%A7%D8%AF%D8%B4%D8%A7%D9%87,Death
1336,12.0,8,محمدعلی اقبال,نماینده دوره نوزدهم مجلس شورای ملی,https://fa.wikipedia.org/wiki/%D9%85%D8%AD%D9%85%D8%AF%D8%B9%D9%84%DB%8C_%D8%A7%D9%82%D8%A8%D8%A7%D9%84,Death
1337,2.0,11,علی سهیلی,از نخست وزیران دوره پهلوی,https://fa.wikipedia.org/wiki/%D8%B9%D9%84%DB%8C_%D8%B3%D9%87%DB%8C%D9%84%DB%8C,Death
1337,11.0,2,داریوش رفیعی,خواننده سبک سنتی,https://fa.wikipedia.org/wiki/%D8%AF%D8%A7%D8%B1%DB%8C%D9%88%D8%B4_%D8%B1%D9%81%DB%8C%D8%B9%DB%8C,Death
1338,2.0,2,فضل الله دهش,ملقب به عطاءالملک، پدرش حاج محمدحسین شیرازی تاجر شیرازی بود. او در سال 1300 نخستین کارخانهٔ نساجی اصفهان را تأسیس کرد,https://fa.wikipedia.org/wiki/%D9%81%D8%B6%D9%84%E2%80%8C%D8%A7%D9%84%D9%84%D9%87_%D8%AF%D9%87%D8%B4,Death
1338,2.0,20,نی و مرجع تقلید منطقه ای در قزوین,,https://fa.wikipedia.org/w/index.php?title=%D9%85%D8%AD%D9%85%D8%AF%D8%A7%D8%A8%D8%B1%D8%A7%D9%87%DB%8C%D9%85_%D9%85%D8%AD%D9%82%D9%82&action=edit&redlink=1,Death
1338,5.0,14,قمرالملوک وزیری,خوانندهٔ آوازهای موسیقی سنتی ایرانی,https://fa.wikipedia.org/wiki/%D9%82%D9%85%D8%B1%D8%A7%D9%84%D9%85%D9%84%D9%88%DA%A9_%D9%88%D8%B2%DB%8C%D8%B1%DB%8C,Death
1338,7.0,27,ابراهیم حکیمی,سیاستمدار و نخست وزیر دورهٔ محمدرضاشاه پهلوی,https://fa.wikipedia.org/wiki/%D8%A7%D8%A8%D8%B1%D8%A7%D9%87%DB%8C%D9%85_%D8%AD%DA%A9%DB%8C%D9%85%DB%8C,Death
1338,10.0,13,نیما یوشیج,شاعر ایرانی، ملقب به «پدر شعر نوِ فارسی»,https://fa.wikipedia.org/wiki/%D9%86%DB%8C%D9%85%D8%A7_%DB%8C%D9%88%D8%B4%DB%8C%D8%AC,Death
1342,6.0,11,نظامی و نخست وزیر ایران,,https://fa.wikipedia.org/wiki/%D9%81%D8%B6%D9%84%E2%80%8C%D8%A7%D9%84%D9%84%D9%87_%D8%B2%D8%A7%D9%87%D8%AF%DB%8C,Death
1343,4.0,21,حسین علاء: سیاستمدار و نخست وزیر ایران در دوره پهلوی,,https://fa.wikipedia.org/wiki/%D8%AD%D8%B3%DB%8C%D9%86_%D8%B9%D9%84%D8%A7%D8%A1,Death
1343,,,مستوره افشار,فعال حقوق زنان درجمعیت نسوان وطنخواه,https://fa.wikipedia.org/wiki/%D9%85%D8%B3%D8%AA%D9%88%D8%B1%D9%87_%D8%A7%D9%81%D8%B4%D8%A7%D8%B1,Death
1343,11.0,2,نظام وفا: شاعر ایرانی و استادنیما یوشیج,,https://fa.wikipedia.org/wiki/%D9%86%D8%B8%D8%A7%D9%85_%D9%88%D9%81%D8%A7,Death
1344,,,1-مرتضی محجوبینوازنده پیانو,,https://fa.wikipedia.org/wiki/%D9%85%D8%B1%D8%AA%D8%B6%DB%8C_%D9%85%D8%AD%D8%AC%D9%88%D8%A8%DB%8C,Death
1346,10.0,17,غلامرضا تختی,کشتی گیر ایرانی,https://fa.wikipedia.org/wiki/%D8%BA%D9%84%D8%A7%D9%85%D8%B1%D8%B6%D8%A7_%D8%AA%D8%AE%D8%AA%DB%8C,Death
1347,7.0,21,حسین به,,https://fa.wikipedia.org/wiki/%D8%AD%D8%B3%DB%8C%D9%86_%D8%A8%D9%87%D8%B2%D8%A7%D8%AF,Death
1347,9.0,15,همدانی,پدر صنعت مخابرات ایران,https://fa.wikipedia.org/wiki/%D8%B9%DB%8C%D9%86%E2%80%8C%D8%A7%D9%84%D9%84%D9%87_%D9%85%D8%AD%D9%85%D9%88%D8%AF%DB%8C_%D9%87%D9%85%D8%AF%D8%A7%D9%86%DB%8C,Death
1347,8.0,6,حسین یاحقی,موسیقی دان و نوازنده ویولن,https://fa.wikipedia.org/wiki/%D8%AD%D8%B3%DB%8C%D9%86_%DB%8C%D8%A7%D8%AD%D9%82%DB%8C,Death
1347,8.0,24,رهی معیری,غزل سرای معاصر,https://fa.wikipedia.org/wiki/%D8%B1%D9%87%DB%8C_%D9%85%D8%B9%DB%8C%D8%B1%DB%8C,Death
1347,12.0,1,سید محمد محقق داماد,فقیه و مجتهد,https://fa.wikipedia.org/wiki/%D8%B3%DB%8C%D8%AF_%D9%85%D8%AD%D9%85%D8%AF_%D9%85%D8%AD%D9%82%D9%82_%D8%AF%D8%A7%D9%85%D8%A7%D8%AF,Death
1348,1.0,8,عبدالحسین سپنتا,کارگردان,https://fa.wikipedia.org/wiki/%D8%B9%D8%A8%D8%AF%D8%A7%D9%84%D8%AD%D8%B3%DB%8C%D9%86_%D8%B3%D9%BE%D9%86%D8%AA%D8%A7,Death
1348,4.0,22,خلیل ملکی,سیاستمدار,https://fa.wikipedia.org/wiki/%D8%AE%D9%84%DB%8C%D9%84_%D9%85%D9%84%DA%A9%DB%8C,Death
1348,5.0,19,محمود جم,سیاستمدار,https://fa.wikipedia.org/wiki/%D9%85%D8%AD%D9%85%D9%88%D8%AF_%D8%AC%D9%85,Death
1348,6.0,6,ن طباطبایی,روزنامه نگارونخست وزیرایران در دورانقاجاریه,https://fa.wikipedia.org/wiki/%D8%B3%DB%8C%D8%AF_%D8%B6%DB%8C%D8%A7%D8%A1%D8%A7%D9%84%D8%AF%DB%8C%D9%86_%D8%B7%D8%A8%D8%A7%D8%B7%D8%A8%D8%A7%DB%8C%DB%8C,Death
1348,6.0,18,جلال آل احمد,روشنفکر، نویسنده و مترجم,https://fa.wikipedia.org/wiki/%D8%AC%D9%84%D8%A7%D9%84_%D8%A2%D9%84_%D8%A7%D8%AD%D9%85%D8%AF,Death
1348,11.0,8,سید حسن تقی,,https://fa.wikipedia.org/wiki/%D8%B3%DB%8C%D8%AF_%D8%AD%D8%B3%D9%86_%D8%AA%D9%82%DB%8C%E2%80%8C%D8%B2%D8%A7%D8%AF%D9%87,Death
1348,12.0,12,آقابزرگ تهرانی,کتاب شناس و پژوهشگر,https://fa.wikipedia.org/wiki/%D8%A2%D9%82%D8%A7%D8%A8%D8%B2%D8%B1%DA%AF_%D8%AA%D9%87%D8%B1%D8%A7%D9%86%DB%8C,Death
1349,2.0,16,ب سرشناس ایرانی و استاد زبان و ادبیات فارسی,,https://fa.wikipedia.org/wiki/%D8%A8%D8%AF%DB%8C%D8%B9%E2%80%8C%D8%A7%D9%84%D8%B2%D9%85%D8%A7%D9%86_%D9%81%D8%B1%D9%88%D8%B2%D8%A7%D9%86%D9%81%D8%B1,Death
1350,1.0,6,سید محمدتقی غضنفریخوانساری از فقها قرن چهاردهم,,https://fa.wikipedia.org/wiki/%D8%B3%DB%8C%D8%AF_%D9%85%D8%AD%D9%85%D8%AF%D8%AA%D9%82%DB%8C_%D8%BA%D8%B6%D9%86%D9%81%D8%B1%DB%8C,Death
1350,4.0,5,احمد متین دفتری,سیاستمدار ایرانی,https://fa.wikipedia.org/wiki/%D8%A7%D8%AD%D9%85%D8%AF_%D9%85%D8%AA%DB%8C%D9%86_%D8%AF%D9%81%D8%AA%D8%B1%DB%8C,Death
1350,4.0,13,دآورندهٔ فرهنگ معین.,,https://fa.wikipedia.org/wiki/%D9%85%D8%AD%D9%85%D8%AF_%D9%85%D8%B9%DB%8C%D9%86,Death
1350,6.0,4,علی اکبر فیاض,استاد ادبیات فارسی و مصححتاریخ بیهقی,https://fa.wikipedia.org/wiki/%D8%B9%D9%84%DB%8C%E2%80%8C%D8%A7%DA%A9%D8%A8%D8%B1_%D9%81%DB%8C%D8%A7%D8%B6,Death
1350,7.0,16,شمند,خطیبو از علمایشیعهقرن چهاردهمو نویسنده کتابشب های پیشاور,https://fa.wikipedia.org/wiki/%D8%B3%D9%84%D8%B7%D8%A7%D9%86_%D8%A7%D9%84%D9%88%D8%A7%D8%B9%D8%B8%DB%8C%D9%86_%D8%B4%DB%8C%D8%B1%D8%A7%D8%B2%DB%8C,Death
1351,4.0,5,حسن زیرک,خواننده کُرد,https://fa.wikipedia.org/wiki/%D8%AD%D8%B3%D9%86_%D8%B2%DB%8C%D8%B1%DA%A9,Death
1351,3.0,4,ن خلق,,https://fa.wikipedia.org/wiki/%D9%85%D8%AD%D9%85%D8%AF_%D8%AD%D9%86%DB%8C%D9%81_%D9%86%DA%98%D8%A7%D8%AF,Death
1351,3.0,4,ن خلق,,https://fa.wikipedia.org/wiki/%D8%B3%D8%B9%DB%8C%D8%AF_%D9%85%D8%AD%D8%B3%D9%86,Death
1351,3.0,4,ن خلق,,https://fa.wikipedia.org/wiki/%D8%B9%D9%84%DB%8C_%D8%A7%D8%B5%D8%BA%D8%B1_%D8%A8%D8%AF%DB%8C%D8%B9_%D8%B2%D8%A7%D8%AF%DA%AF%D8%A7%D9%86,Death
1351,3.0,4,ن خلق,,https://fa.wikipedia.org/wiki/%D8%B1%D8%B3%D9%88%D9%84_%D9%85%D8%B4%DA%A9%DB%8C%D9%86_%D9%81%D8%A7%D9%85,Death
1351,3.0,4,ن خلق,,https://fa.wikipedia.org/wiki/%D9%85%D8%AD%D9%85%D9%88%D8%AF_%D8%B9%D8%B3%DA%AF%D8%B1%DB%8C_%D8%B2%D8%A7%D8%AF%D9%87,Death
1352,,,شاعر و نوازندهتاروویولن,,https://fa.wikipedia.org/wiki/%D8%AA%D8%A7%D8%B1,Death
1352,2.0,25,الهی قمشه ای:فقیه,فیلسوف،عارف،شاعر و مترجم قرآن,https://fa.wikipedia.org/wiki/%D9%85%D9%87%D8%AF%DB%8C_%D8%A7%D9%84%D9%87%DB%8C_%D9%82%D9%85%D8%B4%D9%87_%D8%A7%DB%8C,Death
1352,8.0,19,محمد ساعد,سیاستمدار و نخست وزیر ایران در دوره پهلوی,https://fa.wikipedia.org/wiki/%D9%85%D8%AD%D9%85%D8%AF_%D8%B3%D8%A7%D8%B9%D8%AF,Death
1352,4.0,29,باران شد.,,https://fa.wikipedia.org/wiki/%D8%AE%D8%B3%D8%B1%D9%88_%DA%AF%D9%84%D8%B3%D8%B1%D8%AE%DB%8C,Death
1353,7.0,27,نورعلی الهی- عرف,فیلسوف و قاضی ایرانی,https://fa.wikipedia.org/wiki/%D9%86%D9%88%D8%B1%D8%B9%D9%84%DB%8C_%D8%A7%D9%84%D9%87%DB%8C,Death
1353,11.0,1,محمد قریب- بنیان گذار طب نوین کودکان درایران,,https://fa.wikipedia.org/wiki/%D9%85%D8%AD%D9%85%D8%AF_%D9%82%D8%B1%DB%8C%D8%A8,Death
1353,12.0,14,عباس شهریاری,عامل ایرانی ساواک,https://fa.wikipedia.org/wiki/%D8%B9%D8%A8%D8%A7%D8%B3_%D8%B4%D9%87%D8%B1%DB%8C%D8%A7%D8%B1%DB%8C,Death
1353,,,فریدون قاجار- چهارمین فرزند و تنها پسراحمدشاه قاجار,,https://fa.wikipedia.org/wiki/%D8%A7%D8%AD%D9%85%D8%AF%D8%B4%D8%A7%D9%87_%D9%82%D8%A7%D8%AC%D8%A7%D8%B1,Death
1354,1.0,29,بیژن جزنی,فعال سیاسی چپ گرای ایرانی,https://fa.wikipedia.org/wiki/%D8%A8%DB%8C%DA%98%D9%86_%D8%AC%D8%B2%D9%86%DB%8C,Death
1355,4.0,19,عبدالحسین میرسپاسی,روانپزشک |ایرانی (ز.1286),https://fa.wikipedia.org/wiki/%D8%B9%D8%A8%D8%AF%D8%A7%D9%84%D8%AD%D8%B3%DB%8C%D9%86_%D9%85%DB%8C%D8%B1%D8%B3%D9%BE%D8%A7%D8%B3%DB%8C,Death
1355,5.0,1,افشین مقدم,خواننده,https://fa.wikipedia.org/wiki/%D8%A7%D9%81%D8%B4%DB%8C%D9%86_%D9%85%D9%82%D8%AF%D9%85,Death
1355,6.0,13,ریاضی دان,فیلسوف و شاعر,https://fa.wikipedia.org/wiki/%D9%85%D8%AD%D8%B3%D9%86_%D9%87%D8%B4%D8%AA%D8%B1%D9%88%D8%AF%DB%8C,Death
1355,9.0,19,حاج آقا رحیم ارباب,از علمای اصفهان,https://fa.wikipedia.org/wiki/%D8%AD%D8%A7%D8%AC_%D8%A2%D9%82%D8%A7_%D8%B1%D8%AD%DB%8C%D9%85_%D8%A7%D8%B1%D8%A8%D8%A7%D8%A8,Death
1355,10.0,30,نورعلی برومند,استاد موسیقی و نوازنده (ز.1285),https://fa.wikipedia.org/wiki/%D9%86%D9%88%D8%B1%D8%B9%D9%84%DB%8C_%D8%A8%D8%B1%D9%88%D9%85%D9%86%D8%AF,Death
1356,3.0,29,نی,,https://fa.wikipedia.org/wiki/%D8%B9%D9%84%DB%8C_%D8%B4%D8%B1%DB%8C%D8%B9%D8%AA%DB%8C,Death
1356,6.0,26,واروژان,آهنگساز و تنظیم کننده,https://fa.wikipedia.org/wiki/%D9%88%D8%A7%D8%B1%D9%88%DA%98%D8%A7%D9%86,Death
1356,8.0,1,سید مصطفی خمینی,فرزند بزرگروح الله خمینی,https://fa.wikipedia.org/wiki/%D8%B3%DB%8C%D8%AF_%D9%85%D8%B5%D8%B7%D9%81%DB%8C_%D8%AE%D9%85%DB%8C%D9%86%DB%8C,Death
1356,9.0,4,منوچهر اقبال,نخست وزیر ایران,https://fa.wikipedia.org/wiki/%D9%85%D9%86%D9%88%DA%86%D9%87%D8%B1_%D8%A7%D9%82%D8%A8%D8%A7%D9%84,Death
1357,1.0,15,اسدالله علم,نخست وزیر و وزیر دربار,https://fa.wikipedia.org/wiki/%D8%A7%D8%B3%D8%AF%D8%A7%D9%84%D9%84%D9%87_%D8%B9%D9%84%D9%85,Death
1357,7.0,23,ن اشنی,فقیه,https://fa.wikipedia.org/wiki/%D9%86%D9%88%D8%B1%D8%A7%D9%84%D8%AF%DB%8C%D9%86_%D8%A7%D8%B4%D9%86%DB%8C,Death
1357,11.0,23,عبدالعلی بدره ای,آخرین فرماندهنیروی زمینی شاهنشاهی ایرانو فرماندهگارد جاویدان شاهنشاهیبود.,https://fa.wikipedia.org/wiki/%D8%B9%D8%A8%D8%AF%D8%A7%D9%84%D8%B9%D9%84%DB%8C_%D8%A8%D8%AF%D8%B1%D9%87%E2%80%8C%D8%A7%DB%8C,Death
1357,11.0,26,نعمت الله نصیری,سومین رئیس سازمانساواک(ز.1289),https://fa.wikipedia.org/wiki/%D9%86%D8%B9%D9%85%D8%AA%E2%80%8C%D8%A7%D9%84%D9%84%D9%87_%D9%86%D8%B5%DB%8C%D8%B1%DB%8C,Death
1357,11.0,26,رضا ناجی,فرماندار نظامی اصفهان,https://fa.wikipedia.org/wiki/%D8%B1%D8%B6%D8%A7_%D9%86%D8%A7%D8%AC%DB%8C,Death
1357,11.0,26,منوچهر خسروداد,نظامی و آخرین فرمانده هوانیروز (ز.1306),https://fa.wikipedia.org/wiki/%D9%85%D9%86%D9%88%DA%86%D9%87%D8%B1_%D8%AE%D8%B3%D8%B1%D9%88%D8%AF%D8%A7%D8%AF,Death
1357,12.0,17,جعفر قلی صدری,رئیس شهربانی (ز.1290),https://fa.wikipedia.org/wiki/%D8%AC%D8%B9%D9%81%D8%B1_%D9%82%D9%84%DB%8C_%D8%B5%D8%AF%D8%B1%DB%8C,Death
1357,12.0,22,نادر جهانبانی,نظامی (ز.1307),https://fa.wikipedia.org/wiki/%D9%86%D8%A7%D8%AF%D8%B1_%D8%AC%D9%87%D8%A7%D9%86%D8%A8%D8%A7%D9%86%DB%8C,Death
1357,,,عبدالوهاب اقبال- مالکان خراسان,استاندار کرمان، نمایندهحوزه انتخابیه کاشمردرمجلس شورای ملیو نایب التولیهحرم فاطمه معصومهدرقم(ز.1285),https://fa.wikipedia.org/wiki/%D8%AD%D9%88%D8%B2%D9%87_%D8%A7%D9%86%D8%AA%D8%AE%D8%A7%D8%A8%DB%8C%D9%87_%DA%A9%D8%A7%D8%B4%D9%85%D8%B1%D8%8C_%D8%A8%D8%B1%D8%AF%D8%B3%DA%A9%D9%86%D8%8C_%D8%AE%D9%84%DB%8C%D9%84%E2%80%8C%D8%A2%D8%A8%D8%A7%D8%AF_%D9%88_%DA%A9%D9%88%D9%87%D8%B3%D8%B1%D8%AE,Death
1358,,,ر ورزشی و بنیانگذارباشگاه فرهنگی ورزشی پرسپولیس تهران.,,https://fa.wikipedia.org/wiki/%D8%A8%D8%A7%D8%B4%DA%AF%D8%A7%D9%87_%D9%81%D8%B1%D9%87%D9%86%DA%AF%DB%8C_%D9%88%D8%B1%D8%B2%D8%B4%DB%8C_%D9%BE%D8%B1%D8%B3%D9%BE%D9%88%D9%84%DB%8C%D8%B3_%D8%AA%D9%87%D8%B1%D8%A7%D9%86,Death
1360,,,گماشته منزلرضاخانو بعدها از افراد معروف دربار پهلوی,,https://fa.wikipedia.org/wiki/%D8%B1%D8%B6%D8%A7%D8%AE%D8%A7%D9%86,Death
1362,1.0,2,عبدالله انتظام,سیاستمدار,https://fa.wikipedia.org/wiki/%D8%B9%D8%A8%D8%AF%D8%A7%D9%84%D9%84%D9%87_%D8%A7%D9%86%D8%AA%D8%B8%D8%A7%D9%85,Death
1362,1.0,25,رضا چراغی,نظامی,https://fa.wikipedia.org/wiki/%D8%B1%D8%B6%D8%A7_%DA%86%D8%B1%D8%A7%D8%BA%DB%8C,Death
1362,5.0,14,بایجانی,,https://fa.wikipedia.org/wiki/%D8%B1%D8%A8%D8%A7%D8%A8%D9%87_%D9%85%D8%B1%D8%A7%D8%AF%D8%A7%D9%88%D8%A7,Death
1362,5.0,18,امین الله آندره حسین,آهنگساز ایرانی ساکن فرانسه,https://fa.wikipedia.org/wiki/%D8%A7%D9%85%DB%8C%D9%86%E2%80%8C%D8%A7%D9%84%D9%84%D9%87_%D8%A2%D9%86%D8%AF%D8%B1%D9%87_%D8%AD%D8%B3%DB%8C%D9%86,Death
1362,10.0,17,لطف الله مفخم پایان,موسیقی دان,https://fa.wikipedia.org/wiki/%D9%84%D8%B7%D9%81%E2%80%8C%D8%A7%D9%84%D9%84%D9%87_%D9%85%D9%81%D8%AE%D9%85_%D9%BE%D8%A7%DB%8C%D8%A7%D9%86,Death
1362,11.0,18,ارتشبد غلامعلی اویسی,ارتشبدنیروی زمینی شاهنشاهی,https://fa.wikipedia.org/wiki/%D8%A7%D8%B1%D8%AA%D8%B4%D8%A8%D8%AF_%D8%BA%D9%84%D8%A7%D9%85%D8%B9%D9%84%DB%8C_%D8%A7%D9%88%DB%8C%D8%B3%DB%8C,Death
1362,11.0,24,رضا رادمنش,از اعضایحزب توده,https://fa.wikipedia.org/wiki/%D8%B1%D8%B6%D8%A7_%D8%B1%D8%A7%D8%AF%D9%85%D9%86%D8%B4,Death
1362,12.0,6,بهرام افضلی,ناخدا یکمنیروی دریایی ارتش جمهوری اسلامی ایرانو فرمانده آن نیرو طی سال های 1359 تا 1362,https://fa.wikipedia.org/wiki/%D8%A8%D9%87%D8%B1%D8%A7%D9%85_%D8%A7%D9%81%D8%B6%D9%84%DB%8C,Death
1362,12.0,17,محمد ابراهیم همت,نظامی و معلم,https://fa.wikipedia.org/wiki/%D9%85%D8%AD%D9%85%D8%AF_%D8%A7%D8%A8%D8%B1%D8%A7%D9%87%DB%8C%D9%85_%D9%87%D9%85%D8%AA,Death
1363,,,ایراندخت,بزرگترین فرزنداحمدشاه قاجار,https://fa.wikipedia.org/wiki/%DB%B1%DB%B2%DB%B9%DB%B4,Death
1363,2.0,13,محمد تقی کهنمویی,بازیگر,https://fa.wikipedia.org/wiki/%D9%85%D8%AD%D9%85%D8%AF_%D8%AA%D9%82%DB%8C_%DA%A9%D9%87%D9%86%D9%85%D9%88%DB%8C%DB%8C,Death
1363,2.0,24,حبیب یغمایی,شاعر,https://fa.wikipedia.org/wiki/%D8%AD%D8%A8%DB%8C%D8%A8_%DB%8C%D8%BA%D9%85%D8%A7%DB%8C%DB%8C,Death
1363,5.0,18,ابوالقاسم پاینده,نویسنده و مترجم,https://fa.wikipedia.org/wiki/%D8%A7%D8%A8%D9%88%D8%A7%D9%84%D9%82%D8%A7%D8%B3%D9%85_%D9%BE%D8%A7%DB%8C%D9%86%D8%AF%D9%87,Death
1363,5.0,28,رویسیارهناهیدبه نام ویاندامینامگذاری شده است.,,https://fa.wikipedia.org/wiki/%D8%A2%D8%B0%D8%B1_%D8%A7%D9%86%D8%AF%D8%A7%D9%85%DB%8C,Death
1363,7.0,4,محمود تفضلی,مترجم,https://fa.wikipedia.org/wiki/%D9%85%D8%AD%D9%85%D9%88%D8%AF_%D8%AA%D9%81%D8%B6%D9%84%DB%8C,Death
1363,7.0,19,آیت الله میرزا خلیل کمره ای,نویسنده، محقق و فیلسوف الهی,https://fa.wikipedia.org/wiki/%D8%A2%DB%8C%D8%AA%E2%80%8C%D8%A7%D9%84%D9%84%D9%87_%D9%85%DB%8C%D8%B1%D8%B2%D8%A7_%D8%AE%D9%84%DB%8C%D9%84_%DA%A9%D9%85%D8%B1%D9%87%E2%80%8C%D8%A7%DB%8C,Death
1363,7.0,19,سید کریم امیری فیروزکوهی,شاعر,https://fa.wikipedia.org/wiki/%D8%B3%DB%8C%D8%AF_%DA%A9%D8%B1%DB%8C%D9%85_%D8%A7%D9%85%DB%8C%D8%B1%DB%8C_%D9%81%DB%8C%D8%B1%D9%88%D8%B2%DA%A9%D9%88%D9%87%DB%8C,Death
1363,9.0,3,محمود کریمی,موسیقی دان,https://fa.wikipedia.org/wiki/%D9%85%D8%AD%D9%85%D9%88%D8%AF_%DA%A9%D8%B1%DB%8C%D9%85%DB%8C_(%D9%85%D9%88%D8%B3%DB%8C%D9%82%DB%8C%E2%80%8C%D8%AF%D8%A7%D9%86),Death
1363,9.0,12,بهرام صادقی,نویسنده,https://fa.wikipedia.org/wiki/%D8%A8%D9%87%D8%B1%D8%A7%D9%85_%D8%B5%D8%A7%D8%AF%D9%82%DB%8C,Death
1363,10.0,20,غلام عباس آرام,سیاستمدار و از وزیران امور خارجه ایران در دوره پهلوی.,https://fa.wikipedia.org/wiki/%D8%BA%D9%84%D8%A7%D9%85%E2%80%8C%D8%B9%D8%A8%D8%A7%D8%B3_%D8%A2%D8%B1%D8%A7%D9%85,Death
1363,10.0,20,احمد خوانساری,شیعه و مرجع تقلید,https://fa.wikipedia.org/wiki/%D8%B3%DB%8C%D8%AF_%D8%A7%D8%AD%D9%85%D8%AF_%D8%AE%D9%88%D8%A7%D9%86%D8%B3%D8%A7%D8%B1%DB%8C,Death
1363,12.0,22,حسین گل گلاب,شاعر,https://fa.wikipedia.org/wiki/%D8%AD%D8%B3%DB%8C%D9%86_%DA%AF%D9%84%E2%80%8C%DA%AF%D9%84%D8%A7%D8%A8,Death
1363,10.0,25,باکری,فرمانده سپاه,https://fa.wikipedia.org/wiki/%D9%85%D9%87%D8%AF%DB%8C_%D8%A8%D8%A7%DA%A9%D8%B1%DB%8C,Death
1363,12.0,26,علی اکبر شهنازی,نوازنده,https://fa.wikipedia.org/wiki/%D8%B9%D9%84%DB%8C_%D8%A7%DA%A9%D8%A8%D8%B1_%D8%B4%D9%87%D9%86%D8%A7%D8%B2%DB%8C,Death
1364,3.0,9,فریدون توللی,شاعر,https://fa.wikipedia.org/wiki/%D9%81%D8%B1%DB%8C%D8%AF%D9%88%D9%86_%D8%AA%D9%88%D9%84%D9%84%DB%8C,Death
1364,3.0,31,منوچهری تنکابنیدرپاریسارتشبدنیروی زمینی شاهنشاهیوفرمانده آن نیرو,,https://fa.wikipedia.org/wiki/%D8%A8%D9%87%D8%B1%D8%A7%D9%85_%D8%A2%D8%B1%DB%8C%D8%A7%D9%86%D8%A7,Death
1364,4.0,17,ربانی املشی,روحانی و سیاست مدار,https://fa.wikipedia.org/wiki/%D9%85%D8%AD%D9%85%D8%AF%D9%85%D9%87%D8%AF%DB%8C_%D8%B1%D8%A8%D8%A7%D9%86%DB%8C_%D8%A7%D9%85%D9%84%D8%B4%DB%8C,Death
1364,8.0,4,یحیی آرین پور,نویسنده و محقق,https://fa.wikipedia.org/wiki/%DB%8C%D8%AD%DB%8C%DB%8C_%D8%A2%D8%B1%DB%8C%D9%86_%D9%BE%D9%88%D8%B1,Death
1364,9.0,2,نویسنده,,https://fa.wikipedia.org/wiki/%D8%BA%D9%84%D8%A7%D9%85%D8%AD%D8%B3%DB%8C%D9%86_%D8%B3%D8%A7%D8%B9%D8%AF%DB%8C,Death
1364,12.0,1,فضل الله محلاتی,روحانی و نماینده ولی فقیه درسپاه پاسداران انقلاب اسلامی,https://fa.wikipedia.org/wiki/%D9%81%D8%B6%D9%84%E2%80%8C%D8%A7%D9%84%D9%84%D9%87_%D9%85%D8%AD%D9%84%D8%A7%D8%AA%DB%8C,Death
1364,10.0,1,ن رحیمی,روحانی,https://fa.wikipedia.org/wiki/%D8%B3%DB%8C%D8%AF_%D9%86%D9%88%D8%B1%D8%A7%D9%84%D8%AF%DB%8C%D9%86_%D8%B1%D8%AD%DB%8C%D9%85%DB%8C,Death
1364,12.0,1,عبدالباقی درویش,خلبان,https://fa.wikipedia.org/wiki/%D8%B9%D8%A8%D8%AF%D8%A7%D9%84%D8%A8%D8%A7%D9%82%DB%8C_%D8%AF%D8%B1%D9%88%DB%8C%D8%B4,Death
1364,12.0,10,غلامحسین بنان,خواننده,https://fa.wikipedia.org/wiki/%D8%BA%D9%84%D8%A7%D9%85%D8%AD%D8%B3%DB%8C%D9%86_%D8%A8%D9%86%D8%A7%D9%86,Death
1365,1.0,14,سید محمدکاظم شریعتمداری,مرجع تقلید شیعه,https://fa.wikipedia.org/wiki/%D8%B3%DB%8C%D8%AF_%D9%85%D8%AD%D9%85%D8%AF%DA%A9%D8%A7%D8%B8%D9%85_%D8%B4%D8%B1%DB%8C%D8%B9%D8%AA%D9%85%D8%AF%D8%A7%D8%B1%DB%8C,Death
1365,2.0,7,آتش خیر,بازیگر,https://fa.wikipedia.org/wiki/%D8%A2%D8%AA%D8%B4_%D8%AE%DB%8C%D8%B1,Death
1365,3.0,14,سید عباس جولایی,فرمانده,https://fa.wikipedia.org/w/index.php?title=%D8%B3%DB%8C%D8%AF_%D8%B9%D8%A8%D8%A7%D8%B3_%D8%AC%D9%88%D9%84%D8%A7%DB%8C%DB%8C&action=edit&redlink=1,Death
1365,3.0,19,ذبیح الله منصوری,مترجم,https://fa.wikipedia.org/wiki/%D8%B0%D8%A8%DB%8C%D8%AD%E2%80%8C%D8%A7%D9%84%D9%84%D9%87_%D9%85%D9%86%D8%B5%D9%88%D8%B1%DB%8C,Death
1365,4.0,23,شیرازی,شاعر,https://fa.wikipedia.org/wiki/%D9%85%D9%87%D8%AF%DB%8C_%D8%AD%D9%85%DB%8C%D8%AF%DB%8C_%D8%B4%DB%8C%D8%B1%D8%A7%D8%B2%DB%8C,Death
1365,7.0,2,علی اکبر خوشدل,شاعر,https://fa.wikipedia.org/wiki/%D8%AE%D9%88%D8%B4%D8%AF%D9%84_%D8%AA%D9%87%D8%B1%D8%A7%D9%86%DB%8C,Death
1365,8.0,9,سلمان هراتی,شاعر,https://fa.wikipedia.org/wiki/%D8%B3%D9%84%D9%85%D8%A7%D9%86_%D9%87%D8%B1%D8%A7%D8%AA%DB%8C,Death
1365,8.0,18,کریم کشاورز,مترجم,https://fa.wikipedia.org/wiki/%DA%A9%D8%B1%DB%8C%D9%85_%DA%A9%D8%B4%D8%A7%D9%88%D8%B1%D8%B2,Death
1365,7.0,27,حقوقدان,,https://fa.wikipedia.org/wiki/%D9%85%D9%86%D9%88%DA%86%D9%87%D8%B1_%D8%A8%D8%B2%D8%B1%DA%AF%D9%85%D9%87%D8%B1,Death
1365,8.0,28,محمدتقی مدرس رضوی,استاد ممتاز دانشگاه تهران,https://fa.wikipedia.org/wiki/%D9%85%D8%AD%D9%85%D8%AF%D8%AA%D9%82%DB%8C_%D9%85%D8%AF%D8%B1%D8%B3_%D8%B1%D8%B6%D9%88%DB%8C,Death
1365,11.0,18,سید محسن صفوی,فرمانده,https://fa.wikipedia.org/wiki/%D8%B3%DB%8C%D8%AF_%D9%85%D8%AD%D8%B3%D9%86_%D8%B5%D9%81%D9%88%DB%8C,Death
1365,,,کارگردان,,https://fa.wikipedia.org/wiki/%D8%B3%D8%B9%DB%8C%D8%AF_%D9%86%DB%8C%D9%88%D9%86%D8%AF%DB%8C,Death
1366,1.0,24,غلامحسین بیگجه خانی,,https://fa.wikipedia.org/wiki/%D8%BA%D9%84%D8%A7%D9%85%D8%AD%D8%B3%DB%8C%D9%86_%D8%A8%DB%8C%DA%AF%D8%AC%D9%87%E2%80%8C%D8%AE%D8%A7%D9%86%DB%8C,Death
1366,2.0,2,خوانساری,خواننده,https://fa.wikipedia.org/wiki/%D9%85%D8%AD%D9%85%D9%88%D8%AF_%D9%85%D8%AD%D9%85%D9%88%D8%AF%DB%8C_%D8%AE%D9%88%D8%A7%D9%86%D8%B3%D8%A7%D8%B1%DB%8C,Death
1366,2.0,28,حسین فردوست,نظامی,https://fa.wikipedia.org/wiki/%D8%AD%D8%B3%DB%8C%D9%86_%D9%81%D8%B1%D8%AF%D9%88%D8%B3%D8%AA,Death
1366,3.0,12,فاطمه پهلوی,,https://fa.wikipedia.org/wiki/%D9%81%D8%A7%D8%B7%D9%85%D9%87_%D9%BE%D9%87%D9%84%D9%88%DB%8C,Death
1367,,,سامی تحصنی,بازیگر سینما و تئاتر,https://fa.wikipedia.org/wiki/%D8%B3%D8%A7%D9%85%DB%8C_%D8%AA%D8%AD%D8%B5%D9%86%DB%8C,Death
1367,,,شهیدایاز محمد,,https://fa.wikipedia.org/w/index.php?title=%D8%A7%DB%8C%D8%A7%D8%B2_%D9%85%D8%AD%D9%85%D8%AF%D8%B2%D8%A7%D8%AF%D9%87_%D8%AA%D9%88%D9%84%D9%88%D9%86&action=edit&redlink=1,Death
1367,1.0,19,دانشی,دوبلور,https://fa.wikipedia.org/wiki/%D8%A2%D8%B0%D8%B1_%D8%AF%D8%A7%D9%86%D8%B4%DB%8C,Death
1368,,,سید کامل امامی,شاعر,https://fa.wikipedia.org/wiki/%D8%B3%DB%8C%D8%AF_%DA%A9%D8%A7%D9%85%D9%84_%D8%A7%D9%85%D8%A7%D9%85%DB%8C,Death
1368,,,عزت الله یزدان پناه,سیاستمدار,https://fa.wikipedia.org/wiki/%D8%B9%D8%B2%D8%AA%E2%80%8C%D8%A7%D9%84%D9%84%D9%87_%DB%8C%D8%B2%D8%AF%D8%A7%D9%86%E2%80%8C%D9%BE%D9%86%D8%A7%D9%87,Death
1368,,,ابراهیم زمانی آشتیانی,نویسنده و فیلم نامه نویس,https://fa.wikipedia.org/wiki/%D8%A7%D8%A8%D8%B1%D8%A7%D9%87%DB%8C%D9%85_%D8%B2%D9%85%D8%A7%D9%86%DB%8C_%D8%A2%D8%B4%D8%AA%DB%8C%D8%A7%D9%86%DB%8C,Death
1368,1.0,6,فاطمه مدرسی,مترجم، نویسنده و از اعضایحزب توده ایران,https://fa.wikipedia.org/wiki/%D9%81%D8%A7%D8%B7%D9%85%D9%87_%D9%85%D8%AF%D8%B1%D8%B3%DB%8C,Death
1369,,,ن جزایری,حقوقدان و وکیل,https://fa.wikipedia.org/wiki/%D8%B4%D9%85%D8%B3%E2%80%8C%D8%A7%D9%84%D8%AF%DB%8C%D9%86_%D8%AC%D8%B2%D8%A7%DB%8C%D8%B1%DB%8C,Death
1369,1.0,2,پارسا تویسرکانی,نویسنده و شاعر,https://fa.wikipedia.org/wiki/%D9%BE%D8%A7%D8%B1%D8%B3%D8%A7_%D8%AA%D9%88%DB%8C%D8%B3%D8%B1%DA%A9%D8%A7%D9%86%DB%8C,Death
1370,1.0,1,علی دریابیگی,کارگردان,https://fa.wikipedia.org/wiki/%D8%B9%D9%84%DB%8C_%D8%AF%D8%B1%DB%8C%D8%A7%D8%A8%DB%8C%DA%AF%DB%8C,Death
1370,1.0,29,عبدالرحمان برومند,فعال سیاسی و عضونهضت مقاومت ملی ایرانو از کشته شدگانقتل های زنجیره ای ایران,https://fa.wikipedia.org/wiki/%D8%B9%D8%A8%D8%AF%D8%A7%D9%84%D8%B1%D8%AD%D9%85%D8%A7%D9%86_%D8%A8%D8%B1%D9%88%D9%85%D9%86%D8%AF,Death
1371,,,محمدحسین یگانه,نوازنده دوتار,https://fa.wikipedia.org/wiki/%D9%85%D8%AD%D9%85%D8%AF%D8%AD%D8%B3%DB%8C%D9%86_%DB%8C%DA%AF%D8%A7%D9%86%D9%87,Death
1371,1.0,16,همدم السلطنه پهلوی,نخستین فرزندرضاشاه پهلوی,https://fa.wikipedia.org/wiki/%D9%87%D9%85%D8%AF%D9%85_%D8%A7%D9%84%D8%B3%D9%84%D8%B7%D9%86%D9%87_%D9%BE%D9%87%D9%84%D9%88%DB%8C,Death
1372,1.0,18,علیرضا افضلی پور,مهندس شیمی و بنیانگذاردانشگاه کرمان,https://fa.wikipedia.org/wiki/%D8%B9%D9%84%DB%8C%D8%B1%D8%B6%D8%A7_%D8%A7%D9%81%D8%B6%D9%84%DB%8C%E2%80%8C%D9%BE%D9%88%D8%B1,Death
1372,1.0,20,شهیدمرتضی آوینی,کارگردان، مستندساز، نویسنده و عکاس,https://fa.wikipedia.org/wiki/%D9%85%D8%B1%D8%AA%D8%B6%DB%8C_%D8%A2%D9%88%DB%8C%D9%86%DB%8C,Death
1372,1.0,20,شهیدمحمدسعید یزدان پرست,مستندساز,https://fa.wikipedia.org/w/index.php?title=%D9%85%D8%AD%D9%85%D8%AF%D8%B3%D8%B9%DB%8C%D8%AF_%DB%8C%D8%B2%D8%AF%D8%A7%D9%86%E2%80%8C%D9%BE%D8%B1%D8%B3%D8%AA&action=edit&redlink=1,Death
1373,,,سیامک یاسمی,کارگردان,https://fa.wikipedia.org/wiki/%D8%B3%DB%8C%D8%A7%D9%85%DA%A9_%DB%8C%D8%A7%D8%B3%D9%85%DB%8C,Death
1373,,,روبرت اکهارت,کارگردان ایرانی ارمنی تبار,https://fa.wikipedia.org/wiki/%D8%B1%D9%88%D8%A8%D8%B1%D8%AA_%D8%A7%DA%A9%D9%87%D8%A7%D8%B1%D8%AA,Death
1374,1.0,20,حسین سرشار,خواننده اپرا,https://fa.wikipedia.org/wiki/%D8%AD%D8%B3%DB%8C%D9%86_%D8%B3%D8%B1%D8%B4%D8%A7%D8%B1,Death
1374,1.0,20,پیمان سنندجی,,https://fa.wikipedia.org/wiki/%D9%BE%DB%8C%D9%85%D8%A7%D9%86_%D8%B3%D9%86%D9%86%D8%AF%D8%AC%DB%8C%E2%80%8C%D8%B2%D8%A7%D8%AF%D9%87,Death
1374,1.0,25,محمدجواد مشکور,زبانشناس و نویسنده,https://fa.wikipedia.org/wiki/%D9%85%D8%AD%D9%85%D8%AF%D8%AC%D9%88%D8%A7%D8%AF_%D9%85%D8%B4%DA%A9%D9%88%D8%B1,Death
1375,,,احمد معینی,بازیگر,https://fa.wikipedia.org/wiki/%D8%A7%D8%AD%D9%85%D8%AF_%D9%85%D8%B9%DB%8C%D9%86%DB%8C,Death
1375,1.0,1,کلارا آبکار,نگارگر، مینیاتوریست و تذهیب کار ایرانی ارمنی تبار,https://fa.wikipedia.org/wiki/%D9%86%DA%AF%D8%A7%D8%B1%DA%AF%D8%B1,Death
1375,1.0,29,جلال مقدم,منتقدوبازیگرسینما.,https://fa.wikipedia.org/wiki/%D9%85%D9%86%D8%AA%D9%82%D8%AF,Death
1376,,,گورگن پیچیکیان,معمار ایرانی ارمنی تبار,https://fa.wikipedia.org/wiki/%DA%AF%D9%88%D8%B1%DA%AF%D9%86_%D9%BE%DB%8C%DA%86%DB%8C%DA%A9%DB%8C%D8%A7%D9%86,Death
1376,,,ن شناس,,https://fa.wikipedia.org/wiki/%D9%86%D9%88%D8%B1%D8%A7%D9%84%D8%AF%DB%8C%D9%86_%D9%85%D8%AF%D8%B1%D8%B3%DB%8C_%DA%86%D9%87%D8%A7%D8%B1%D8%AF%D9%87%DB%8C,Death
1376,1.0,16,مازیار (خواننده),خواننده,https://fa.wikipedia.org/wiki/%D9%85%D8%A7%D8%B2%DB%8C%D8%A7%D8%B1_(%D8%AE%D9%88%D8%A7%D9%86%D9%86%D8%AF%D9%87),Death
1377,1.0,7,لرتا,بازیگر تئاتر و سینما ایرانی ارمنی تبار,https://fa.wikipedia.org/wiki/%D9%84%D8%B1%D8%AA%D8%A7,Death
1377,1.0,14,احمد آرام,مترجم و نویسنده و از تدوین کنندگاندائرةالمعارف فارسی,https://fa.wikipedia.org/wiki/%D8%A7%D8%AD%D9%85%D8%AF_%D8%A2%D8%B1%D8%A7%D9%85,Death
1377,1.0,18,سیروس قایقران,بازیکن فوتبال,https://fa.wikipedia.org/wiki/%D8%B3%DB%8C%D8%B1%D9%88%D8%B3_%D9%82%D8%A7%DB%8C%D9%82%D8%B1%D8%A7%D9%86,Death
1378,1.0,14,احمد آرام,مترجم و نویسنده,https://fa.wikipedia.org/wiki/%D8%A7%D8%AD%D9%85%D8%AF_%D8%A2%D8%B1%D8%A7%D9%85,Death
1378,1.0,19,عفت تجارت چی,اولین خلبان زن ایرانی,https://fa.wikipedia.org/wiki/%D8%B9%D9%81%D8%AA_%D8%AA%D8%AC%D8%A7%D8%B1%D8%AA%E2%80%8C%DA%86%DB%8C,Death
1378,1.0,21,امیر سپهبدعلی صیاد شیرازی,فرماندهنیروی زمینی ارتش جمهوری اسلامی ایران{ترور},https://fa.wikipedia.org/wiki/%D8%B9%D9%84%DB%8C_%D8%B5%DB%8C%D8%A7%D8%AF_%D8%B4%DB%8C%D8%B1%D8%A7%D8%B2%DB%8C,Death
1378,1.0,24,داریوش کوشان,کارگردان,https://fa.wikipedia.org/wiki/%D8%AF%D8%A7%D8%B1%DB%8C%D9%88%D8%B4_%DA%A9%D9%88%D8%B4%D8%A7%D9%86,Death
1379,1.0,4,رافیک آرزومانیان,فیلمبردار و تصویر بردار ایرانی ارمنی تبار,https://fa.wikipedia.org/wiki/%D8%B1%D8%A7%D9%81%DB%8C%DA%A9_%D8%A2%D8%B1%D8%B2%D9%88%D9%85%D8%A7%D9%86%DB%8C%D8%A7%D9%86,Death
1379,1.0,14,عباس سحاب,جغرافی دان و نقشه نگار,https://fa.wikipedia.org/wiki/%D8%B9%D8%A8%D8%A7%D8%B3_%D8%B3%D8%AD%D8%A7%D8%A8,Death
1379,1.0,17,نعمت الله گرجی,بازیگر ایرانی,https://fa.wikipedia.org/wiki/%D9%86%D8%B9%D9%85%D8%AA%E2%80%8C%D8%A7%D9%84%D9%84%D9%87_%DA%AF%D8%B1%D8%AC%DB%8C,Death
1379,1.0,18,ن,بازیگر، کارگردان و کشتی گیر آ,https://fa.wikipedia.org/wiki/%D9%85%D8%AD%D9%85%D8%AF%D8%B9%D9%84%DB%8C_%D9%81%D8%B1%D8%AF%DB%8C%D9%86,Death
1379,1.0,18,سیروس جراح,,https://fa.wikipedia.org/wiki/%D8%B3%DB%8C%D8%B1%D9%88%D8%B3_%D8%AC%D8%B1%D8%A7%D8%AD%E2%80%8C%D8%B2%D8%A7%D8%AF%D9%87,Death
1379,1.0,28,جواد شیخ الاسلامی,تاریخنگار,https://fa.wikipedia.org/wiki/%D8%AC%D9%88%D8%A7%D8%AF_%D8%B4%DB%8C%D8%AE%E2%80%8C%D8%A7%D9%84%D8%A7%D8%B3%D9%84%D8%A7%D9%85%DB%8C,Death
1379,1.0,29,احمد مندوب هاشمی,بازیگر، دوبلور و مجری ایرانی,https://fa.wikipedia.org/wiki/%D8%A7%D8%AD%D9%85%D8%AF_%D9%85%D9%86%D8%AF%D9%88%D8%A8_%D9%87%D8%A7%D8%B4%D9%85%DB%8C,Death
1380,,,محمد دشتی,محقق و نویسنده شیعه,https://fa.wikipedia.org/wiki/%D9%85%D8%AD%D9%85%D8%AF_%D8%AF%D8%B4%D8%AA%DB%8C,Death
1380,1.0,6,محمدعلی گویا,شاعر و طنز پرداز,https://fa.wikipedia.org/wiki/%D9%85%D8%AD%D9%85%D8%AF%D8%B9%D9%84%DB%8C_%DA%AF%D9%88%DB%8C%D8%A7,Death
1380,1.0,11,د,ضرابخانه و چینی سازی در ایران و اولین دانش آموخته مهندسی در ایران,https://fa.wikipedia.org/wiki/%D9%85%D8%AD%D9%85%D8%AF%D8%A8%D8%A7%D9%82%D8%B1_%D9%86%DB%8C%D9%88,Death
1380,1.0,12,خلبان,,https://fa.wikipedia.org/wiki/%D8%AC%D9%84%DB%8C%D9%84_%D8%B2%D9%86%D8%AF%DB%8C,Death
1380,1.0,29,سیاستمدار,,https://fa.wikipedia.org/wiki/%D8%B9%D8%B2%D8%AA%E2%80%8C%D8%A7%D9%84%D9%84%D9%87_%D8%AF%D8%A7%D9%85%D8%A7%D8%AF%DB%8C,Death
1383,1.0,9,سید حسن حسینی,شاعر، مترجم و نویسنده,https://fa.wikipedia.org/wiki/%D8%B3%DB%8C%D8%AF_%D8%AD%D8%B3%D9%86_%D8%AD%D8%B3%DB%8C%D9%86%DB%8C,Death
1383,1.0,12,ژاله کاظمی,دوبلور، گوینده، مجری تلویزیون و نقاش,https://fa.wikipedia.org/wiki/%DA%98%D8%A7%D9%84%D9%87_%DA%A9%D8%A7%D8%B8%D9%85%DB%8C,Death
1383,1.0,14,محمدحسن ابراهیمی,امام جمعهگویان,https://fa.wikipedia.org/wiki/%D9%85%D8%AD%D9%85%D8%AF%D8%AD%D8%B3%D9%86_%D8%A7%D8%A8%D8%B1%D8%A7%D9%87%DB%8C%D9%85%DB%8C,Death
1383,1.0,19,نویسنده و مترجم,,https://fa.wikipedia.org/wiki/%D8%B9%D9%84%D8%A7%D8%A1%D8%A7%D9%84%D8%AF%DB%8C%D9%86_%D9%BE%D8%A7%D8%B2%D8%A7%D8%B1%DA%AF%D8%A7%D8%AF%DB%8C,Death
1384,1.0,3,ن آشتیانی,فیلسوف,https://fa.wikipedia.org/wiki/%D8%B3%DB%8C%D8%AF_%D8%AC%D9%84%D8%A7%D9%84%E2%80%8C%D8%A7%D9%84%D8%AF%DB%8C%D9%86_%D8%A2%D8%B4%D8%AA%DB%8C%D8%A7%D9%86%DB%8C,Death
1384,1.0,4,محمد مددپور,نویسنده، محقق و فیلسوف,https://fa.wikipedia.org/wiki/%D9%85%D8%AD%D9%85%D8%AF_%D9%85%D8%AF%D8%AF%D9%BE%D9%88%D8%B1,Death
1384,1.0,4,مظلوم,,https://fa.wikipedia.org/w/index.php?title=%D9%85%D8%AD%D9%85%D8%AF%D9%85%D9%87%D8%AF%DB%8C_%D9%85%D8%B8%D9%84%D9%88%D9%85%E2%80%8C%D8%B2%D8%A7%D8%AF%D9%87&action=edit&redlink=1,Death
1384,1.0,13,ریت دانشگاه تهران,,https://fa.wikipedia.org/wiki/%D9%81%D8%B6%D9%84%E2%80%8C%D8%A7%D9%84%D9%84%D9%87_%D8%A7%DA%A9%D8%A8%D8%B1%DB%8C,Death
1384,1.0,14,کامران داروغه,نوازنده کمانچه,https://fa.wikipedia.org/wiki/%DA%A9%D8%A7%D9%85%D8%B1%D8%A7%D9%86_%D8%AF%D8%A7%D8%B1%D9%88%D8%BA%D9%87,Death
1384,1.0,19,اسماعیل نواب صفا,نویسنده، محقق، شاعر و ترانه سرا,https://fa.wikipedia.org/wiki/%D8%A7%D8%B3%D9%85%D8%A7%D8%B9%DB%8C%D9%84_%D9%86%D9%88%D8%A7%D8%A8_%D8%B5%D9%81%D8%A7,Death
1384,1.0,23,شاهرخ مسکوب,محقق، نویسنده و مترجم,https://fa.wikipedia.org/wiki/%D8%B4%D8%A7%D9%87%D8%B1%D8%AE_%D9%85%D8%B3%DA%A9%D9%88%D8%A8,Death
1384,1.0,26,بازیگر {بازیگر نقش قوچعلی در مجموعه های تلویزیونیصمد},,https://fa.wikipedia.org/wiki/%D8%B9%D9%84%DB%8C_%D8%B2%D8%A7%D9%87%D8%AF%DB%8C,Death
1385,,,2-سروش خلیلی,بازیگر ایرانی,https://fa.wikipedia.org/wiki/%D8%B3%D8%B1%D9%88%D8%B4_%D8%AE%D9%84%DB%8C%D9%84%DB%8C,Death
1385,,,7-منوچهر همایون پور,خواننده ایرانی,https://fa.wikipedia.org/wiki/%D9%85%D9%86%D9%88%DA%86%D9%87%D8%B1_%D9%87%D9%85%D8%A7%DB%8C%D9%88%D9%86%E2%80%8C%D9%BE%D9%88%D8%B1,Death
1385,,,13-علی اکبر صنعتی,نقاش و مجسمه ساز ایرانی,https://fa.wikipedia.org/wiki/%D8%B9%D9%84%DB%8C%E2%80%8C%D8%A7%DA%A9%D8%A8%D8%B1_%D8%B5%D9%86%D8%B9%D8%AA%DB%8C,Death
1385,,,20-روشن رامی,شاعر ایرانی,https://fa.wikipedia.org/wiki/%D8%B1%D9%88%D8%B4%D9%86_%D8%B1%D8%A7%D9%85%DB%8C,Death
1385,,,27-پوپک گلدره,بازیگر ایرانی,https://fa.wikipedia.org/wiki/%D9%BE%D9%88%D9%BE%DA%A9_%DA%AF%D9%84%D8%AF%D8%B1%D9%87,Death
1385,10.0,29,ن پژوه ایرانی,,https://fa.wikipedia.org/wiki/%D9%85%D8%AD%D9%85%D8%AF%D8%A8%D8%A7%D9%82%D8%B1_%D9%85%D8%AD%D9%85%D9%88%D8%AF%DB%8C,Death
1388,,,فر,کوهنورد ایرانی{مفقود شدن در کوه},https://fa.wikipedia.org/wiki/%D9%85%D9%87%D8%AF%DB%8C_%D8%A7%D8%B9%D8%AA%D9%85%D8%A7%D8%AF%DB%8C%E2%80%8C%D9%81%D8%B1,Death
1388,1.0,1,جه ثقفی,همسرروح الله خمینی.,https://fa.wikipedia.org/wiki/%D8%AE%D8%AF%DB%8C%D8%AC%D9%87_%D8%AB%D9%82%D9%81%DB%8C,Death
1388,1.0,3,اردشیر کشاورزی,نویسنده و مترجم ایرانی,https://fa.wikipedia.org/wiki/%D8%A7%D8%B1%D8%AF%D8%B4%DB%8C%D8%B1_%DA%A9%D8%B4%D8%A7%D9%88%D8%B1%D8%B2%DB%8C,Death
1388,1.0,24,رضا فاضلی,بازیگر و مجری برنامه های تلویزیون.,https://fa.wikipedia.org/wiki/%D8%B1%D8%B6%D8%A7_%D9%81%D8%A7%D8%B6%D9%84%DB%8C,Death
1388,1.0,26,نمین,مورخ ایرانی.,https://fa.wikipedia.org/wiki/%D9%81%D8%B1%D8%AD%E2%80%8C%D8%A8%D8%AE%D8%B4_%D8%B3%D8%AA%D9%88%D8%AF%DB%8C_%D9%86%D9%85%DB%8C%D9%86,Death
1388,,,آهنگساز ایرانی.,,https://fa.wikipedia.org/wiki/%D9%BE%D8%B1%D9%88%DB%8C%D8%B2_%D9%85%D9%82%D8%B5%D8%AF%DB%8C,Death
1388,1.0,31,نصرت الله امینی,سیاست مدار ایرانی,https://fa.wikipedia.org/wiki/%D9%86%D8%B5%D8%B1%D8%AA%E2%80%8C%D8%A7%D9%84%D9%84%D9%87_%D8%A7%D9%85%DB%8C%D9%86%DB%8C,Death
1402,1.0,2,احمد سمیعی گیلانی,مترجم، ویراستار و نویسنده,https://fa.wikipedia.org/wiki/%D8%A7%D8%AD%D9%85%D8%AF_%D8%B3%D9%85%DB%8C%D8%B9%DB%8C_%DA%AF%DB%8C%D9%84%D8%A7%D9%86%DB%8C,Death
1402,1.0,7,نورمحمد ذوالفقاری,بازیگر سینما و تلویزیون,https://fa.wikipedia.org/wiki/%D9%86%D9%88%D8%B1%D9%85%D8%AD%D9%85%D8%AF_%D8%B0%D9%88%D8%A7%D9%84%D9%81%D9%82%D8%A7%D8%B1%DB%8C,Death
1402,1.0,16,کیومرث پوراحمد,کارگردان، تدوین گر و نویسنده,https://fa.wikipedia.org/wiki/%DA%A9%DB%8C%D9%88%D9%85%D8%B1%D8%AB_%D9%BE%D9%88%D8%B1%D8%A7%D8%AD%D9%85%D8%AF,Death
1402,1.0,19,حسن تقی پور,شاعر و آهنگساز,https://fa.wikipedia.org/wiki/%D8%AD%D8%B3%D9%86_%D8%AA%D9%82%DB%8C%E2%80%8C%D9%BE%D9%88%D8%B1,Death
1402,1.0,25,عماد افروغ,نویسنده، جامعه شناس و سیاستمدار,https://fa.wikipedia.org/wiki/%D8%B9%D9%85%D8%A7%D8%AF_%D8%A7%D9%81%D8%B1%D9%88%D8%BA,Death
1402,,,عماد افروغ,نویسنده، جامعه شناس و سیاستمدار,https://fa.wikipedia.org/wiki/%DB%B1%DB%B3%DB%B3%DB%B6_(%D8%AE%D9%88%D8%B1%D8%B4%DB%8C%D8%AF%DB%8C),Death
1402,,,پرویز اذکایی,پژوهشگر تاریخ، جغرافیا، زبان و فرهنگ همدان,https://fa.wikipedia.org/wiki/%DB%B1%DB%B3%DB%B1%DB%B8_(%D8%AE%D9%88%D8%B1%D8%B4%DB%8C%D8%AF%DB%8C),Death
1402,1.0,27,محمد هژبر ابراهیمی,مجسمه ساز,https://fa.wikipedia.org/wiki/%D9%85%D8%AD%D9%85%D8%AF_%D9%87%DA%98%D8%A8%D8%B1_%D8%A7%D8%A8%D8%B1%D8%A7%D9%87%DB%8C%D9%85%DB%8C,Death
1402,1.0,31,خلیل عقاب,سیرک باز، باستانی کار پهلوان، هنرپیشه بنیان گذار سیرک خلیل عقاب و پدر سیرک ایران,https://fa.wikipedia.org/wiki/%D8%AE%D9%84%DB%8C%D9%84_%D8%B9%D9%82%D8%A7%D8%A8,Death
