year,month,day,title,link,category
1301,1.0,12.0,۱ فروردین– تشکیلامنیهدر ایران به ریاستعلی خان سردار رفعتبا ادغام دو نیروی قزاق و ژاندارمری برای محافظت از راه های کشور[۲]. امنیه تحت نظر وزارت جنگ قرار گرفت.,https://fa.wikipedia.org/wiki/%D8%A7%D9%85%D9%86%DB%8C%D9%87,Event
1301,1.0,190.0,۱ فروردین– انحلال بعضی دوایروزارت عدلیهو اتمام خدمت ۹۰ قاضی به دستورعبدالحسین تیمورتاشوزیر عدلیه، به دلیل کسر بودجه[۳],https://fa.wikipedia.org/wiki/%D9%88%D8%B2%D8%A7%D8%B1%D8%AA_%D8%AF%D8%A7%D8%AF%DA%AF%D8%B3%D8%AA%D8%B1%DB%8C,Event
1301,1.0,14.0,۱ فروردین– انحلالگارد شهریاز زیرمجموعه هایاداره نظمیهایران به دلیل کسر بودجه[۴],https://fa.wikipedia.org/w/index.php?title=%DA%AF%D8%A7%D8%B1%D8%AF_%D8%B4%D9%87%D8%B1%DB%8C&action=edit&redlink=1,Event
1301,1.0,1.1300280219164718e+17,۱ فروردین– آمار مرگ و میر تهران در سال۱۳۰۰خورشیدی اعلام شد: ۲۸۰۲ مرد و ۱۹۱۶ زن و در مجموع ۴۷۱۸ نفر.[۵],https://fa.wikipedia.org/wiki/%DB%B1%DB%B3%DB%B0%DB%B0_(%D8%AE%D9%88%D8%B1%D8%B4%DB%8C%D8%AF%DB%8C),Event
1301,1.0,11300145964.0,۱ فروردین–بلدیهطهران آمار کشتار دام تهران در سال ۱۳۰۰ را اعلام کرد: ۱۴۵٬۹۶۴ رأس گوسفند، ۹۸٬۵۸۶ رأس بز، ۱۵۹ رأس بره، ۳٬۷۷۷ رأس گاو، ۵۴۴ رأس گوساله، ۱۵ نفر شتر در مجموع ۲۴۹٬۰۵۵ رأس و معادل ۱٬۹۵۵٬۷۳۳ من گوشت[۵],https://fa.wikipedia.org/wiki/%D8%A8%D9%84%D8%AF%DB%8C%D9%87,Event
1301,1.0,11300249.0,۱ فروردین– آمار تولید و مصرف نان در سال ۱۳۰۰: ۲۴۹ نانوایی، ۹٬۸۱۵٬۸۹۷ من آرد مصرف کرده و ۱۴٬۲۹۱٬۶۷۵ من نان تولید کردند. ۹۰٪ از نان مصرفی تهرانی ها را سنگک و لواش تشکیل می داده است.[۵],#cite_note-Asnad-5,Event
1301,1.0,46.0,۴ فروردین– دیداراحمدشاه قاجاربا رئیس جمهور فرانسه در پاریس[۶],https://fa.wikipedia.org/wiki/%D8%A7%D8%AD%D9%85%D8%AF%D8%B4%D8%A7%D9%87_%D9%82%D8%A7%D8%AC%D8%A7%D8%B1,Event
1301,1.0,67.0,۶ فروردین– پرچمافغانستاندر کنسولگری این کشور درمشهدبالا رفت.[۷],https://fa.wikipedia.org/wiki/%D8%A7%D9%81%D8%BA%D8%A7%D9%86%D8%B3%D8%AA%D8%A7%D9%86,Event
1301,1.0,68.0,۶ فروردین–روزنامه اقدامدر سرمقالهٔ خود ایرانیان را تشویق به حمایت از فلسطین در برابر ظلم انگلستان و یهود کرد.[۸],https://fa.wikipedia.org/wiki/%D8%A7%D9%82%D8%AF%D8%A7%D9%85_(%D8%B1%D9%88%D8%B2%D9%86%D8%A7%D9%85%D9%87),Event
1301,1.0,89.0,۸ فروردین–رضاخانوزیر جنگ در فرمانی مقرر کرد واعظان روحانی در همه بخش های قشون با وعظ و خطابه در راه تحکیم مبانی دینی و تعالیم اخلاقی به افراد قشون مشارکت کنند.[۹],https://fa.wikipedia.org/wiki/%D8%B1%D8%B6%D8%A7%D8%AE%D8%A7%D9%86,Event
1301,1.0,810.0,۸ فروردین– مخالفت روحانیون کاشان و اصفهان باقانون جزای عرفی[۱۰],https://fa.wikipedia.org/w/index.php?title=%D9%82%D8%A7%D9%86%D9%88%D9%86_%D8%AC%D8%B2%D8%A7%DB%8C_%D8%B9%D8%B1%D9%81%DB%8C&action=edit&redlink=1,Event
1301,1.0,911.0,۹ فروردین– به رسمیت شناختن استقلالمصرتوسط دولت ایران[۱۱],https://fa.wikipedia.org/wiki/%D9%85%D8%B5%D8%B1,Event
1301,1.0,10.0,۱۰ فروردین– تأسیساداره کل طرق و شوارع,https://fa.wikipedia.org/w/index.php?title=%D8%A7%D8%AF%D8%A7%D8%B1%D9%87_%DA%A9%D9%84_%D8%B7%D8%B1%D9%82_%D9%88_%D8%B4%D9%88%D8%A7%D8%B1%D8%B9&action=edit&redlink=1,Event
1301,1.0,1112.0,۱۱ فروردین– اعتصاب کارگران هندیشرکت نفت ایران و انگلیس[۱۲],https://fa.wikipedia.org/wiki/%D8%B4%D8%B1%DA%A9%D8%AA_%D9%86%D9%81%D8%AA_%D8%A7%DB%8C%D8%B1%D8%A7%D9%86_%D9%88_%D8%A7%D9%86%DA%AF%D9%84%DB%8C%D8%B3,Event
1301,1.0,1222.0,۱۲ فروردین: تأسیس سکونتگاه کشاورزیگیواتائیمتوسط ۲۲ نفر از دومین گروه مهاجران صهیونیستعلیادر فلسطین. امروزه گیواتائیم بخشی ازتل آویواست. در همین روز سکونگاه مشابهی به نام احوزا A - نیویورک که امروزه با نام شهررعانانامشهور است، توسط شرکتی به همین نام تشکیل شد.,https://fa.wikipedia.org/wiki/%DA%AF%DB%8C%D9%88%D8%A7%D8%AA%D8%A7%D8%A6%DB%8C%D9%85,Event
1301,1.0,1413.0,۱۴ فروردین– انتخاب هیئت رئیسهمجلس شورای ملی[۱۳],https://fa.wikipedia.org/wiki/%D9%85%D8%AC%D9%84%D8%B3_%D8%B4%D9%88%D8%B1%D8%A7%DB%8C_%D9%85%D9%84%DB%8C,Event
1301,1.0,1314.0,۱۳ فروردین– ملاقات میان چند تن ازخوانین کشکولیبا ژنرال کنسول انگلستان بدون اطلاع دولت. گمانه ها حاکی از آن بود که این ملاقات در خصوص عقد یک قرارداد میانشرکت نفت ایران و انگلیسبا خوانین مذکور برای کشف و استخراج نفت بوده است.[۱۴],https://fa.wikipedia.org/wiki/%D8%B7%D8%A7%DB%8C%D9%81%D9%87_%DA%A9%D8%B4%DA%A9%D9%88%D9%84%DB%8C_%D8%A8%D8%B2%D8%B1%DA%AF,Event
1301,1.0,1815.0,۱۸ فروردین– اعتراضآژان هایتبریز به تعویق حقوقشان که منجر به دستگیری ایشان شد.[۱۵],https://fa.wikipedia.org/wiki/%D8%A2%DA%98%D8%A7%D9%86,Event
1301,1.0,1916.0,۱۹ فروردین– آصف السلطنه از طرفاعتضادالسلطنهنایب السلطنه ومعاون الدولهرئیس تشریفات وزارت امور خارجه از طرف هیئت دولت به سفارت آمریکا در تهران رفته و به وزیر مختار تازه وارد تبریک گفتند. وزیر مختار طبق عرف خودش باید ابتدا به دربار می رفت.[۱۶],https://fa.wikipedia.org/wiki/%D8%A7%D8%B9%D8%AA%D8%B6%D8%A7%D8%AF%D8%A7%D9%84%D8%B3%D9%84%D8%B7%D9%86%D9%87,Event
1301,1.0,19.0,۱۹ فروردین– حرکت نیروهای نظامی برای سرکوب امام قلی خان وبویراحمدی هاو سایر یاغیان فارس. یاغیان پس از دیدن قوای دولتی تسلیم شدند.,https://fa.wikipedia.org/wiki/%D8%A8%D9%88%DB%8C%D8%B1%D8%A7%D8%AD%D9%85%D8%AF%DB%8C%E2%80%8C%D9%87%D8%A7,Event
1301,1.0,20130044043000.0,۲۰ فروردین–وزارت معارفآمار دانش آموزان و مدارس را در سال ۱۳۰۰ اعلام کرد: ۴۴۰ باب دبستان دولتی با ۴۳٬۰۰۰ دانش آموز، ۴۶ باب دبیرستان دولتی با ۹۳۰۰ دانش آموز[۱۷],https://fa.wikipedia.org/wiki/%D9%88%D8%B2%D8%A7%D8%B1%D8%AA_%D9%85%D8%B9%D8%A7%D8%B1%D9%81,Event
1301,1.0,2118.0,۲۱ فروردین– اعتصاب کارکنان وزارت داخله به دلیل عقب افتادگی شش ماهه حقوق[۱۸],#cite_note-18,Event
1301,1.0,23.0,۲۳ فروردین– بسته شدن سفارت خانه های ایران در اسپانیا، سوئد، لاهه، بالکان و وینه به دلیل کسر بودجه[۱۹],#cite_note-19,Event
1301,1.0,2420.0,۲۴ فروردین– دیدار رضاخان وزیر جنگ باسر پرسی لورنوزیر مختار انگلیس[۲۰],https://fa.wikipedia.org/wiki/%D9%BE%D8%B1%D8%B3%DB%8C_%D9%84%D9%88%D8%B1%D9%86,Event
1301,1.0,2621.0,۲۶ فروردین– کارگران هندیکمپانی نفت انگلیس و ایرانبه دلیل دستگیریمهاتما گاندیدست از کار کشیدند.[۲۱],https://fa.wikipedia.org/wiki/%D8%B4%D8%B1%DA%A9%D8%AA_%D9%86%D9%81%D8%AA_%D8%A7%D9%86%DA%AF%D9%84%DB%8C%D8%B3_%D9%88_%D8%A7%DB%8C%D8%B1%D8%A7%D9%86,Event
1301,1.0,27.0,۲۷ فروردین– اجتماع گروهی از بازاریان تهران در خانهرضاخان، وزیر جنگ و تشکر از اقدامات وی در برقراری امنیت[۲۲],https://fa.wikipedia.org/wiki/%D8%B1%D8%B6%D8%A7%D8%AE%D8%A7%D9%86,Event
1301,1.0,27.0,۲۷ فروردین– انعقاد قرارداد میان خوانین کشکولی با مسئولین کمپانی نفت جنوب بدون اطلاع دولت، برای اکتشاف و برداشت نفت به این شکل که ابتدا کمپانی بیش از ده هزار تومان به ایشان پرداخت کرده و سپس صدی سه از عایدات به ایشان بپردازد.[۲۳],#cite_note-23,Event
1301,1.0,29607024.0,۲۹ فروردین– تحصن ۶۰ تا ۷۰ نفره ی اهالی مطبوعات و دیگران در مجلس در اعتراض به خودکامگی رضاخان وزیر جنگ و درخواست برای برکناری وی[۲۴],#cite_note-24,Event
1301,1.0,3025.0,۳۰ فروردین–قراسوران هایاسترآبادبه دلیل عدم دریافت حقوق درتلگراف خانه یاین شهر تحصن کردند.[۲۵],https://fa.wikipedia.org/w/index.php?title=%D9%82%D8%B1%D8%A7%D8%B3%D9%88%D8%B1%D8%A7%D9%86&action=edit&redlink=1,Event
1301,1.0,3026.0,۳۰ فروردین– اعلام ممنوعیت خروج طلا و نقره توسطوزارت مالیه[۲۶],https://fa.wikipedia.org/wiki/%D9%88%D8%B2%D8%A7%D8%B1%D8%AA_%D9%85%D8%A7%D9%84%DB%8C%D9%87,Event
1302,1.0,21.0,۲۱ فروردین- قانون ثبت اسناد و املاک به تصویبمجلس شورای ملیرسید.,https://fa.wikipedia.org/wiki/%D9%85%D8%AC%D9%84%D8%B3_%D8%B4%D9%88%D8%B1%D8%A7%DB%8C_%D9%85%D9%84%DB%8C,Event
1303,,,۷- طرحاستیضاحدولترضاخاناز سوی نمایندگان اقلیتمجلس شورای ملیبه رهبریمدرسبه شکست انجامید.[۱],https://fa.wikipedia.org/wiki/%D8%A7%D8%B3%D8%AA%DB%8C%D8%B6%D8%A7%D8%AD,Event
1304,,,تصویب و اصلاحتقویم رسمی ایراندرمجلس شورای ملی,https://fa.wikipedia.org/wiki/%D9%85%D8%AC%D9%84%D8%B3_%D8%B4%D9%88%D8%B1%D8%A7%DB%8C_%D9%85%D9%84%DB%8C,Event
1304,,,انقراضقاجاریهبا برکناریاحمدشاهو به پادشاهی رسیدنرضاشاهپهلوی,https://fa.wikipedia.org/wiki/%D8%A7%D8%AD%D9%85%D8%AF%D8%B4%D8%A7%D9%87,Event
1304,,,ساخت مستندعلفدر ایران توسطمرین سی کوپروارنست بی شودزاک. نخستین مستند مردم نگارانه تاریخ,https://fa.wikipedia.org/wiki/%D9%85%D8%B1%DB%8C%D8%A7%D9%86_%DA%A9%D9%88%D9%BE%D8%B1,Event
1305,10.0,130512.0,نشریهنسوان شرقنشریه ای برای زنان بود که از سال۱۳۰۵خورشیدی دربندر انزلیتوسطمرضیه ضرابیانتشار یافت.[۱][۲],https://fa.wikipedia.org/wiki/%D8%A8%D9%86%D8%AF%D8%B1_%D8%A7%D9%86%D8%B2%D9%84%DB%8C,Event
1305,2.0,4.0,۴ اردیبهشت- تاجگذاریرضاشاه پهلویدر تهران و تأسیس سلسلهٔپهلویدر ایران,https://fa.wikipedia.org/wiki/%D8%B1%D8%B6%D8%A7%D8%B4%D8%A7%D9%87_%D9%BE%D9%87%D9%84%D9%88%DB%8C,Event
1306,,,اردیبهشت- اعلام لغوکاپیتولاسیوندر ایران توسط وزارت امور خارجه ایران,https://fa.wikipedia.org/wiki/%DA%A9%D8%A7%D9%BE%DB%8C%D8%AA%D9%88%D9%84%D8%A7%D8%B3%DB%8C%D9%88%D9%86,Event
1306,2.0,14.0,۱۴ اردیبهشت- تصویب قانون تأسیسبانک ملی ایراندرمجلس شورای ملی,https://fa.wikipedia.org/wiki/%D8%A8%D8%A7%D9%86%DA%A9_%D9%85%D9%84%DB%8C_%D8%A7%DB%8C%D8%B1%D8%A7%D9%86,Event
1306,3.0,16.0,۱۶ خرداد- کناره گیریحسن مستوفی(مستوفی الممالک) از نخست وزیری و انتخابمهدیقلی هدایت(مخبرالسلطنه) به جای وی,https://fa.wikipedia.org/wiki/%D8%AD%D8%B3%D9%86_%D9%85%D8%B3%D8%AA%D9%88%D9%81%DB%8C,Event
1306,6.0,16.0,۱۶ شهریور- تصویب «قانونورزشاجباری در مدارس»,https://fa.wikipedia.org/wiki/%D9%88%D8%B1%D8%B2%D8%B4,Event
1306,7.0,23.0,۲۳ مهر- آغاز عملیات ساختراه آهن سراسری ایران,https://fa.wikipedia.org/wiki/%D8%B1%D8%A7%D9%87%E2%80%8C%D8%A2%D9%87%D9%86_%D8%B3%D8%B1%D8%A7%D8%B3%D8%B1%DB%8C_%D8%A7%DB%8C%D8%B1%D8%A7%D9%86,Event
1306,,,کناره گیریکمال الملکاز کلیه مناسب خود و ترک تهران[نیازمند منبع],https://fa.wikipedia.org/wiki/%D9%88%DB%8C%DA%A9%DB%8C%E2%80%8C%D9%BE%D8%AF%DB%8C%D8%A7:%D9%86%DB%8C%D8%A7%D8%B2%D9%85%D9%86%D8%AF_%D9%85%D9%86%D8%A8%D8%B9,Event
1306,,,شروع به کاردبیرستان ایرانشهر، نخستین دبیرستانیزد,https://fa.wikipedia.org/wiki/%DB%8C%D8%B2%D8%AF,Event
1307,,,تغییر خط در تاجیکستاناز فارسی به لاتین.[۱],#cite_note-1,Event
1307,3.0,1221928.0,۱ خرداد. امضایپیمان دوستی بین افغانستان و ترکیه(۲۲ می ۱۹۲۸),https://fa.wikipedia.org/w/index.php?title=%D9%BE%DB%8C%D9%85%D8%A7%D9%86_%D8%AF%D9%88%D8%B3%D8%AA%DB%8C_%D8%A8%DB%8C%D9%86_%D8%A7%D9%81%D8%BA%D8%A7%D9%86%D8%B3%D8%AA%D8%A7%D9%86_%D9%88_%D8%AA%D8%B1%DA%A9%DB%8C%D9%87&action=edit&redlink=1,Event
1307,3.0,20.0,۲۰ خرداد- آغاز به کاراداره کل احصائیه و سجل احوال,https://fa.wikipedia.org/wiki/%D8%B3%D8%A7%D8%B2%D9%85%D8%A7%D9%86_%D8%AB%D8%A8%D8%AA_%D8%A7%D8%AD%D9%88%D8%A7%D9%84_%DA%A9%D8%B4%D9%88%D8%B1,Event
1307,6.0,20.0,۲۰ شهریور- آغاز به کاربانک ملی ایران,https://fa.wikipedia.org/wiki/%D8%A8%D8%A7%D9%86%DA%A9_%D9%85%D9%84%DB%8C_%D8%A7%DB%8C%D8%B1%D8%A7%D9%86,Event
1307,7.0,16.0,۱۶ مهر- دستگیری و تبعیدسید حسن مدرس,https://fa.wikipedia.org/wiki/%D8%B3%DB%8C%D8%AF_%D8%AD%D8%B3%D9%86_%D9%85%D8%AF%D8%B1%D8%B3,Event
1307,10.0,28.0,۲۸ دی- برکناریامان الله شاهو بر تخت نشستنحبیب الله کلکانیدرکابل,https://fa.wikipedia.org/wiki/%D8%A7%D9%85%D8%A7%D9%86%E2%80%8C%D8%A7%D9%84%D9%84%D9%87_%D8%B4%D8%A7%D9%87,Event
1307,,,شکستدوست محمدخان بارکزاییدرسیستان و بلوچستان,https://fa.wikipedia.org/wiki/%D8%B3%DB%8C%D8%B3%D8%AA%D8%A7%D9%86_%D9%88_%D8%A8%D9%84%D9%88%DA%86%D8%B3%D8%AA%D8%A7%D9%86,Event
1307,,,پایه گذاریانجمن حمایت نسواناز سوی ملکهثریا طرزی.,https://fa.wikipedia.org/wiki/%D8%AB%D8%B1%DB%8C%D8%A7_%D8%B7%D8%B1%D8%B2%DB%8C,Event
1308,4.0,9.0,۹ تیر- با تصویب هیئت دولت، چاپ و تألیف کتاب های درسی دوره ابتدایی در انحصار دولت (وزارت آموزش و پرورش ایران) قرار گرفت.,https://fa.wikipedia.org/wiki/%D9%88%D8%B2%D8%A7%D8%B1%D8%AA_%D8%A2%D9%85%D9%88%D8%B2%D8%B4_%D9%88_%D9%BE%D8%B1%D9%88%D8%B1%D8%B4_%D8%A7%DB%8C%D8%B1%D8%A7%D9%86,Event
1308,,,مهر- افتتاح فاز نخستراه آهن سراسری ایرانحدفاصل ساری تا بندر شاه (بندر ترکمنامروزی).,https://fa.wikipedia.org/wiki/%D8%B1%D8%A7%D9%87%E2%80%8C%D8%A2%D9%87%D9%86_%D8%B3%D8%B1%D8%A7%D8%B3%D8%B1%DB%8C_%D8%A7%DB%8C%D8%B1%D8%A7%D9%86,Event
1308,7.0,211.0,۲۱ مهر- تسخیر و تاراجکابلبه دست نیروهاینادر خان.[۱],https://fa.wikipedia.org/wiki/%DA%A9%D8%A7%D8%A8%D9%84,Event
1308,10.0,27.0,۲۷ اسفند- تبدیل «اداره کل طرق و شوارع» به یک وزارتخانه مستقل به نام«وزارت طرق و شوارع»با تصویبمجلس شورای ملی.,https://fa.wikipedia.org/wiki/%D9%88%D8%B2%D8%A7%D8%B1%D8%AA_%D8%B1%D8%A7%D9%87_%D9%88_%D8%AA%D8%B1%D8%A7%D8%A8%D8%B1%DB%8C,Event
1308,,,تبدیل واحد پول ایران ازتومانبهریال.,https://fa.wikipedia.org/wiki/%D8%B1%DB%8C%D8%A7%D9%84,Event
1308,,,وقوعزلزلهدرشیرواندراستان خراسان شمالی.,https://fa.wikipedia.org/wiki/%D8%B4%DB%8C%D8%B1%D9%88%D8%A7%D9%86,Event
1308,,,تغییر نام «حسین آباد» بهایلامبا تصویبفرهنگستان ایران.,https://fa.wikipedia.org/wiki/%D9%81%D8%B1%D9%87%D9%86%DA%AF%D8%B3%D8%AA%D8%A7%D9%86_%D8%A7%DB%8C%D8%B1%D8%A7%D9%86,Event
1308,,,شورش ایلقشقاییعلیهرضاشاهبه دلیل درگیری با فرماندار نظامی منطقه، سربازگیری اجباری، تحمیل لباس فرنگی و اقامت اجباری سران قشقایی در تهران,https://fa.wikipedia.org/wiki/%D8%B1%D8%B6%D8%A7%D8%B4%D8%A7%D9%87,Event
1309,,,وقوع زلزله شدیدی دردیلمقان(سلماسامروزه),https://fa.wikipedia.org/wiki/%D8%B3%D9%84%D9%85%D8%A7%D8%B3,Event
1309,10.0,12.0,۱۲ دی- نمایش «آبی و رابی»؛ نخستین فیلم بلند داستانی صامت ایرانی، در سینما مایاک.,https://fa.wikipedia.org/wiki/%D8%A2%D8%A8%DB%8C_%D9%88_%D8%B1%D8%A7%D8%A8%DB%8C,Event
1309,,,خرید امتیاز حق انحصاری نشر اسکناس ازبانک شاهنشاهی ایرانو واگذاری آن بهبانک ملی ایرانتوسط دولت ایران.,https://fa.wikipedia.org/wiki/%D8%A8%D8%A7%D9%86%DA%A9_%D9%85%D9%84%DB%8C_%D8%A7%DB%8C%D8%B1%D8%A7%D9%86,Event
1310,,,ساختمسجد جامع قبلهدردهستان کوخرددرشهرستان بستک,https://fa.wikipedia.org/wiki/%D8%AF%D9%87%D8%B3%D8%AA%D8%A7%D9%86_%DA%A9%D9%88%D8%AE%D8%B1%D8%AF,Event
1310,,,پیداسازیو کشفتپه سیلک,https://fa.wikipedia.org/wiki/%D8%AA%D9%BE%D9%87_%D8%B3%DB%8C%D9%84%DA%A9,Event
1311,1.0,1.0,۱ فروردین- تبدیل واحد پول ایران ازقرانبهریال.,https://fa.wikipedia.org/wiki/%D9%82%D8%B1%D8%A7%D9%86,Event
1311,2.0,18.0,۱۸ اردیبهشت- تأسیسدبیرستان فیروز بهرامدر تهران.,https://fa.wikipedia.org/wiki/%D8%AF%D8%A8%DB%8C%D8%B1%D8%B3%D8%AA%D8%A7%D9%86_%D9%81%DB%8C%D8%B1%D9%88%D8%B2_%D8%A8%D9%87%D8%B1%D8%A7%D9%85,Event
1312,5.0,7.0,۷ مرداد- پست خانه ایران در ساختمان تازه ساخت خود درخیابان سپه پیشینآغاز به کار کرد.,https://fa.wikipedia.org/wiki/%D8%AE%DB%8C%D8%A7%D8%A8%D8%A7%D9%86_%D8%B3%D9%BE%D9%87,Event
1312,8.0,30.0,۳۰ آبان- نمایش«دختر لر»؛ نخستین فیلم ناطق ایرانی.,https://fa.wikipedia.org/wiki/%D8%AF%D8%AE%D8%AA%D8%B1_%D9%84%D8%B1,Event
1312,,,انعقاد قرارداد نفتی بین دولتایرانو دولتانگلستان.,https://fa.wikipedia.org/wiki/%D8%A7%D9%86%DA%AF%D9%84%D8%B3%D8%AA%D8%A7%D9%86,Event
1313,5.0,8.0,۸ مرداد-سیل در تبریز.,https://fa.wikipedia.org/wiki/%D8%B3%DB%8C%D9%84_%DB%B1%DB%B3%DB%B1%DB%B3_%D8%AA%D8%A8%D8%B1%DB%8C%D8%B2,Event
1313,10.0,31.0,۳ دی- تصویب تأسیسکانون جهانگردی و اتومبیلرانیدرمجلس شورای ملی.[۱],https://fa.wikipedia.org/wiki/%DA%A9%D8%A7%D9%86%D9%88%D9%86_%D8%AC%D9%87%D8%A7%D9%86%DA%AF%D8%B1%D8%AF%DB%8C_%D9%88_%D8%A7%D8%AA%D9%88%D9%85%D8%A8%DB%8C%D9%84%D8%B1%D8%A7%D9%86%DB%8C_%D8%AC%D9%85%D9%87%D9%88%D8%B1%DB%8C_%D8%A7%D8%B3%D9%84%D8%A7%D9%85%DB%8C_%D8%A7%DB%8C%D8%B1%D8%A7%D9%86,Event
1314,8.0,15.0,۱۵ آبان-تأسیس شرکت سهامی بیمه ایران، به عنوان اولین شرکت بیمه ایرانی,https://fa.wikipedia.org/wiki/%D8%A8%DB%8C%D9%85%D9%87_%D8%A7%DB%8C%D8%B1%D8%A7%D9%86,Event
1314,4.0,21.0,۲۱ تیر-واقعه مسجد گوهرشاد,https://fa.wikipedia.org/wiki/%D9%88%D8%A7%D9%82%D8%B9%D9%87_%D9%85%D8%B3%D8%AC%D8%AF_%DA%AF%D9%88%D9%87%D8%B1%D8%B4%D8%A7%D8%AF,Event
1314,,,شهریور- تغییر نام «دهکرد» بهشهرکردبا تصویبفرهنگستان ایران,https://fa.wikipedia.org/wiki/%D8%B4%D9%87%D8%B1%DA%A9%D8%B1%D8%AF,Event
1314,10.0,17.0,۱۷ دی-کشف حجاب، به فرمانرضا شاهبه سر کردنچادر و چاقچورممنوع می شود. در این روزرضاشاهبه همراه ملکه پهلوی و دختران خود که برای نخستین بار چادر به سر نداشتند به دانشسرای دختران می روند و برایزنان و دختران ایرانسخنرانی می کند.,https://fa.wikipedia.org/wiki/%DA%A9%D8%B4%D9%81_%D8%AD%D8%AC%D8%A7%D8%A8,Event
1316,,,دستگیری اولین زندانیان سیاسی معروف به۵۳ نفردر دورانرضاشاه.,https://fa.wikipedia.org/wiki/%D8%B1%D8%B6%D8%A7%D8%B4%D8%A7%D9%87,Event
1317,2.0,271.0,۲۷ اردیبهشتـ افتتاحتونل کندوان[۱],https://fa.wikipedia.org/wiki/%D8%AA%D9%88%D9%86%D9%84_%DA%A9%D9%86%D8%AF%D9%88%D8%A7%D9%86,Event
1317,6.0,4.0,۴ شهریورـ افتتاحراه آهن سراسری ایران,https://fa.wikipedia.org/wiki/%D8%B1%D8%A7%D9%87%E2%80%8C%D8%A2%D9%87%D9%86_%D8%B3%D8%B1%D8%A7%D8%B3%D8%B1%DB%8C_%D8%A7%DB%8C%D8%B1%D8%A7%D9%86,Event
1318,,,شهریور_ آغاز جنگ جهانی دوم با حملهآلمانبهلهستان.,https://fa.wikipedia.org/wiki/%D8%A2%D9%84%D9%85%D8%A7%D9%86,Event
1318,12.0,1.0,اسفند_ رسیدن اولین خط راه آهن بهقزوین.[۱],https://fa.wikipedia.org/wiki/%D9%82%D8%B2%D9%88%DB%8C%D9%86,Event
1319,,,تاریخ مشروطه ایراننوشتهٔاحمد کسرویبرای نخستین بار منتشر گردید.,https://fa.wikipedia.org/wiki/%D8%A7%D8%AD%D9%85%D8%AF_%DA%A9%D8%B3%D8%B1%D9%88%DB%8C,Event
1319,2.0,41319.0,اولین فرستنده عمومیرادیودرایرانبه ساعت نوزده۴ اردیبهشت۱۳۱۹در تهران با نام «رادیو تهران»(بعدهارادیو ایران) گشایش یافت.,https://fa.wikipedia.org/wiki/%D8%A7%DB%8C%D8%B1%D8%A7%D9%86,Event
1320,5.0,713.0,۷ مرداد-دولت ایراندر پاسخ به اخطاریه ۱۳ روز پیشبریتانیاوشورویکه اتباع آلمانی باید اخراج شوند گفت جای نگرانی نداشته باشند.,https://fa.wikipedia.org/wiki/%D8%A7%DB%8C%D8%B1%D8%A7%D9%86_%D9%BE%D9%87%D9%84%D9%88%DB%8C,Event
1320,6.0,3.0,۳ شهریورـ حملهٔشورویوبریتانیابه ایران درجنگ جهانی دوم.,https://fa.wikipedia.org/wiki/%D8%B4%D9%88%D8%B1%D9%88%DB%8C,Event
1320,6.0,25.0,۲۵ شهریورـ استعفایرضا شاه پهلویو پادشاه شدنمحمدرضا پهلوی، آخرین شاه ایران.,https://fa.wikipedia.org/wiki/%D8%B1%D8%B6%D8%A7_%D8%B4%D8%A7%D9%87_%D9%BE%D9%87%D9%84%D9%88%DB%8C,Event
1321,1.0,21.0,۲۱ فروردین-هایده، خواننده ایرانی,https://fa.wikipedia.org/wiki/%D9%87%D8%A7%DB%8C%D8%AF%D9%87,Event
1321,1.0,21.0,۲۱ فروردین-احمد میر علائی، محقق و استاد دانشگاه,https://fa.wikipedia.org/wiki/%D8%A7%D8%AD%D9%85%D8%AF_%D9%85%DB%8C%D8%B1_%D8%B9%D9%84%D8%A7%D8%A6%DB%8C,Event
1321,2.0,1.0,۱ اردیبهشت-محمد مختاری، شاعر و نویسنده,https://fa.wikipedia.org/wiki/%D9%85%D8%AD%D9%85%D8%AF_%D9%85%D8%AE%D8%AA%D8%A7%D8%B1%DB%8C,Event
1321,3.0,15.0,۱۵ خرداد-عباس دوزدوزانی، اولین وزیر فرهنگ و ارشاد اسلامی ایران بعد از پیروزیانقلاب ایران (۱۳۵۷)، (درگذشت۱۳۹۷),https://fa.wikipedia.org/wiki/%D8%B9%D8%A8%D8%A7%D8%B3_%D8%AF%D9%88%D8%B2%D8%AF%D9%88%D8%B2%D8%A7%D9%86%DB%8C,Event
1321,3.0,30.0,۳۰ خرداد-خسرو معتضد، تاریخ دان و نویسنده,https://fa.wikipedia.org/wiki/%D8%AE%D8%B3%D8%B1%D9%88_%D9%85%D8%B9%D8%AA%D8%B6%D8%AF,Event
1321,4.0,20.0,۲۰ تیر-مهدی فخیم زاده، بازیگر، کارگردان، نویسنده,https://fa.wikipedia.org/wiki/%D9%85%D9%87%D8%AF%DB%8C_%D9%81%D8%AE%DB%8C%D9%85%E2%80%8C%D8%B2%D8%A7%D8%AF%D9%87,Event
1321,5.0,5.0,۵ مرداد-بهمن مفید،بازیگر,https://fa.wikipedia.org/wiki/%D8%A8%D9%87%D9%85%D9%86_%D9%85%D9%81%DB%8C%D8%AF,Event
1321,5.0,5.0,۵ مرداد-حسین عرفانی، دوبلور,https://fa.wikipedia.org/wiki/%D8%AD%D8%B3%DB%8C%D9%86_%D8%B9%D8%B1%D9%81%D8%A7%D9%86%DB%8C,Event
1321,7.0,24.0,۲۴ مهر-منوچهر پوراحمد،کارگردان،تهیه کننده، بازیگر,https://fa.wikipedia.org/wiki/%D9%85%D9%86%D9%88%DA%86%D9%87%D8%B1_%D9%BE%D9%88%D8%B1%D8%A7%D8%AD%D9%85%D8%AF,Event
1321,7.0,27.0,۲۷ مهر-محمود بنفشه خواه، بازیگر,https://fa.wikipedia.org/wiki/%D9%85%D8%AD%D9%85%D9%88%D8%AF_%D8%A8%D9%86%D9%81%D8%B4%D9%87%E2%80%8C%D8%AE%D9%88%D8%A7%D9%87,Event
1321,8.0,17.0,۱۷ آبان-سعید امیرسلیمانی، بازیگر و کارگردان,https://fa.wikipedia.org/wiki/%D8%B3%D8%B9%DB%8C%D8%AF_%D8%A7%D9%85%DB%8C%D8%B1%D8%B3%D9%84%DB%8C%D9%85%D8%A7%D9%86%DB%8C,Event
1321,8.0,20.0,۲۰ آبان-علی باباچاهی، شاعر,https://fa.wikipedia.org/wiki/%D8%B9%D9%84%DB%8C_%D8%A8%D8%A7%D8%A8%D8%A7%DA%86%D8%A7%D9%87%DB%8C,Event
1321,9.0,1.0,۱ آذر-حسن شماعی زاده، آهنگساز، نوازنده، خواننده و ترانه سرا,https://fa.wikipedia.org/wiki/%D8%AD%D8%B3%D9%86_%D8%B4%D9%85%D8%A7%D8%B9%DB%8C%E2%80%8C%D8%B2%D8%A7%D8%AF%D9%87,Event
1321,11.0,26.0,۲۶ بهمن-ناصر ممدوح، دوبلور,https://fa.wikipedia.org/wiki/%D9%86%D8%A7%D8%B5%D8%B1_%D9%85%D9%85%D8%AF%D9%88%D8%AD,Event
1322,9.0,69.0,۶ تا ۹ آذر - برگزاریکنفرانس تهرانبا شرکتچرچیل،روزولتواستالین,https://fa.wikipedia.org/wiki/%DA%86%D8%B1%DA%86%DB%8C%D9%84,Event
1324,11.0,4.0,۴ بهمن-لندن- ویشینسکی معاون کمیسر امور خارجهشورویهر نوع دخالت را در اوضاع داخلیایرانانکار می کند.,https://fa.wikipedia.org/wiki/%D9%84%D9%86%D8%AF%D9%86,Event
1326,9.0,208.0,۲۰ آذرو۸ دی-کشتار الخصاصوکشتار بلد الشیخکه در آن گروه های مسلح صهیونیستیهاگانابه کشتار فلسطینی های غیرنظامی پرداختند.,https://fa.wikipedia.org/wiki/%DB%B8_%D8%AF%DB%8C,Event
1327,4.0,15.0,۱۵ بهمنـ تیراندازی بهمحمدرضا پهلوی، شاه ایران، به دستناصر فخرآراییدردانشگاه تهران,https://fa.wikipedia.org/wiki/%D9%85%D8%AD%D9%85%D8%AF%D8%B1%D8%B6%D8%A7_%D9%BE%D9%87%D9%84%D9%88%DB%8C,Event
1327,,,انتشارآتش خاموشنخستین مجموعهٔ داستانی که به قلم زنی ایرانی چاپ شده است، توسطسیمین دانشور[۱],https://fa.wikipedia.org/wiki/%D8%B3%DB%8C%D9%85%DB%8C%D9%86_%D8%AF%D8%A7%D9%86%D8%B4%D9%88%D8%B1,Event
1328,1.0,15.0,۱۵ فروردین: تأسیس پیمانناتو,https://fa.wikipedia.org/wiki/%D9%86%D8%A7%D8%AA%D9%88,Event
1328,2.0,21111949.0,۲۱ اردیبهشت(۱۱ مهٔ۱۹۴۹) ـ پذیرفته شدناسرائیلبه عنوان پنجاه و نهمین عضوسازمان ملل متحد,https://fa.wikipedia.org/wiki/%DB%B1%DB%B1_%D9%85%D9%87,Event
1328,2.0,21111949.0,۲۱ اردیبهشت(۱۱ مهٔ۱۹۴۹) ـ تغییر نام کشورسیامبهتایلند,https://fa.wikipedia.org/wiki/%DB%B1%DB%B1_%D9%85%D9%87,Event
1329,10.0,20.0,۲۰ دی-تهران-رادیو ایرانپخش برنامه های خود را ازمیدان ارگشروع می کند شبکه رادیویی تااصفهانومشهدرا می پوشاند.,https://fa.wikipedia.org/wiki/%D8%AA%D9%87%D8%B1%D8%A7%D9%86,Event
1329,12.0,29.0,۲۹ اسفند- ملی شدن صنعت نفت ایران،[۱]مجلس سنارأیمجلس شورای ملیرا در مورد ملی شدن صنعت نفت تأیید کرد ومحمدرضا پهلوینیز آن را امضا کرد.,#cite_note-تقویم_۸۵-1,Event
1331,2.0,11.0,۱۱ اردیبهشت- بنای جدید (فعلی)آرامگاه سعدیافتتاح شد.,https://fa.wikipedia.org/wiki/%D8%B3%D8%B9%D8%AF%DB%8C%D9%87,Event
1331,2.0,14.0,۱۴ اردیبهشت-روزنامه هایتهران به استثنای جراید محافظه کار از جمله «اطلاعات» به نام دفاع از میهن، جنگ با «نیویورک تایمز» را که دو روز پیش از آن در مقاله ای «ملی شدن نفت ایران» را اشتباه ایرانیان خوانده بود، آغاز کرده و ضمن حملات متقابل، به تاریخچه و مدیریت این روزنامه و… پرداختند.,https://fa.wikipedia.org/wiki/%D8%B1%D9%88%D8%B2%D9%86%D8%A7%D9%85%D9%87,Event
1331,4.0,30.0,۳۰ تیرـ تیراندازیارتشایران به راهپیمایی هوادارانمحمد مصدقو به قدرت رسیدن دوباره مصدق.,https://fa.wikipedia.org/wiki/%D8%A7%D8%B1%D8%AA%D8%B4,Event
1331,5.0,9.0,۹ مرداد- تعطیلیبانک شاهنشاهیبه دستورمصدق، نخست وزیر وقت.[۱][۲],https://fa.wikipedia.org/wiki/%D8%A8%D8%A7%D9%86%DA%A9_%D8%B4%D8%A7%D9%87%D9%86%D8%B4%D8%A7%D9%87%DB%8C,Event
1331,7.0,30.0,۳۰ مهرـ قطعروابط سیاسی ایران و بریتانیا.,https://fa.wikipedia.org/wiki/%D8%B1%D9%88%D8%A7%D8%A8%D8%B7_%D8%A7%DB%8C%D8%B1%D8%A7%D9%86_%D9%88_%D8%A8%D8%B1%DB%8C%D8%AA%D8%A7%D9%86%DB%8C%D8%A7,Event
1332,5.0,2828.0,۲۸ مرداد-کودتای ۲۸ مردادو خلعدکتر مصدقازنخست وزیری.,https://fa.wikipedia.org/wiki/%DA%A9%D9%88%D8%AF%D8%AA%D8%A7%DB%8C_%DB%B2%DB%B8_%D9%85%D8%B1%D8%AF%D8%A7%D8%AF,Event
1332,7.0,2269.0,۲۲ مهر-کشتار قبیهکه در آن ۶۹ غیرنظامی فلسطینی توسط ارتش اسرائیل و به فرماندهی آریل شارون کشته شدند.,https://fa.wikipedia.org/wiki/%DA%A9%D8%B4%D8%AA%D8%A7%D8%B1_%D9%82%D8%A8%DB%8C%D9%87,Event
1332,,,تاریخ نامعلوم -جلال آل احمدبه علت اختلاف با رهبرانحزب نیروی سوماز آن ها هم کناره می گیرد.,https://fa.wikipedia.org/wiki/%D8%AD%D8%B2%D8%A8_%D9%86%DB%8C%D8%B1%D9%88%DB%8C_%D8%B3%D9%88%D9%85,Event
1332,,,اواخر مهر - بنیانگذاری باشگاه شاهین اصفهان (سپاهانکنونی) توسطمحمود حریری,https://fa.wikipedia.org/wiki/%D9%85%D8%AD%D9%85%D9%88%D8%AF_%D8%AD%D8%B1%DB%8C%D8%B1%DB%8C,Event
1333,3.0,21333.0,۲ خرداد-سیل ۱۳۳۳ خرمشهر.,https://fa.wikipedia.org/wiki/%D8%B3%DB%8C%D9%84_%DB%B1%DB%B3%DB%B3%DB%B3_%D8%AE%D8%B1%D9%85%D8%B4%D9%87%D8%B1,Event
1334,3.0,15.0,حوزه علمیه آیت الله مجتهدیکه یکی از بزرگ ترین و مهم ترینحوزه های علمیه تهراناست؛ توسطاحمد مجتهدی تهرانیبه پیشنهاد برخی از علما و با کمک تجار و مردم در خیابان ۱۵ خرداد شرقی، کوچه شهید مرتضی کیانی، کوچه مسجد آقا تأسیس شد.[۱],https://fa.wikipedia.org/wiki/%D8%AD%D9%88%D8%B2%D9%87_%D8%B9%D9%84%D9%85%DB%8C%D9%87_%D8%AA%D9%87%D8%B1%D8%A7%D9%86,Event
1336,7.0,121.0,۱۲ مهر: پرتاباسپوتنیک-۱، نخستین ماهواره جهان به فضا,https://fa.wikipedia.org/wiki/%D8%A7%D8%B3%D9%BE%D9%88%D8%AA%D9%86%DB%8C%DA%A9-%DB%B1,Event
1336,,,برپاسازی مجددمجسمه شاپورتوسطارتش,https://fa.wikipedia.org/wiki/%D8%A7%D8%B1%D8%AA%D8%B4_%D8%AC%D9%85%D9%87%D9%88%D8%B1%DB%8C_%D8%A7%D8%B3%D9%84%D8%A7%D9%85%DB%8C_%D8%A7%DB%8C%D8%B1%D8%A7%D9%86,Event
1336,,,تصویبملک سیاه کوهبه عنوان نقطهٔ پایانی مرز مشترکایرانوپاکستان,https://fa.wikipedia.org/wiki/%D8%A7%DB%8C%D8%B1%D8%A7%D9%86,Event
1337,1.0,10.0,۱۰ فروردین-علیرضا افتخاری، خواننده سنتی و پاپ,https://fa.wikipedia.org/wiki/%D8%B9%D9%84%DB%8C%D8%B1%D8%B6%D8%A7_%D8%A7%D9%81%D8%AA%D8%AE%D8%A7%D8%B1%DB%8C,Event
1337,4.0,20.0,۲۰ تیر-فریدون عباسی دوانیرئیس سابقسازمان انرژی اتمی,https://fa.wikipedia.org/wiki/%D9%81%D8%B1%DB%8C%D8%AF%D9%88%D9%86_%D8%B9%D8%A8%D8%A7%D8%B3%DB%8C_%D8%AF%D9%88%D8%A7%D9%86%DB%8C,Event
1337,5.0,7.0,۷ مرداد-حسین مرعشی، فعال سیاسی و معاون رئیس جمهور در دولتمحمد خاتمیدررفسنجان,https://fa.wikipedia.org/wiki/%D8%AD%D8%B3%DB%8C%D9%86_%D9%85%D8%B1%D8%B9%D8%B4%DB%8C,Event
1337,8.0,1.0,۱ آبان-علی کردان، وزیر استیضاح شده کشور دولت محمود احمدی نژاد,https://fa.wikipedia.org/wiki/%D8%B9%D9%84%DB%8C_%DA%A9%D8%B1%D8%AF%D8%A7%D9%86,Event
1337,10.0,1.0,۱ دی-یدالله شادمانی، بازیگر,https://fa.wikipedia.org/wiki/%DB%8C%D8%AF%D8%A7%D9%84%D9%84%D9%87_%D8%B4%D8%A7%D8%AF%D9%85%D8%A7%D9%86%DB%8C,Event
1337,10.0,14.0,۱۴ دی-شهره صولتی، خواننده و بازیگر,https://fa.wikipedia.org/wiki/%D8%B4%D9%87%D8%B1%D9%87_%D8%B5%D9%88%D9%84%D8%AA%DB%8C,Event
1337,11.0,3.0,۳ بهمن-حمید درخشان، فوتبالیست سابق تیم ملی ایران,https://fa.wikipedia.org/wiki/%D8%AD%D9%85%DB%8C%D8%AF_%D8%AF%D8%B1%D8%AE%D8%B4%D8%A7%D9%86,Event
1337,10.0,22.0,۲۲ بهمن-مرضیه وحید دستجردی، وزیر بهداشت ایران در دولت دوماحمدی نژادو اولین وزیر زن در تاریخجمهوری اسلامی.,https://fa.wikipedia.org/wiki/%D9%85%D8%B1%D8%B6%DB%8C%D9%87_%D9%88%D8%AD%DB%8C%D8%AF_%D8%AF%D8%B3%D8%AA%D8%AC%D8%B1%D8%AF%DB%8C,Event
1337,12.0,4.0,۴ اسفند-لیلا فروهر، خواننده,https://fa.wikipedia.org/wiki/%D9%84%DB%8C%D9%84%D8%A7_%D9%81%D8%B1%D9%88%D9%87%D8%B1,Event
1337,12.0,27.0,۲۷ اسفند-رؤیا تیموریان، بازیگر,https://fa.wikipedia.org/wiki/%D8%B1%D8%A4%DB%8C%D8%A7_%D8%AA%DB%8C%D9%85%D9%88%D8%B1%DB%8C%D8%A7%D9%86,Event
1338,,,تشکیل شهرشوطدر استانآذربایجان غربی,https://fa.wikipedia.org/wiki/%D8%A2%D8%B0%D8%B1%D8%A8%D8%A7%DB%8C%D8%AC%D8%A7%D9%86_%D8%BA%D8%B1%D8%A8%DB%8C,Event
1339,2.0,4.0,۴ اردیبهشت–لاربه سببزلزله شدیدویران می شود.,https://fa.wikipedia.org/wiki/%D9%84%D8%A7%D8%B1,Event
1339,4.0,19.0,۱۹ تیر–تهران- فرستنده صد کیلوواتی موج کوتاهرادیو ایرانگشوده می شود.,https://fa.wikipedia.org/wiki/%D8%AA%D9%87%D8%B1%D8%A7%D9%86,Event
1339,4.0,26.0,۲۶ تیر– تهران - گسسته شدنمناسبات دیپلماتیکایران ومصر,https://fa.wikipedia.org/wiki/%D9%85%D8%B5%D8%B1,Event
1339,5.0,1233.0,۱۲ امرداد–خارک- نخستینشاه لوله نفتیزیر دریایی که ۳۳ کیلومتر درازای آن است و پایانهگچسارانرا تغذیه می کند آغاز به کار می کند.,https://fa.wikipedia.org/wiki/%D8%AE%D8%A7%D8%B1%DA%A9,Event
1339,5.0,27.0,۲۷ مرداد- بنیانگذاریبانک رفاه کارگران,https://fa.wikipedia.org/wiki/%D8%A8%D8%A7%D9%86%DA%A9_%D8%B1%D9%81%D8%A7%D9%87_%DA%A9%D8%A7%D8%B1%DA%AF%D8%B1%D8%A7%D9%86,Event
1339,6.0,18.0,۱۸ شهریور–بغداد-ایرانوکویتوعربستان سعودیوونزوئلابه همراه کشور میزبانعراق،اوپکرا بنیان می نهند.,https://fa.wikipedia.org/wiki/%D8%A8%D8%BA%D8%AF%D8%A7%D8%AF,Event
1339,10.0,125655.0,۱۲ دی-ایران- ۵۶۵۵ کیلومتر شاه لوله نفتی در درازای یک سال احداث شد,https://fa.wikipedia.org/wiki/%D8%A7%DB%8C%D8%B1%D8%A7%D9%86,Event
1339,10.0,13.0,۱۳ دی-ری–محمد رضا شاه پهلویکارخانجات بافندگی ممتاز که با سرمایه خصوصی و دولتی بنیان شده می گشاید.,https://fa.wikipedia.org/wiki/%D8%B1%DB%8C,Event
1339,12.0,284521908564.0,۲۸ اسفند-ایران- در درازای یکسال ۴۵۲ تراکتور و ۱۹۰ کمباین و ۸۵۶ ماشین کشاورزی با وام ۴ ساله به کشاورزان فروخته شد.,https://fa.wikipedia.org/wiki/%D8%A7%DB%8C%D8%B1%D8%A7%D9%86,Event
1340,9.0,18300.0,۱۸ آذر-هفت تپه-محمد رضا شاه پهلویکارخانه قند خوزستان را می گشاید. این کارخانه در روز ۳۰۰ تن قند تولید می نماید.,https://fa.wikipedia.org/wiki/%D9%87%D9%81%D8%AA_%D8%AA%D9%BE%D9%87,Event
1340,12.0,5.0,۵ اسفند- تأسیسهواپیمایی ملی ایرانبا ادغام دو شرکت ایرانین ایرویز و پرشین ایرویز,https://fa.wikipedia.org/wiki/%D8%A7%DB%8C%D8%B1%D8%A7%D9%86_%D8%A7%DB%8C%D8%B1,Event
1341,5.0,410.0,۴تا۱۰مرداد.سفرمحمدرضا پهلویبهافغانستانوپاکستانبرای میانجی گری.,https://fa.wikipedia.org/wiki/%D9%85%D8%AD%D9%85%D8%AF%D8%B1%D8%B6%D8%A7_%D9%BE%D9%87%D9%84%D9%88%DB%8C,Event
1341,6.0,10122700.0,۱۰ شهریورـزمین لرزه در بوئین زهرا(با حدود ۱۲ هزار کشته و ۲۷۰۰ زخمی),https://fa.wikipedia.org/wiki/%D8%B2%D9%85%DB%8C%D9%86%E2%80%8C%D9%84%D8%B1%D8%B2%D9%87_%D8%A8%D9%88%D8%A6%DB%8C%D9%86%E2%80%8C%D8%B2%D9%87%D8%B1%D8%A7_(%DB%B1%DB%B3%DB%B4%DB%B1),Event
1341,11.0,6.0,همه پرسی۶ بهمنو تصویب اصلاحات منشورانقلاب سفید:تشکیلسپاه دانشتشکیلسپاه بهداشت,https://fa.wikipedia.org/wiki/%D8%A7%D9%86%D9%82%D9%84%D8%A7%D8%A8_%D8%B3%D9%81%DB%8C%D8%AF,Event
1341,10.0,261.0,۲۶ دیـ ماموریتنیروی هوایی شاهنشاهی ایرانبرای حفظ صلح درکنگو.[۱],https://fa.wikipedia.org/wiki/%D9%86%DB%8C%D8%B1%D9%88%DB%8C_%D9%87%D9%88%D8%A7%DB%8C%DB%8C_%D8%B4%D8%A7%D9%87%D9%86%D8%B4%D8%A7%D9%87%DB%8C_%D8%A7%DB%8C%D8%B1%D8%A7%D9%86,Event
1342,3.0,1515.0,۱۵ خرداد-قیام ۱۵ خرداد,https://fa.wikipedia.org/wiki/%D9%82%DB%8C%D8%A7%D9%85_%DB%B1%DB%B5_%D8%AE%D8%B1%D8%AF%D8%A7%D8%AF,Event
1342,4.0,201.0,۲۰ تیر: آغاز کار راه تازهٔفرحزادبهتهران.[۱],https://fa.wikipedia.org/wiki/%D9%81%D8%B1%D8%AD%D8%B2%D8%A7%D8%AF,Event
1342,10.0,30.0,۳۰ دی-محمدرضا پهلویپتروشیمی آبادانرا افتتاح کرد.,https://fa.wikipedia.org/wiki/%D9%85%D8%AD%D9%85%D8%AF%D8%B1%D8%B6%D8%A7_%D9%BE%D9%87%D9%84%D9%88%DB%8C,Event
1342,11.0,29.0,۲۹ بهمن-مجلس شورای ملیلایحه ایجادسپاه بهداشترا تصویب کرد.,https://fa.wikipedia.org/wiki/%D9%85%D8%AC%D9%84%D8%B3_%D8%B4%D9%88%D8%B1%D8%A7%DB%8C_%D9%85%D9%84%DB%8C,Event
1342,12.0,17.0,۱۷ اسفند- تهران -حسنعلی منصورنخست وزیر ایران شد.,https://fa.wikipedia.org/wiki/%D8%AD%D8%B3%D9%86%D8%B9%D9%84%DB%8C_%D9%85%D9%86%D8%B5%D9%88%D8%B1,Event
1343,3.0,17.0,۱۷ خرداد-واشنگتن- دانشگاه جرج تاون بهمحمد رضا شاه پهلویدکترای افتخاری پیشکش می کند.,https://fa.wikipedia.org/wiki/%D9%88%D8%A7%D8%B4%D9%86%DA%AF%D8%AA%D9%86,Event
1343,3.0,19.0,۱۹ خرداد-نیویورک- دانشگاه نیویورک به محمد رضا شاه پهلوی دکترای افتخاری پیشکش می کند.,https://fa.wikipedia.org/wiki/%D9%86%DB%8C%D9%88%DB%8C%D9%88%D8%B1%DA%A9,Event
1343,3.0,21.0,۲۱ خرداد-لس انجلس- دانشگاهکالیفرنیابه محمد رضا شاه پهلوی دکترای افتخاری پیشکش می کند.,https://fa.wikipedia.org/wiki/%D9%84%D8%B3_%D8%A7%D9%86%D8%AC%D9%84%D8%B3,Event
1343,6.0,26.0,۲۶ شهریور-تهران-هایله سلاسیامپراتوراتیوپیبرای دیدار رسمی وارد تهران می شود.,https://fa.wikipedia.org/wiki/%D8%AA%D9%87%D8%B1%D8%A7%D9%86,Event
1343,7.0,21.0,۲۱ مهر: تصویب لایحهکاپیتولاسیوندر مجلس شورای ملی.,https://fa.wikipedia.org/wiki/%DA%A9%D8%A7%D9%BE%DB%8C%D8%AA%D9%88%D9%84%D8%A7%D8%B3%DB%8C%D9%88%D9%86,Event
1343,8.0,26.0,۲۶ آبان- تهران -بودوئنپادشاه بلژیک همراهملکه فا بیولابرای دیدار رسمی وارد تهران می شود.,https://fa.wikipedia.org/wiki/%D8%A8%D9%88%D8%AF%D9%88%D8%A6%D9%86,Event
1343,9.0,30.0,۳۰ آذر-تهران- آیت اللهمطهریوبهشتیومحمد جواد باهنروعلی اکبر هاشمی رفسنجانیدرحسینیه ارشادوعظ می کنند. هزینه بنای این مسجد را بازرگانان تهران پرداخته اند.,https://fa.wikipedia.org/wiki/%D8%AA%D9%87%D8%B1%D8%A7%D9%86,Event
1343,12.0,27.0,۲۷ اسفند: انجام نخستینراهپیمایی فضاییجهان توسطالکسی لئونوفکیهان نوردروسی.,https://fa.wikipedia.org/wiki/%D8%B1%D8%A7%D9%87%D9%BE%DB%8C%D9%85%D8%A7%DB%8C%DB%8C_%D9%81%D8%B6%D8%A7%DB%8C%DB%8C,Event
1344,1.0,2112.0,۲۱ فروردین-تهران– سوء قصد به جانمحمد رضا پهلویدرکاخ مرمربه وسیلهٔ سربازگارد شاهنشاهیشمس آبادییکی از اعضایفداییان اسلام. در یک مصاحبه تلویزیونیاسدالله بادامچیانگفت اسلحه برای کشتن منصور رااکبر هاشمی رفسنجانیتهیه کرده بود.[۱]هاشمی رفسنجانی در مصاحبه دیگری این موضوع را انکار کرد.[۲],https://fa.wikipedia.org/wiki/%D8%AA%D9%87%D8%B1%D8%A7%D9%86,Event
1344,2.0,17.0,۱۷ اردیبهشت-ریودوژانیرو– دانشگاه ریودوژانیرو بهمحمد رضا پهلویدکترای افتخاری می دهد.,https://fa.wikipedia.org/wiki/%D8%B1%DB%8C%D9%88%D8%AF%D9%88%DA%98%D8%A7%D9%86%DB%8C%D8%B1%D9%88,Event
1344,6.0,248.0,۲۴ شهریور-تهران–مجلس شورای ملیومجلس سنالقبآریامهررا به شاهنشاه اعطا می کنند. این عنوان توسطمحمد القاسیوزیر فرهنگمراکشو رئیس بورد اجرایییونسکودر۸ سپتامبربرای قدردانی ازمحمد رضا پهلویپادشاه ایران و کشور ایران درمبارزه با بیسوادیابداع شده است.,https://fa.wikipedia.org/wiki/%D8%AA%D9%87%D8%B1%D8%A7%D9%86,Event
1344,6.0,30.0,۳۰ مهر-تهران- نمایشنامهٔپهلوان اکبر می میردنخستین بار درتالار بیست وپنج شهریوربه نمایش درآمد.,https://fa.wikipedia.org/wiki/%D8%AA%D9%87%D8%B1%D8%A7%D9%86,Event
1344,8.0,935.0,۹ آبان-تهران– خانه سازی برای خانواده های کم در آمد –محمد رضا پهلویشاه ایرانکوی نهم آبانرا که برای سکونت طبقات کم در آمد ساخته شده است افتتاح می کند. آپارتمانهایی برای خانوادههای ۳ تا ۵ نفره ساخته شده است.,https://fa.wikipedia.org/wiki/%D8%AA%D9%87%D8%B1%D8%A7%D9%86,Event
1344,7.0,10.0,۱۰ آبان-تهران– شاهمحمد رضا پهلویدانشگاه صنعتی آریامهررا افتتاح می کند. رشته های مهندسی این دانشگاه بر اساسدانشگاه صنعتی ماساچوستMITمی باشد.,https://fa.wikipedia.org/wiki/%D8%AA%D9%87%D8%B1%D8%A7%D9%86,Event
1344,8.0,19.0,۱۹ آبان-دمشق– دیپلمات های ایرانیسوریهرا ترک می کنند. یکی از وزیران این کشورخوزستانرا عربستان اعلام می کند.,https://fa.wikipedia.org/wiki/%D8%AF%D9%85%D8%B4%D9%82,Event
1344,8.0,2750000.0,۲۷ آبان-مدرس–ایرانوهندقراداد برای ساخت یک پالایشگاه با گنجایش تصفیه ۵۰۰۰۰ بشکه نفت در روز امضا می کنند.,https://fa.wikipedia.org/wiki/%D9%85%D8%AF%D8%B1%D8%B3_(%D8%B4%D9%87%D8%B1),Event
1344,9.0,21.0,۲۱ آذر-تهران- قرارداد ساختذوب آهن ایراندراصفهانبا وجود مخالفت غرب به اینکه ایران به ذوب آهن احتیاج ندارد با شوروی امضا شد.,https://fa.wikipedia.org/wiki/%D8%AA%D9%87%D8%B1%D8%A7%D9%86,Event
1344,9.0,23.0,۲۳ آذر-تهران–شهبانو فرح پهلویکانون پرورش فکری کودکان و نوجوانانرا می گشاید. ریاست عالیه این کانون را علیاحضرت بر عهده دارد. کتابخانه های بسیاری باید تأسیس شود. کتابخانه های سیار برای دهاتها و گروه های تئاتر برای اجرای برنامه به روستاها بروند.,https://fa.wikipedia.org/wiki/%D8%AA%D9%87%D8%B1%D8%A7%D9%86,Event
1344,10.0,3.0,۳ دی-کردستان– میگهای عراقی به دهکده های مرزی حمله می کنند.,https://fa.wikipedia.org/wiki/%DA%A9%D8%B1%D8%AF%D8%B3%D8%AA%D8%A7%D9%86,Event
1344,1.0,521.0,۵ دی-تهران- شاهمحمد رضا پهلویسوء قصد کنندگان به وی درکاخ مرمردر روز۲۱ فروردینو طرح کنندگان این سوء قصد را که همه در انگلیس درس می خوانده اند. را می بخشد.,https://fa.wikipedia.org/wiki/%D8%AA%D9%87%D8%B1%D8%A7%D9%86,Event
1344,10.0,11.0,۱۱ دی-ایران– سازمان مخفیمجاهدین خلق ایرانشکل می گیرد. این گروه هم مذهبی هم کمونیست هستند و خود رامارکسیست اسلامیمی نامند.,https://fa.wikipedia.org/wiki/%D8%A7%DB%8C%D8%B1%D8%A7%D9%86,Event
1344,10.0,20.0,۲۰ دی-تهران– خانواده سلطنتی بهکاخ نیاوراننقل مکان می کند. بنای کاخ ساده است و در میان پارک در بلندیهای تهران جای دارد. این کاخ به هزینه دولت بنا شده و متعلق به دولت است.,https://fa.wikipedia.org/wiki/%D8%AA%D9%87%D8%B1%D8%A7%D9%86,Event
1344,12.0,8.2487700093e+17,۸ اسفند-ایران– جمعیت ایران ۲۴۸۷۷۰۰۰ میلیون نفر است که ۹ میلیون و ۳۰۰۰۰۰ شهرنشین و ۱۵، ۵ میلیون نفر روستانشین هستند.,https://fa.wikipedia.org/wiki/%D8%A7%DB%8C%D8%B1%D8%A7%D9%86,Event
1344,12.0,25.0,۲۵ اسفند-خارک–محمد رضا پهلویشاه ایران، بزرگترین بندر نفتی دنیا را می گشاید.,https://fa.wikipedia.org/wiki/%D8%AE%D8%A7%D8%B1%DA%A9,Event
1345,4.0,201966.0,۲۰ تیر- آغازجام جهانی فوتبال ۱۹۶۶درانگلستان,https://fa.wikipedia.org/wiki/%D8%AC%D8%A7%D9%85_%D8%AC%D9%87%D8%A7%D9%86%DB%8C_%D9%81%D9%88%D8%AA%D8%A8%D8%A7%D9%84_%DB%B1%DB%B9%DB%B6%DB%B6,Event
1345,8.0,1.0,۱ آبان-تهران= نخستین برنامهٔتلویزیون ملی ایرانپخش شد.,https://fa.wikipedia.org/wiki/%D8%AA%D9%87%D8%B1%D8%A7%D9%86,Event
1345,8.0,9.0,۹ آبان- برپایی نخستینفستیوال فیلم کودکاندر تهران,https://fa.wikipedia.org/w/index.php?title=%D9%81%D8%B3%D8%AA%DB%8C%D9%88%D8%A7%D9%84_%D9%81%DB%8C%D9%84%D9%85_%DA%A9%D9%88%D8%AF%DA%A9%D8%A7%D9%86&action=edit&redlink=1,Event
1346,1.0,28.0,۲۸ فروردین- نمایش تلویزیونیعروسکها، نخستین کارِبهرام بیضایی، نخستین بار ازتلویزیون ملی ایرانپخش شد.,https://fa.wikipedia.org/wiki/%D8%B9%D8%B1%D9%88%D8%B3%DA%A9%E2%80%8C%D9%87%D8%A7_(%D8%A8%D9%87%D8%B1%D8%A7%D9%85_%D8%A8%DB%8C%D8%B6%D8%A7%DB%8C%DB%8C),Event
1346,2.0,23.0,۲۳ اردیبهشت- تولید خودرویپیکان، محصولایران ناسیونال.,https://fa.wikipedia.org/wiki/%D9%BE%DB%8C%DA%A9%D8%A7%D9%86_(%D8%AE%D9%88%D8%AF%D8%B1%D9%88),Event
1346,3.0,14.0,۱۴ خرداد-سفر محمدرضا پهلوی و فرح دیبا به آلمان غربیکه با اعتراضات شدید دانشجویان ایرانی مقیم آلمان و همراهی تعدادی از دانشجویان آلمانی به زد و خورد با پلیس انجامید و طی آن یک دانشجوی آلمانی (بنو اونه زورگ) کشته شد.,https://fa.wikipedia.org/wiki/%D8%B3%D9%81%D8%B1_%D8%B4%D8%A7%D9%87_%D8%A8%D9%87_%D8%A2%D9%84%D9%85%D8%A7%D9%86_%D8%BA%D8%B1%D8%A8%DB%8C_(%DB%B1%DB%B3%DB%B4%DB%B6),Event
1346,3.0,15.0,۱۵ خرداد- آغازجنگ شش روزهاسرائیل با کشورهای عربی,https://fa.wikipedia.org/wiki/%D8%AC%D9%86%DA%AF_%D8%B4%D8%B4%E2%80%8C%D8%B1%D9%88%D8%B2%D9%87,Event
1346,8.0,4.0,۴ آبان-تاجگذاری محمدرضا پهلوی,https://fa.wikipedia.org/wiki/%D8%AA%D8%A7%D8%AC%DA%AF%D8%B0%D8%A7%D8%B1%DB%8C_%D9%85%D8%AD%D9%85%D8%AF%D8%B1%D8%B6%D8%A7_%D9%BE%D9%87%D9%84%D9%88%DB%8C,Event
1346,,,آذر ماه: اجرایمیراث و ضیافتدر تالار بیست و پنج شهریورِتهران،تماشاخانه سنگلجفعلی,https://fa.wikipedia.org/wiki/%D8%AA%D9%87%D8%B1%D8%A7%D9%86,Event
1346,,,چاپ و انتشارخاطرات حاجی سیاحیا دوره خوف و وحشت، اثرحاجی سیاح.,https://fa.wikipedia.org/wiki/%D8%AD%D8%A7%D8%AC%DB%8C_%D8%B3%DB%8C%D8%A7%D8%AD,Event
1347,6.0,1010000.0,۱۰ شهریور:زمین لرزهٔ فردوسبا حدود ۱۰٬۰۰۰ کشته,https://fa.wikipedia.org/wiki/%D8%B2%D9%85%DB%8C%D9%86%E2%80%8C%D9%84%D8%B1%D8%B2%D9%87_%D8%AF%D8%B4%D8%AA_%D8%A8%DB%8C%D8%A7%D8%B6_%D9%88_%D9%81%D8%B1%D8%AF%D9%88%D8%B3_(%DB%B1%DB%B3%DB%B4%DB%B7),Event
1348,12.0,41348.0,۴ اسفند-اعتراضات ۱۳۴۸ تهرانبه خاطر افزایش قیمت بلیت اتوبوس,https://fa.wikipedia.org/wiki/%D8%A7%D8%B9%D8%AA%D8%B1%D8%A7%D8%B6%D8%A7%D8%AA_%DB%B1%DB%B3%DB%B4%DB%B8_%D8%AA%D9%87%D8%B1%D8%A7%D9%86,Event
1349,,,۲۱- نخستین قهرمانی تاج (استقلال تهرانکنونی) در جام باشگاه های آسیا ۱۹۷۰,https://fa.wikipedia.org/wiki/%D8%A7%D8%B3%D8%AA%D9%82%D9%84%D8%A7%D9%84_%D8%AA%D9%87%D8%B1%D8%A7%D9%86,Event
1350,1.0,11.0,۱۱ فروردین-خشایار اعتمادی، خواننده,https://fa.wikipedia.org/wiki/%D8%AE%D8%B4%D8%A7%DB%8C%D8%A7%D8%B1_%D8%A7%D8%B9%D8%AA%D9%85%D8%A7%D8%AF%DB%8C,Event
1350,1.0,25.0,۲۵ فروردین-سید امیرحسین قاضی زاده هاشمی، پزشک، سیاستمداراصولگراو رئیسبیناد شهید و امور ایثارگران,https://fa.wikipedia.org/wiki/%D8%B3%DB%8C%D8%AF_%D8%A7%D9%85%DB%8C%D8%B1%D8%AD%D8%B3%DB%8C%D9%86_%D9%82%D8%A7%D8%B6%DB%8C_%D8%B2%D8%A7%D8%AF%D9%87_%D9%87%D8%A7%D8%B4%D9%85%DB%8C,Event
1350,2.0,4.0,۴ اردیبهشت-کورش تهامی، بازیگر,https://fa.wikipedia.org/wiki/%DA%A9%D9%88%D8%B1%D8%B4_%D8%AA%D9%87%D8%A7%D9%85%DB%8C,Event
1350,2.0,9.0,۹ اردیبهشتـلادن طباطبایی، بازیگر,https://fa.wikipedia.org/wiki/%D9%84%D8%A7%D8%AF%D9%86_%D8%B7%D8%A8%D8%A7%D8%B7%D8%A8%D8%A7%DB%8C%DB%8C,Event
1350,2.0,16.0,۱۶ اردیبهشت-سعید شهروز، خواننده,https://fa.wikipedia.org/wiki/%D8%B3%D8%B9%DB%8C%D8%AF_%D8%B4%D9%87%D8%B1%D9%88%D8%B2,Event
1350,3.0,3.0,۳ خرداد-ساکت الهامی، بازیکن فوتبال و مربی,https://fa.wikipedia.org/wiki/%D8%B3%D8%A7%DA%A9%D8%AA_%D8%A7%D9%84%D9%87%D8%A7%D9%85%DB%8C,Event
1350,3.0,29.0,۲۹ خرداد-بهنام سراج، بازیکن سابق و مربی فوتبال,https://fa.wikipedia.org/wiki/%D8%A8%D9%87%D9%86%D8%A7%D9%85_%D8%B3%D8%B1%D8%A7%D8%AC,Event
1350,4.0,4.0,۴ تیر-آرش میراحمدی، بازیگر,https://fa.wikipedia.org/wiki/%D8%A2%D8%B1%D8%B4_%D9%85%DB%8C%D8%B1%D8%A7%D8%AD%D9%85%D8%AF%DB%8C,Event
1350,4.0,10.0,۱۰ تیر-رضا شفیعی جم، بازیگر,https://fa.wikipedia.org/wiki/%D8%B1%D8%B6%D8%A7_%D8%B4%D9%81%DB%8C%D8%B9%DB%8C_%D8%AC%D9%85,Event
1350,4.0,13.0,۱۳ تیر-مسعود پاکدل، عکاس وبرنامه ساز,https://fa.wikipedia.org/wiki/%D9%85%D8%B3%D8%B9%D9%88%D8%AF_%D9%BE%D8%A7%DA%A9%D8%AF%D9%84,Event
1350,5.0,6.0,۶ مرداد-منصور، خواننده,https://fa.wikipedia.org/wiki/%D9%85%D9%86%D8%B5%D9%88%D8%B1,Event
1350,5.0,8.0,۸ مرداد-پوپک گلدره، بازیگر,https://fa.wikipedia.org/wiki/%D9%BE%D9%88%D9%BE%DA%A9_%DA%AF%D9%84%D8%AF%D8%B1%D9%87,Event
1350,5.0,17.0,۱۷ مرداد-شراره رخام، بازیگر,https://fa.wikipedia.org/wiki/%D8%B4%D8%B1%D8%A7%D8%B1%D9%87_%D8%B1%D8%AE%D8%A7%D9%85,Event
1350,6.0,12.0,۱۲ شهریور-هومن افاضلی، بازیکن سابق ومربی فوتبالاهلایراناست. او دستیاریمیروسلاو بلاژویچ،برانکو ایوانکوویچو سپسعلی داییدرتیم ملی فوتبال ایرانبود,https://fa.wikipedia.org/wiki/%D9%87%D9%88%D9%85%D9%86_%D8%A7%D9%81%D8%A7%D8%B6%D9%84%DB%8C,Event
1350,6.0,20.0,۲۰ شهریور-سعید باستانی،، نماینده مردمتربت حیدریه،زاوهومه ولاتدردهمین دوره مجلس شورای اسلامی,https://fa.wikipedia.org/wiki/%D8%B3%D8%B9%DB%8C%D8%AF_%D8%A8%D8%A7%D8%B3%D8%AA%D8%A7%D9%86%DB%8C,Event
1350,6.0,27.0,۲۷ شهریور-الهام پاوه نژاد، بازیگر,https://fa.wikipedia.org/wiki/%D8%A7%D9%84%D9%87%D8%A7%D9%85_%D9%BE%D8%A7%D9%88%D9%87%E2%80%8C%D9%86%DA%98%D8%A7%D8%AF,Event
1350,8.0,19.0,۱۹ آبان-نیکی کریمی، بازیگر,https://fa.wikipedia.org/wiki/%D9%86%DB%8C%DA%A9%DB%8C_%DA%A9%D8%B1%DB%8C%D9%85%DB%8C,Event
1350,7.0,24.0,۲۴ آبان-شیوا خسرومهر، بازیگر,https://fa.wikipedia.org/wiki/%D8%B4%DB%8C%D9%88%D8%A7_%D8%AE%D8%B3%D8%B1%D9%88%D9%85%D9%87%D8%B1,Event
1350,8.0,28.0,۲۸ آبان-ادموند اختر، بازیکن فوتبال,https://fa.wikipedia.org/wiki/%D8%A7%D8%AF%D9%85%D9%88%D9%86%D8%AF_%D8%A7%D8%AE%D8%AA%D8%B1,Event
1350,10.0,1.0,۱ دی-رامبد جوان، کمدین و بازیگر,https://fa.wikipedia.org/wiki/%D8%B1%D8%A7%D9%85%D8%A8%D8%AF_%D8%AC%D9%88%D8%A7%D9%86,Event
1350,10.0,10.0,۱۰ دی-حمیدرضا پگاه، بازیگر,https://fa.wikipedia.org/wiki/%D8%AD%D9%85%DB%8C%D8%AF%D8%B1%D8%B6%D8%A7_%D9%BE%DA%AF%D8%A7%D9%87,Event
1350,12.0,4.0,۴ اسفند-سعید آقاخانی، بازیگر، نویسنده و کارگردان,https://fa.wikipedia.org/wiki/%D8%B3%D8%B9%DB%8C%D8%AF_%D8%A2%D9%82%D8%A7%D8%AE%D8%A7%D9%86%DB%8C,Event
1350,12.0,6.0,۶ اسفند-نرگس آبیار، نویسنده و کارگردان و فیلمنامه نویس,https://fa.wikipedia.org/wiki/%D9%86%D8%B1%DA%AF%D8%B3_%D8%A2%D8%A8%DB%8C%D8%A7%D8%B1,Event
1350,12.0,27.0,۲۷ اسفند-رسول خادم، کشتی گیر,https://fa.wikipedia.org/wiki/%D8%B1%D8%B3%D9%88%D9%84_%D8%AE%D8%A7%D8%AF%D9%85,Event
1350,,,رامتین خداپناهی، بازیگر واستاد دانشگاه,https://fa.wikipedia.org/wiki/%D8%A7%D8%B3%D8%AA%D8%A7%D8%AF_%D8%AF%D8%A7%D9%86%D8%B4%DA%AF%D8%A7%D9%87,Event
1352,,,فروردین-تهران-محمدرضا پهلویهنری کیسینجروزیر خارجه امریکارا در سفر سه روزه اش بهتهرانمی پذیرد. هنری کیسینجر پشتیبان برنامه های همکاریایرانوآمریکااست. حزب جمهوری خواه خواهان پیشرفت های اقتصادی فرهنگی فنی بین دو کشور است. امریکا در گسترش صنایع پتروشیمی به ایران یاری می دهد و این برنامه های انرژی اتمی را نیز در بر می گیرد.,https://fa.wikipedia.org/wiki/%D8%AA%D9%87%D8%B1%D8%A7%D9%86,Event
1352,11.0,211489815.0,۲۱ بهمن-کردستان- ایران - نیروهای عراق به قرارگاه های مرزی ایران حمله می کنند. ۱۴ نفر از نیروی های عراقی کشته و ۸۹ نفر زخمی می شوند. ۸۱ نفر از نیروهای ایران زخمی می شوند و ایران ۵ هکتار از خاک عراق را تصرف میکند.,https://fa.wikipedia.org/wiki/%DA%A9%D8%B1%D8%AF%D8%B3%D8%AA%D8%A7%D9%86,Event
1352,12.0,1.0,۱ اسفند-تهران- بر اساس فرمان شاه ایران آموزش در ایران تا پایان سیکل اول متوسطه اجباری می شود. آموزش در تمام مراحل رایگان است.,https://fa.wikipedia.org/wiki/%D8%AA%D9%87%D8%B1%D8%A7%D9%86,Event
1352,12.0,1645017.0,۱ اسفند-تهران- مالکیت مطلق نفت و ثروتمندتر شدن ایران. در ۶ ماهه نخست سال ۴۵۰ هزار بشکه نفت به بهای ۱۷ دلار فروش رفته است.,https://fa.wikipedia.org/wiki/%D8%AA%D9%87%D8%B1%D8%A7%D9%86,Event
1353,3.0,1.0,۱ خرداد-سازمان ملل متحدموافقتنامه ای پیشنهاد می کند کهایرانوعراقهر دو آن را می پذیرند. دو کشور نیروهای خود را از مرز عقب می کشند.,https://fa.wikipedia.org/wiki/%D8%B3%D8%A7%D8%B2%D9%85%D8%A7%D9%86_%D9%85%D9%84%D9%84_%D9%85%D8%AA%D8%AD%D8%AF,Event
1354,,,فروردین-تهران- فلاندرن برای نمونه برداری از طحالمحمدرضا پهلویبه تهران می آید. محمدرضا دچار تورم شدیدطحالاست. این سومین عیادت فلاندرن متخصص فرانسوی از محمدرضاست.,https://fa.wikipedia.org/wiki/%D8%AA%D9%87%D8%B1%D8%A7%D9%86,Event
1354,1.0,11.0,۱۱ فروردین-الجزیره- قرارداد صلح الجزایر بین ایران وعراقامضا می شود.محمدرضا پهلویوصدام حسینبر سر خط مرزی جنوب دو کشور به توافق می رسند. از این پس خط تالوگ دهانهدجلهرا بین دو کشور تقسیم خواهد نمود. این خط از ژرف ترین نقطهاروندرودمی گذرد.,https://fa.wikipedia.org/wiki/%D8%A7%D9%84%D8%AC%D8%B2%DB%8C%D8%B1%D9%87,Event
1354,1.0,25.0,۲۵ فروردین-کرج-مصطفی بارزانیرهبر کرد همراه پسرانش مسعود و ادریس در شهرهایی که دولت ایران در اختیار آن ها گذاشته سکنی می گزینند.,https://fa.wikipedia.org/wiki/%DA%A9%D8%B1%D8%AC,Event
1354,1.0,30.0,۳۰ فروردین-تهران- تأسیسدانشگاه فرح پهلوی,https://fa.wikipedia.org/wiki/%D8%AA%D9%87%D8%B1%D8%A7%D9%86,Event
1354,2.0,2.0,۲ اردیبهشت- تهران -محمدرضا پهلویوفرح پهلویموزه نگارستانویژه هنر چهار قرن اخیر ایران را می گشایند.,https://fa.wikipedia.org/wiki/%D9%85%D8%AD%D9%85%D8%AF%D8%B1%D8%B6%D8%A7_%D9%BE%D9%87%D9%84%D9%88%DB%8C,Event
1354,2.0,499491356.0,۴ اردیبهشت-ایران- بر اساس فرمان محمدرضا پهلوی سهام کارخانه های دولتی بین کارگران و کارمندان آن ها تقسیم می شود. ۹۹ در صد سهام کارخانه های دولتی و ۴۹ در صد سهام کارخانه های خصوصی می باید قبل از مهر ماه۱۳۵۶تقسیم شود.,https://fa.wikipedia.org/wiki/%D8%A7%DB%8C%D8%B1%D8%A7%D9%86,Event
1354,2.0,12.0,۱۲ اردیبهشت-تهران- در پی آرزوهای محمدرضا پهلوی برای یک ایران متحد و پیشرفته وی تصمیم به ایجادحزب رستاخیزمی نماید. او رؤیای این را دارد که ملت یکپارچه در یک حزب به سوی تمدن بزرگ یعنی رفاه و پیشرفت گام برمی دارند.,https://fa.wikipedia.org/wiki/%D8%AA%D9%87%D8%B1%D8%A7%D9%86,Event
1354,3.0,25.0,۲۵ خرداد-تهران-هواپیمایی ملی ایرانیک خط هوایی بینتهرانوقاهرهدایر می سازد.,https://fa.wikipedia.org/wiki/%D8%AA%D9%87%D8%B1%D8%A7%D9%86,Event
1354,3.0,26.0,۲۶ خرداد-تهران-اسحاق رابینوانور ساداتبرای مذاکرات صلح به تهران می آیند.,https://fa.wikipedia.org/wiki/%D8%AA%D9%87%D8%B1%D8%A7%D9%86,Event
1354,4.0,11.0,۱۱ تیر-تهران- واژه نامهدهخداچاپ می شود.,https://fa.wikipedia.org/wiki/%D8%AA%D9%87%D8%B1%D8%A7%D9%86,Event
1354,6.0,21.0,۲۱ شهریور-دز- تیمسار محمد خاتمی و همسرفاطمه پهلویبه هنگام پرواز با کایت کشته می شود.,https://fa.wikipedia.org/wiki/%D8%AF%D8%B2,Event
1354,9.0,9.0,۹ آذر-تهران- امضای موافقتنامه صدور گاز ایران بهشوروی،اتریش،آلمانوفرانسه.,https://fa.wikipedia.org/wiki/%D8%AA%D9%87%D8%B1%D8%A7%D9%86,Event
1354,9.0,30.0,۳۰ آذر-وین-کارلوستروریست بین المللی وزیران نفتاوپکرا به گروگان می گیرد.جمشید آموزگاربین گروگان ها است.,https://fa.wikipedia.org/wiki/%D9%88%DB%8C%D9%86,Event
1354,10.0,27.0,۲۷ دی-پابدانا-محمد رضا پهلویمعدن زغال سنگ خمرودکرمانرا برای بهره برداری می گشاید.,https://fa.wikipedia.org/wiki/%D9%BE%D8%A7%D8%A8%D8%AF%D8%A7%D9%86%D8%A7,Event
1354,12.0,4.0,۴ اسفند-تهران– دریادار رمزی عطایی به جرم فساد به زندان محکوم می شود.,https://fa.wikipedia.org/wiki/%D8%AA%D9%87%D8%B1%D8%A7%D9%86,Event
1354,10.0,8.0,۸ اسفند-داکار–فرح پهلویازسنگالدیدن می کند. نخستین سنگ بنای یک پالایشگاه نهاده می شود.,https://fa.wikipedia.org/wiki/%D8%AF%D8%A7%DA%A9%D8%A7%D8%B1,Event
1354,12.0,25.0,۲۵ اسفند-شوش– باستانشناسان کاخ خصوصیداریوشرا می یابند.,https://fa.wikipedia.org/wiki/%D8%B4%D9%88%D8%B4,Event
1354,4.0,24.0,۲۴ تیر: آغازپروژه آزمایشی آپولو-سایوز,https://fa.wikipedia.org/wiki/%D9%BE%D8%B1%D9%88%DA%98%D9%87_%D8%A2%D8%B2%D9%85%D8%A7%DB%8C%D8%B4%DB%8C_%D8%A2%D9%BE%D9%88%D9%84%D9%88-%D8%B3%D8%A7%DB%8C%D9%88%D8%B2,Event
1355,2.0,11747.0,۱۱ اردیبهشت- شرکتهواپیمایی ملی ایران(هما) یک خط هوایی با بویینگ ۷۴۷ بین تهران،لندنونیویورکایجاد می کرد.,https://fa.wikipedia.org/wiki/%D9%87%D9%88%D8%A7%D9%BE%DB%8C%D9%85%D8%A7%DB%8C%DB%8C_%D9%85%D9%84%DB%8C_%D8%A7%DB%8C%D8%B1%D8%A7%D9%86,Event
1355,2.0,30.0,۳۰ اردیبهشت- دولت ایران بهسازمان آزادیبخش فلسطینپروانه گشایش دفتر در تهران می داد.,https://fa.wikipedia.org/wiki/%D8%B3%D8%A7%D8%B2%D9%85%D8%A7%D9%86_%D8%A2%D8%B2%D8%A7%D8%AF%DB%8C%D8%A8%D8%AE%D8%B4_%D9%81%D9%84%D8%B3%D8%B7%DB%8C%D9%86,Event
1356,,,چاپآرشبهرام بیضایی,https://fa.wikipedia.org/wiki/%D8%A8%D9%87%D8%B1%D8%A7%D9%85_%D8%A8%DB%8C%D8%B6%D8%A7%DB%8C%DB%8C,Event
1356,1.0,16.0,۱۶ فروردین- انتشار آلبوممرد تنهای شباز حبیب,https://fa.wikipedia.org/wiki/%D9%85%D8%B1%D8%AF_%D8%AA%D9%86%D9%87%D8%A7%DB%8C_%D8%B4%D8%A8,Event
1356,3.0,11356.0,۱ خرداد-سیل ۱۳۵۶ لرستان,https://fa.wikipedia.org/wiki/%D8%B3%DB%8C%D9%84_%DB%B1%DB%B3%DB%B5%DB%B6_%D9%84%D8%B1%D8%B3%D8%AA%D8%A7%D9%86,Event
1356,4.0,14.0,۱۴ تیر. کودتایمحمدضیاءالحقدرپاکستانو سرنگونی دولتذوالفقارعلی بوتو,https://fa.wikipedia.org/wiki/%D9%85%D8%AD%D9%85%D8%AF_%D8%B6%DB%8C%D8%A7%D8%A1%D8%A7%D9%84%D8%AD%D9%82,Event
1356,5.0,16.0,۱۶ مردادـ انتخابجمشید آموزگاربه نخست وزیری رژیم پهلوی,https://fa.wikipedia.org/wiki/%D8%AC%D9%85%D8%B4%DB%8C%D8%AF_%D8%A2%D9%85%D9%88%D8%B2%DA%AF%D8%A7%D8%B1,Event
1356,5.0,16.0,۱۶ مردادـامیرعباس هویدااز طرف شاه به جایاسدالله علمبه وزارت دربار منصوب شد.,https://fa.wikipedia.org/wiki/%D8%A7%D9%85%DB%8C%D8%B1%D8%B9%D8%A8%D8%A7%D8%B3_%D9%87%D9%88%DB%8C%D8%AF%D8%A7,Event
1356,10.0,10.0,۱۰ دی-سفر جیمی کارتر رئیس جمهور آمریکا به ایران,https://fa.wikipedia.org/wiki/%D8%AC%D8%B2%DB%8C%D8%B1%D9%87_%D8%AB%D8%A8%D8%A7%D8%AA,Event
1356,11.0,22.0,۲۲ بهمن- گشایشموزه فرش ایران,https://fa.wikipedia.org/wiki/%D9%85%D9%88%D8%B2%D9%87_%D9%81%D8%B1%D8%B4_%D8%A7%DB%8C%D8%B1%D8%A7%D9%86,Event
1357,5.0,71.0,۷ مرداد- حمله شدیداللحنفیدل کاستروبهایرانوعربستان سعودیکه ثروت مردم فقیر را به نفع قدرت های امپریالیستی از چنگشان خارج می کنند.[۱],https://fa.wikipedia.org/wiki/%D9%81%DB%8C%D8%AF%D9%84_%DA%A9%D8%A7%D8%B3%D8%AA%D8%B1%D9%88,Event
1357,6.0,9.0,۹ شهریور- ربودنموسی صدر، اندیشمند دینی ایرانی تبار و رئیس مجلس شیعیان لبنان درلیبی,https://fa.wikipedia.org/wiki/%D9%85%D9%88%D8%B3%DB%8C_%D8%B5%D8%AF%D8%B1,Event
1357,6.0,257815000.0,۲۵ شهریور-زمین لرزه طبسبا شدت ۷٫۸ ریشتر و حدود ۱۵٬۰۰۰ نفر کشته,https://fa.wikipedia.org/wiki/%D8%B2%D9%85%DB%8C%D9%86%E2%80%8C%D9%84%D8%B1%D8%B2%D9%87_%D8%B7%D8%A8%D8%B3_(%DB%B1%DB%B3%DB%B5%DB%B7),Event
1357,8.0,1.0,۱ آبان– اعتصاب دوباره کارکنانرادیووتلویزیونبرای ابراز مخالفت خود باحکومت پهلوی,https://fa.wikipedia.org/wiki/%D8%B1%D8%A7%D8%AF%DB%8C%D9%88,Event
1357,10.0,262.0,۲۶ دی- خروجمحمدرضا پهلویاز ایران در پی بالاگرفتن تظاهرات و مخالفت های مردمی[۲],https://fa.wikipedia.org/wiki/%D9%85%D8%AD%D9%85%D8%AF%D8%B1%D8%B6%D8%A7_%D9%BE%D9%87%D9%84%D9%88%DB%8C,Event
1357,10.0,26.0,۲۶ دی- انتخابسید جلال الدین تهرانیبه ریاست شورای سلطنت,https://fa.wikipedia.org/wiki/%D8%B3%DB%8C%D8%AF_%D8%AC%D9%84%D8%A7%D9%84%E2%80%8C%D8%A7%D9%84%D8%AF%DB%8C%D9%86_%D8%AA%D9%87%D8%B1%D8%A7%D9%86%DB%8C,Event
1357,10.0,26.0,۲۶ دی- وقوعزمین لرزه در قائن,https://fa.wikipedia.org/wiki/%D8%B2%D9%85%DB%8C%D9%86%E2%80%8C%D9%84%D8%B1%D8%B2%D9%87_%DB%B1%DB%B3%DB%B5%DB%B7_%D9%82%D8%A7%D8%A6%D9%86,Event
1357,11.0,1234.0,۱۲ بهمن-بازگشت سید روح الله خمینی به ایرانپس از چهارده سال تبعید[۳][۴],https://fa.wikipedia.org/wiki/%D8%A8%D8%A7%D8%B2%DA%AF%D8%B4%D8%AA_%D8%B3%DB%8C%D8%AF_%D8%B1%D9%88%D8%AD%E2%80%8C%D8%A7%D9%84%D9%84%D9%87_%D8%AE%D9%85%DB%8C%D9%86%DB%8C_%D8%A8%D9%87_%D8%A7%DB%8C%D8%B1%D8%A7%D9%86,Event
1357,10.0,17.0,۱۷ بهمن- تشکیلدولت موقتبه ریاستمهدی بازرگان,https://fa.wikipedia.org/wiki/%D8%AF%D9%88%D9%84%D8%AA_%D9%85%D9%88%D9%82%D8%AA,Event
1357,11.0,18.0,۱۸ بهمن- دستورایالات متحدهبه کارکنان خود برای خروج ازایران,https://fa.wikipedia.org/wiki/%D8%A7%DB%8C%D8%A7%D9%84%D8%A7%D8%AA_%D9%85%D8%AA%D8%AD%D8%AF%D9%87,Event
1357,11.0,19.0,۱۹ بهمن- جمعی از پرسنل نیروی هوایی با انجام رژه و خواندن سرود در مقابلروح الله خمینی، باانقلابو رهبر آن اعلام همبستگی کردند.,https://fa.wikipedia.org/wiki/%D8%B1%D9%88%D8%AD%E2%80%8C%D8%A7%D9%84%D9%84%D9%87_%D8%AE%D9%85%DB%8C%D9%86%DB%8C,Event
1357,11.0,22.0,۲۲ بهمن- پیروزیانقلاب اسلامی ایران، و پایاننظام شاهنشاهیدرایران[۳],https://fa.wikipedia.org/wiki/%D8%A7%D9%86%D9%82%D9%84%D8%A7%D8%A8_%DB%B1%DB%B3%DB%B5%DB%B7_%D8%A7%DB%8C%D8%B1%D8%A7%D9%86,Event
1357,11.0,22.0,۲۲ بهمن-اعلامیه بی طرفی ارتش,https://fa.wikipedia.org/wiki/%D8%A7%D8%B9%D9%84%D8%A7%D9%85%DB%8C%D9%87_%D8%A8%DB%8C%E2%80%8C%D8%B7%D8%B1%D9%81%DB%8C_%D8%A7%D8%B1%D8%AA%D8%B4,Event
1357,12.0,17171357.0,۱۷ اسفند- نخستین اعتراضات بر ضد حکومت جمهوری اسلامی ایران از سوی زنان معترض به حجاب اجباری اسلامی (تظاهرات ۱۷ اسفند ۱۳۵۷),https://fa.wikipedia.org/wiki/%D8%AA%D8%B8%D8%A7%D9%87%D8%B1%D8%A7%D8%AA_%DB%B1%DB%B7_%D8%A7%D8%B3%D9%81%D9%86%D8%AF_%DB%B1%DB%B3%DB%B5%DB%B7,Event
1357,12.0,2425.0,۲۴ اسفند-قیام بیست و چهار حوتو کشته شدن ۲۵ هزارافغانتوسطشوروی,https://fa.wikipedia.org/wiki/%D9%82%DB%8C%D8%A7%D9%85_%D8%A8%DB%8C%D8%B3%D8%AA_%D9%88_%DA%86%D9%87%D8%A7%D8%B1_%D8%AD%D9%88%D8%AA,Event
1358,1.0,12982.0,۱۲ فروردین-همه پرسی نظام جمهوری اسلامی در ایرانو رای آری ۹۸٫۲ درصد شرکت کنندگان.,https://fa.wikipedia.org/wiki/%D9%87%D9%85%D9%87%E2%80%8C%D9%BE%D8%B1%D8%B3%DB%8C_%D9%86%D8%B8%D8%A7%D9%85_%D8%AC%D9%85%D9%87%D9%88%D8%B1%DB%8C_%D8%A7%D8%B3%D9%84%D8%A7%D9%85%DB%8C_%D8%AF%D8%B1_%D8%A7%DB%8C%D8%B1%D8%A7%D9%86,Event
1358,2.0,3.0,۳ اردیبهشت- ترورمحمدولی قرنیتوسطگروه فرقان,https://fa.wikipedia.org/wiki/%D8%B3%DB%8C%D8%AF_%D9%85%D8%AD%D9%85%D8%AF%D9%88%D9%84%DB%8C_%D9%82%D8%B1%D9%86%DB%8C,Event
1358,2.0,11.0,۱۱ اردیبهشت- ترورمرتضی مطهریتوسطگروه فرقان,https://fa.wikipedia.org/wiki/%D9%85%D8%B1%D8%AA%D8%B6%DB%8C_%D9%85%D8%B7%D9%87%D8%B1%DB%8C,Event
1358,2.0,23.0,۲۳ اردیبهشت- لغوکاپیتولاسیون در ایران,https://fa.wikipedia.org/wiki/%DA%A9%D8%A7%D9%BE%DB%8C%D8%AA%D9%88%D9%84%D8%A7%D8%B3%DB%8C%D9%88%D9%86_%D8%AF%D8%B1_%D8%A7%DB%8C%D8%B1%D8%A7%D9%86,Event
1358,3.0,4.0,۴ خرداد-ترور نافرجام اکبر هاشمی رفسنجانیتوسط گروه فرقان,https://fa.wikipedia.org/wiki/%D8%AA%D8%B1%D9%88%D8%B1_%D9%86%D8%A7%D9%81%D8%B1%D8%AC%D8%A7%D9%85_%D8%A7%DA%A9%D8%A8%D8%B1_%D9%87%D8%A7%D8%B4%D9%85%DB%8C_%D8%B1%D9%81%D8%B3%D9%86%D8%AC%D8%A7%D9%86%DB%8C,Event
1358,6.0,19.0,۱۹ شهریور- درگذشتمحمود طالقانی,https://fa.wikipedia.org/wiki/%D8%B3%DB%8C%D8%AF_%D9%85%D8%AD%D9%85%D9%88%D8%AF_%D8%B7%D8%A7%D9%84%D9%82%D8%A7%D9%86%DB%8C,Event
1358,8.0,13.0,۱۳ آبان-گروگان گیری در سفارت ایالات متحده آمریکاتوسطدانشجویان پیرو خط امام.,https://fa.wikipedia.org/wiki/%DA%AF%D8%B1%D9%88%DA%AF%D8%A7%D9%86%E2%80%8C%DA%AF%DB%8C%D8%B1%DB%8C_%D8%AF%D8%B1_%D8%B3%D9%81%D8%A7%D8%B1%D8%AA_%D8%A7%DB%8C%D8%A7%D9%84%D8%A7%D8%AA_%D9%85%D8%AA%D8%AD%D8%AF%D9%87_%D8%A2%D9%85%D8%B1%DB%8C%DA%A9%D8%A7,Event
1358,9.0,5.0,۵ آذر- تشکیلسازمان بسیج مستضعفینبه دستورروح الله خمینی,https://fa.wikipedia.org/wiki/%D8%B3%D8%A7%D8%B2%D9%85%D8%A7%D9%86_%D8%A8%D8%B3%DB%8C%D8%AC_%D9%85%D8%B3%D8%AA%D8%B6%D8%B9%D9%81%DB%8C%D9%86,Event
1358,9.0,27.0,۲۷ آذر- ترورمحمد مفتحتوسطگروه فرقان,https://fa.wikipedia.org/wiki/%D9%85%D8%AD%D9%85%D8%AF_%D9%85%D9%81%D8%AA%D8%AD,Event
1358,10.0,7.0,۷ دی- تشکیلسازمان نهضت سوادآموزیبا فرمان روح الله خمینی.,https://fa.wikipedia.org/wiki/%D8%B3%D8%A7%D8%B2%D9%85%D8%A7%D9%86_%D9%86%D9%87%D8%B6%D8%AA_%D8%B3%D9%88%D8%A7%D8%AF%D8%A2%D9%85%D9%88%D8%B2%DB%8C,Event
1358,10.0,21.0,۲۱ دی- تبریز - درگیری میان طرفدارانآیت الله شریعتمداریو برخی مردم تبریز,https://fa.wikipedia.org/wiki/%D8%A2%DB%8C%D8%AA%E2%80%8C%D8%A7%D9%84%D9%84%D9%87_%D8%B4%D8%B1%DB%8C%D8%B9%D8%AA%D9%85%D8%AF%D8%A7%D8%B1%DB%8C,Event
1358,11.0,15.0,۱۵ بهمن- انتخابابوالحسن بنی صدربهریاست جمهوری,https://fa.wikipedia.org/wiki/%D8%A7%D8%A8%D9%88%D8%A7%D9%84%D8%AD%D8%B3%D9%86_%D8%A8%D9%86%DB%8C_%D8%B5%D8%AF%D8%B1,Event
1359,,,چاپ ویرایش کتاببه کی سلام کنم؟نوشتهٔسیمین دانشور.,https://fa.wikipedia.org/wiki/%D8%B3%DB%8C%D9%85%DB%8C%D9%86_%D8%AF%D8%A7%D9%86%D8%B4%D9%88%D8%B1,Event
1359,3.0,1.0,۱ خرداد- آغازتحریم اقتصادیایران به دستایالات متحده آمریکا.,https://fa.wikipedia.org/wiki/%D8%AA%D8%AD%D8%B1%DB%8C%D9%85_%D8%A7%D9%82%D8%AA%D8%B5%D8%A7%D8%AF%DB%8C,Event
1359,3.0,23.0,۲۳ خرداد- صدور فرمانِ تشکیل ستاد انقلاب فرهنگی از سویسید روح الله خمینی.,https://fa.wikipedia.org/wiki/%D8%B3%DB%8C%D8%AF_%D8%B1%D9%88%D8%AD%E2%80%8C%D8%A7%D9%84%D9%84%D9%87_%D8%AE%D9%85%DB%8C%D9%86%DB%8C,Event
1359,4.0,18.0,۱۸ تیر-کودتای نوژه.,https://fa.wikipedia.org/wiki/%DA%A9%D9%88%D8%AF%D8%AA%D8%A7%DB%8C_%D9%86%D9%88%DA%98%D9%87,Event
1359,5.0,5.0,۵ مرداد- درگذشتمحمدرضاشاه پهلویدرقاهره.,https://fa.wikipedia.org/wiki/%D9%85%D8%AD%D9%85%D8%AF%D8%B1%D8%B6%D8%A7_%D9%BE%D9%87%D9%84%D9%88%DB%8C,Event
1359,5.0,7.0,۷ مرداد- ازدواجچارلز سومودایانا، شاهدخت ولزدر کلیسایوست مینستر.,https://fa.wikipedia.org/wiki/%DA%86%D8%A7%D8%B1%D9%84%D8%B2_%D8%B3%D9%88%D9%85,Event
1359,5.0,19.0,۱۹ مرداد- معرفیمحمدعلی رجاییبه عنوان نخست وزیر به مجلس.,https://fa.wikipedia.org/wiki/%D9%85%D8%AD%D9%85%D8%AF%D8%B9%D9%84%DB%8C_%D8%B1%D8%AC%D8%A7%DB%8C%DB%8C,Event
1359,6.0,31.0,۳۱ شهریور- حملهٔعراقبهایرانو آغازجنگ ایران و عراق.,https://fa.wikipedia.org/wiki/%D8%B9%D8%B1%D8%A7%D9%82,Event
1359,7.0,19912.0,۱ مهر-عملیات کمان ۹۹بزرگ ترین عملیات تاریخ نیروی هوایی ایران و عملیاتی موفق بود و باعث برتری هواییارتش ایراندر ماه های آغازین جنگ شد.[۱][۲],https://fa.wikipedia.org/wiki/%D8%B9%D9%85%D9%84%DB%8C%D8%A7%D8%AA_%DA%A9%D9%85%D8%A7%D9%86_%DB%B9%DB%B9,Event
1359,7.0,24.0,۲۴ مهر- ارتشعراقبردهلاویهچیره شد.,https://fa.wikipedia.org/wiki/%D8%B9%D8%B1%D8%A7%D9%82,Event
1359,9.0,7.0,۷ آذر- سالروز آغازعملیات مرواریددرجنگ ایران و عراق، که منجر به فلج گشتننیروی دریایی عراق، و منهدم سازی کامل در پایانه عظیم نفتی البکر والامیه، واقع در مصباروندرودشد؛ این روز در ایران، روز نیروی دریایی نام گرفته است.,https://fa.wikipedia.org/wiki/%D8%B9%D9%85%D9%84%DB%8C%D8%A7%D8%AA_%D9%85%D8%B1%D9%88%D8%A7%D8%B1%DB%8C%D8%AF,Event
1360,3.0,20.0,۲۰ خرداد- برکناریابوالحسن بنی صدراز فرماندهی نیروهای مسلح.,https://fa.wikipedia.org/wiki/%D8%B3%DB%8C%D8%AF_%D8%A7%D8%A8%D9%88%D8%A7%D9%84%D8%AD%D8%B3%D9%86_%D8%A8%D9%86%DB%8C%E2%80%8C%D8%B5%D8%AF%D8%B1,Event
1360,3.0,25.0,۲۵ خرداد-تظاهراتبه دعوتجبهه ملیدر اعتراض به لایحه قصاص و اعلام ارتداد اعضایجبهه ملیاز سویروح الله خمینی.,https://fa.wikipedia.org/wiki/%D8%AA%D8%B8%D8%A7%D9%87%D8%B1%D8%A7%D8%AA_%DB%B2%DB%B5_%D8%AE%D8%B1%D8%AF%D8%A7%D8%AF_%DB%B1%DB%B3%DB%B6%DB%B0,Event
1360,3.0,30.0,۳۰ خرداد-تظاهراتمجاهدین خلق در واکنش به طرح عدم کفایت بنی صدر و ورود سازمان مجاهدین خلق به جنگ مسلحانه با حکومت.,https://fa.wikipedia.org/wiki/%D8%AA%D8%B8%D8%A7%D9%87%D8%B1%D8%A7%D8%AA_%DB%B3%DB%B0_%D8%AE%D8%B1%D8%AF%D8%A7%D8%AF_%DB%B1%DB%B3%DB%B6%DB%B0,Event
1361,3.0,3.0,۳ خرداد- بازپس گیریخرمشهر(جنگ ایران و عراق).,https://fa.wikipedia.org/wiki/%D8%AE%D8%B1%D9%85%D8%B4%D9%87%D8%B1,Event
1361,4.0,23.0,۲۳ تیر- آغازعملیات رمضانبرای دستیابی و تصرفبصره.,https://fa.wikipedia.org/wiki/%D8%B9%D9%85%D9%84%DB%8C%D8%A7%D8%AA_%D8%B1%D9%85%D8%B6%D8%A7%D9%86,Event
1361,5.0,10.0,۱۰ مرداد- سالروز بنیانگذاریدانشگاه آزاد اسلامیو نخستین دانشگاه آندانشگاه آزاد اسلامی واحد تهران مرکزی.,https://fa.wikipedia.org/wiki/%D8%AF%D8%A7%D9%86%D8%B4%DA%AF%D8%A7%D9%87_%D8%A2%D8%B2%D8%A7%D8%AF_%D8%A7%D8%B3%D9%84%D8%A7%D9%85%DB%8C,Event
1361,5.0,151.0,۱۵ مرداد-عملیات ثاراللهدرقصر شیرینتوسطسپاه پاسداران انقلاب اسلامی.[۱],https://fa.wikipedia.org/wiki/%D8%B9%D9%85%D9%84%DB%8C%D8%A7%D8%AA_%D8%AB%D8%A7%D8%B1%D8%A7%D9%84%D9%84%D9%87,Event
1361,9.0,24.0,۲۴ آذر- صدورفرمان هشت ماده ای سید روح الله خمینی، پیرامون حفظ حریم خصوصی افراد.,https://fa.wikipedia.org/wiki/%D9%81%D8%B1%D9%85%D8%A7%D9%86_%D9%87%D8%B4%D8%AA%E2%80%8C%D9%85%D8%A7%D8%AF%D9%87%E2%80%8C%D8%A7%DB%8C_%D8%B3%DB%8C%D8%AF_%D8%B1%D9%88%D8%AD%E2%80%8C%D8%A7%D9%84%D9%84%D9%87_%D8%AE%D9%85%DB%8C%D9%86%DB%8C,Event
1361,11.0,18.0,۱۸ بهمن- آغازعملیات والفجر مقدماتیبرای دستیابی به شهرالعمارهعراق.,https://fa.wikipedia.org/wiki/%D8%B9%D9%85%D9%84%DB%8C%D8%A7%D8%AA_%D9%88%D8%A7%D9%84%D9%81%D8%AC%D8%B1_%D9%85%D9%82%D8%AF%D9%85%D8%A7%D8%AA%DB%8C,Event
1362,5.0,7314.0,۷ امرداد- آغازعملیات والفجر ۳در جریانجنگ ایران و عراقبه مدت ۱۴ روز.,https://fa.wikipedia.org/wiki/%D8%B9%D9%85%D9%84%DB%8C%D8%A7%D8%AA_%D9%88%D8%A7%D9%84%D9%81%D8%AC%D8%B1_%DB%B3,Event
1362,8.0,4.0,۴ آبان-حملهٔ موشکی ارتش عراق به مدرسهٔ شهید پیروز بهبهانکه به کشته و زخمی شدن ده ها دانش آموز ایرانی انجامید.,https://fa.wikipedia.org/wiki/%D8%A8%D9%85%D8%A8%D8%A7%D8%B1%D8%A7%D9%86_%D9%85%D8%AF%D8%B1%D8%B3%D9%87%E2%80%8C%D9%87%D8%A7%DB%8C_%D8%A7%DB%8C%D8%B1%D8%A7%D9%86_%D8%AA%D9%88%D8%B3%D8%B7_%D8%B9%D8%B1%D8%A7%D9%82,Event
1362,12.0,320.0,۳ اسفند- آغازعملیات خیبردر جریانجنگ ایران و عراقبه مدت ۲۰ روز.,https://fa.wikipedia.org/wiki/%D8%B9%D9%85%D9%84%DB%8C%D8%A7%D8%AA_%D8%AE%DB%8C%D8%A8%D8%B1,Event
1363,1.0,26.0,۲۶ فروردین: انتخاباتدومین دوره مجلس شورای اسلامی,https://fa.wikipedia.org/wiki/%D9%85%D8%AC%D9%84%D8%B3_%D8%AF%D9%88%D9%85_(%D8%AC%D9%85%D9%87%D9%88%D8%B1%DB%8C_%D8%A7%D8%B3%D9%84%D8%A7%D9%85%DB%8C),Event
1363,12.0,7.0,۷ اسفند: تأسیسسازمان مطالعه و تدوین کتب علوم انسانی دانشگاه ها (سمت),https://fa.wikipedia.org/wiki/%D8%B3%D8%A7%D8%B2%D9%85%D8%A7%D9%86_%D9%85%D8%B7%D8%A7%D9%84%D8%B9%D9%87_%D9%88_%D8%AA%D8%AF%D9%88%DB%8C%D9%86_%DA%A9%D8%AA%D8%A8_%D8%B9%D9%84%D9%88%D9%85_%D8%A7%D9%86%D8%B3%D8%A7%D9%86%DB%8C_%D8%AF%D8%A7%D9%86%D8%B4%DA%AF%D8%A7%D9%87%E2%80%8C%D9%87%D8%A7_(%D8%B3%D9%85%D8%AA),Event
1364,3.0,171.0,۱۷ خرداد-عملیات ظفر ۱,https://fa.wikipedia.org/wiki/%D8%B9%D9%85%D9%84%DB%8C%D8%A7%D8%AA_%D8%B8%D9%81%D8%B1_%DB%B1,Event
1367,4.0,12.0,۱۲ تیر-سرنگونی هواپیمای مسافربری ایران توسط آمریکا,https://fa.wikipedia.org/wiki/%D8%B3%D8%B1%D9%86%DA%AF%D9%88%D9%86%DB%8C_%D9%87%D9%88%D8%A7%D9%BE%DB%8C%D9%85%D8%A7%DB%8C_%D9%85%D8%B3%D8%A7%D9%81%D8%B1%D8%A8%D8%B1%DB%8C_%D8%A7%DB%8C%D8%B1%D8%A7%D9%86_%D8%AA%D9%88%D8%B3%D8%B7_%D8%A2%D9%85%D8%B1%DB%8C%DA%A9%D8%A7,Event
1368,1.0,6.0,۶ فروردین- عزلحسینعلی منتظریاز قائم مقامی رهبری,https://fa.wikipedia.org/wiki/%D8%AD%D8%B3%DB%8C%D9%86%D8%B9%D9%84%DB%8C_%D9%85%D9%86%D8%AA%D8%B8%D8%B1%DB%8C,Event
1368,3.0,13.0,۱۳ خرداد- درگذشتسید روح الله خمینیبنیانگذار جمهوری اسلامی ایران,https://fa.wikipedia.org/wiki/%D8%B3%DB%8C%D8%AF_%D8%B1%D9%88%D8%AD%E2%80%8C%D8%A7%D9%84%D9%84%D9%87_%D8%AE%D9%85%DB%8C%D9%86%DB%8C,Event
1368,3.0,14.0,۱۴ خرداد-انتخابسید علی خامنه ایبهرهبریایران توسطمجلس خبرگان رهبری,https://fa.wikipedia.org/wiki/%D8%A8%D8%B1%DA%AF%D8%B2%DB%8C%D8%AF%DA%AF%DB%8C_%D8%B3%DB%8C%D8%AF_%D8%B9%D9%84%DB%8C_%D8%AE%D8%A7%D9%85%D9%86%D9%87%E2%80%8C%D8%A7%DB%8C_%D8%A8%D9%87_%D9%85%D9%82%D8%A7%D9%85_%D8%B1%D9%87%D8%A8%D8%B1%DB%8C,Event
1369,3.0,3177.0,۳۱ خرداد-زلزله ایبه بزرگای ۷٫۷ درمقیاس ریشتر،رودبارومنجیلرا لرزاند و حدود ۴۰٬۰۰۰ کشته بر جای گذاشت.,https://fa.wikipedia.org/wiki/%D8%B2%D9%85%DB%8C%D9%86%E2%80%8C%D9%84%D8%B1%D8%B2%D9%87,Event
1369,5.0,81.0,۸ مرداد- چهارمین نامهصدام حسینبهاکبر هاشمی رفسنجانی.[۱],https://fa.wikipedia.org/wiki/%D8%B5%D8%AF%D8%A7%D9%85_%D8%AD%D8%B3%DB%8C%D9%86,Event
1369,10.0,26.0,۲۶ دی-جنگ خلیج فارس: عملیات طوفان صحرا با حملات هوایی علیه عراق آغاز می شود.,https://fa.wikipedia.org/wiki/%D8%AC%D9%86%DA%AF_%D8%AE%D9%84%DB%8C%D8%AC_%D9%81%D8%A7%D8%B1%D8%B3,Event
1369,10.0,2715199622.0,۲۷ دی-جنگ خلیج فارس: عراق هشت موشک اسکاد را به سمت اسرائیل شلیک کرد. حملات عراقی ها با مجروح شدن ۱۵ نفر در تل آویو در ۱۹ ژانویه و ۹۶ مجروح در رامات گان در ۲۲ ژانویه ادامه دارد.,https://fa.wikipedia.org/wiki/%D8%AC%D9%86%DA%AF_%D8%AE%D9%84%DB%8C%D8%AC_%D9%81%D8%A7%D8%B1%D8%B3,Event
1369,10.0,6.0,۶ اسفند-جنگ خلیج فارس: بخشی از موشک اسکاد عراقی به یک پادگان نظامی آمریکایی درظهران، عربستان سعودی اصابت کرد و باعث کشته شدن ۲۹ سرباز آمریکایی و زخمی شدن ۹۹ سرباز دیگر شد. این حمله ویران کننده ترین حمله به نیروهای ایالات متحده در طول جنگ است.,https://fa.wikipedia.org/wiki/%D8%AC%D9%86%DA%AF_%D8%AE%D9%84%DB%8C%D8%AC_%D9%81%D8%A7%D8%B1%D8%B3,Event
1370,,,افولکمونیسمو پایانجنگ سرد.,https://fa.wikipedia.org/wiki/%D8%AC%D9%86%DA%AF_%D8%B3%D8%B1%D8%AF,Event
1370,3.0,22.0,۲۲ خرداد-یلتسینرئیس جمهور روسیه شد.,https://fa.wikipedia.org/wiki/%DB%8C%D9%84%D8%AA%D8%B3%DB%8C%D9%86,Event
1370,2.0,18.0,۱۸ اردیبهشت- تصویب قانون تشکیلمنطقه آزاد تجاری-صنعتی چابهاردر بندر راهبردی و اقیانوسیچابهار.,https://fa.wikipedia.org/wiki/%D9%85%D9%86%D8%B7%D9%82%D9%87_%D8%A2%D8%B2%D8%A7%D8%AF_%D8%AA%D8%AC%D8%A7%D8%B1%DB%8C-%D8%B5%D9%86%D8%B9%D8%AA%DB%8C_%DA%86%D8%A7%D8%A8%D9%87%D8%A7%D8%B1,Event
1370,5.0,7.0,۷ مرداد- دومین قهرمانیاستقلال تهراندر جام باشگاه های آسیا.,https://fa.wikipedia.org/wiki/%D8%A7%D8%B3%D8%AA%D9%82%D9%84%D8%A7%D9%84_%D8%AA%D9%87%D8%B1%D8%A7%D9%86,Event
1370,5.0,151.0,۱۵ مرداد- ترورشاپور بختیارنخست وزیر پیشین پهلوی و منشی اشسروش کتیبهدرپاریس.[۱],https://fa.wikipedia.org/wiki/%D8%B4%D8%A7%D9%BE%D9%88%D8%B1_%D8%A8%D8%AE%D8%AA%DB%8C%D8%A7%D8%B1,Event
1370,10.0,515.0,۵ دی- فروپاشیاتحاد جماهیر شورویو استقلال ۱۵ کشور درآسیای میانه،قفقازواروپای شرقی.,https://fa.wikipedia.org/wiki/%D8%A7%D8%AA%D8%AD%D8%A7%D8%AF_%D8%AC%D9%85%D8%A7%D9%87%DB%8C%D8%B1_%D8%B4%D9%88%D8%B1%D9%88%DB%8C,Event
1371,1.0,1.0,۱ فروردین-اکبر ایمانی، فوتبالیست,https://fa.wikipedia.org/wiki/%D8%A7%DA%A9%D8%A8%D8%B1_%D8%A7%DB%8C%D9%85%D8%A7%D9%86%DB%8C,Event
1371,1.0,1.0,۱ فروردین-بهادر مولایی، وزنه بردار,https://fa.wikipedia.org/wiki/%D8%A8%D9%87%D8%A7%D8%AF%D8%B1_%D9%85%D9%88%D9%84%D8%A7%DB%8C%DB%8C,Event
1371,1.0,3.0,۳ فروردین-جواد یونس زاده، کارشناس فرش دستباف,https://fa.wikipedia.org/w/index.php?title=%D8%AC%D9%88%D8%A7%D8%AF_%DB%8C%D9%88%D9%86%D8%B3_%D8%B2%D8%A7%D8%AF%D9%87&action=edit&redlink=1,Event
1371,1.0,14.0,۱۴ فروردین-نور پهلوی، فرزند نخستشاهزاده رضا پهلوی,https://fa.wikipedia.org/wiki/%D9%86%D9%88%D8%B1_%D9%BE%D9%87%D9%84%D9%88%DB%8C,Event
1371,1.0,16.0,۱۶ فروردین-کاوه رضایی، فوتبالیست,https://fa.wikipedia.org/wiki/%DA%A9%D8%A7%D9%88%D9%87_%D8%B1%D8%B6%D8%A7%DB%8C%DB%8C,Event
1371,1.0,18.0,۱۸ فروردین-داریوش شجاعیان، فوتبالیست,https://fa.wikipedia.org/wiki/%D8%AF%D8%A7%D8%B1%DB%8C%D9%88%D8%B4_%D8%B4%D8%AC%D8%A7%D8%B9%DB%8C%D8%A7%D9%86,Event
1371,1.0,24.0,۲۴ فروردین-سعید قائدی فر، فوتبالیست,https://fa.wikipedia.org/wiki/%D8%B3%D8%B9%DB%8C%D8%AF_%D9%82%D8%A7%D8%A6%D8%AF%DB%8C%E2%80%8C%D9%81%D8%B1,Event
1371,1.0,30.0,۳۰ فروردین-مرتضی پورعلی گنجی، فوتبالیست ایرانی.,https://fa.wikipedia.org/wiki/%D9%85%D8%B1%D8%AA%D8%B6%DB%8C_%D9%BE%D9%88%D8%B1%D8%B9%D9%84%DB%8C_%DA%AF%D9%86%D8%AC%DB%8C,Event
1372,9.0,1.0,جدا شدناستان اردبیلازاستان آذربایجان شرقی.[۱],https://fa.wikipedia.org/wiki/%D8%A7%D8%B3%D8%AA%D8%A7%D9%86_%D8%A2%D8%B0%D8%B1%D8%A8%D8%A7%DB%8C%D8%AC%D8%A7%D9%86_%D8%B4%D8%B1%D9%82%DB%8C,Event
1372,,,مرداد: تأسیسفدراسیون اسکواش جمهوری اسلامی ایران,https://fa.wikipedia.org/wiki/%D9%81%D8%AF%D8%B1%D8%A7%D8%B3%DB%8C%D9%88%D9%86_%DA%A9%D9%88%D8%A8%D8%A7%D9%86_%D8%AC%D9%85%D9%87%D9%88%D8%B1%DB%8C_%D8%A7%D8%B3%D9%84%D8%A7%D9%85%DB%8C_%D8%A7%DB%8C%D8%B1%D8%A7%D9%86,Event
1373,3.0,30.0,۳۰ خرداد-بمب گذاری در حرم امام رضا,https://fa.wikipedia.org/wiki/%D8%A8%D9%85%D8%A8%E2%80%8C%DA%AF%D8%B0%D8%A7%D8%B1%DB%8C_%D8%AF%D8%B1_%D8%AD%D8%B1%D9%85_%D8%A7%D9%85%D8%A7%D9%85_%D8%B1%D8%B6%D8%A7,Event
1373,4.0,27.0,۲۷ تیر-انفجار مرکز همیاری یهودیاندر بوئنوس آیرس، آرژانتین,https://fa.wikipedia.org/wiki/%D8%A8%D9%85%D8%A8%E2%80%8C%DA%AF%D8%B0%D8%A7%D8%B1%DB%8C_%D8%A2%D9%85%DB%8C%D8%A7,Event
1374,7.0,16.0,۱۶ مهر: تبدیل روستای فیروزآباد خزل دراستان همدانایران به شهرفیروزان,https://fa.wikipedia.org/wiki/%D8%A7%D8%B3%D8%AA%D8%A7%D9%86_%D9%87%D9%85%D8%AF%D8%A7%D9%86,Event
1376,,,انتشار آلبومبهار مننخستین اثرشادمهر عقیلی.,https://fa.wikipedia.org/wiki/%D8%B4%D8%A7%D8%AF%D9%85%D9%87%D8%B1_%D8%B9%D9%82%DB%8C%D9%84%DB%8C,Event
1376,1.0,25.0,۲۵ فروردین- آتش سوزی در اردوگاه زائران در دشت منا ، 11 کیلومتریمکهرخ داد. 343 کشته شدند.,https://fa.wikipedia.org/wiki/%D9%85%DA%A9%D9%87,Event
1376,2.0,121997.0,۱۲ اردیبهشت- حزب کارگر انگلیس با اکثریت قاطع در انتخابات عمومی 1997 ، برای اولین بار پس از 18 سال با نخست وزیریتونی بلربه قدرت بازگشت.,https://fa.wikipedia.org/wiki/%D8%AA%D9%88%D9%86%DB%8C_%D8%A8%D9%84%D8%B1,Event
1377,3.0,17.0,۱۷ خرداد- آغاز محاکمهغلامحسین کرباسچیشهردار تهران,https://fa.wikipedia.org/wiki/%D8%BA%D9%84%D8%A7%D9%85%D8%AD%D8%B3%DB%8C%D9%86_%DA%A9%D8%B1%D8%A8%D8%A7%D8%B3%DA%86%DB%8C,Event
1377,3.0,31.0,۳۱ خرداد- استیضاح و برکناریعبدالله نوریوزیر کشور,https://fa.wikipedia.org/wiki/%D8%B9%D8%A8%D8%AF%D8%A7%D9%84%D9%84%D9%87_%D9%86%D9%88%D8%B1%DB%8C,Event
1377,3.0,311998.0,۳۱ خرداد-بازی آمریکا و ایران (جام جهانی فوتبال ۱۹۹۸),https://fa.wikipedia.org/wiki/%D8%A8%D8%A7%D8%B2%DB%8C_%D8%A2%D9%85%D8%B1%DB%8C%DA%A9%D8%A7_%D9%88_%D8%A7%DB%8C%D8%B1%D8%A7%D9%86_(%D8%AC%D8%A7%D9%85_%D8%AC%D9%87%D8%A7%D9%86%DB%8C_%D9%81%D9%88%D8%AA%D8%A8%D8%A7%D9%84_%DB%B1%DB%B9%DB%B9%DB%B8),Event
1377,,,تیر- انتشار آلبوم پرطرفدارمسافراثرشادمهر عقیلی.,https://fa.wikipedia.org/wiki/%D9%85%D8%B3%D8%A7%D9%81%D8%B1,Event
1377,5.0,91377.0,۹ مرداد-زمین لغزش و سیل ۱۳۷۷ ماسوله.,https://fa.wikipedia.org/wiki/%D8%B2%D9%85%DB%8C%D9%86%E2%80%8C%D9%84%D8%BA%D8%B2%D8%B4_%D9%88_%D8%B3%DB%8C%D9%84_%DB%B1%DB%B3%DB%B7%DB%B7_%D9%85%D8%A7%D8%B3%D9%88%D9%84%D9%87,Event
1377,8.0,13.0,۱۳ آبان- تأسیسسازمان صنایع هوافضا,https://fa.wikipedia.org/wiki/%D8%B3%D8%A7%D8%B2%D9%85%D8%A7%D9%86_%D8%B5%D9%86%D8%A7%DB%8C%D8%B9_%D9%87%D9%88%D8%A7%D9%81%D8%B6%D8%A7,Event
1377,8.0,29.0,۲۹ آبان- آغاز ساختایستگاه فضایی بین المللیدرمدار زمین,https://fa.wikipedia.org/wiki/%D8%A7%DB%8C%D8%B3%D8%AA%DA%AF%D8%A7%D9%87_%D9%81%D8%B6%D8%A7%DB%8C%DB%8C_%D8%A8%DB%8C%D9%86%E2%80%8C%D8%A7%D9%84%D9%85%D9%84%D9%84%DB%8C,Event
1377,,,نخستین هواپیمای جنگنده ساخت ایران به نامآذرخشدر ایران طراحی، ساخته و آزمایش شد[نیازمند منبع].,https://fa.wikipedia.org/wiki/%D9%88%DB%8C%DA%A9%DB%8C%E2%80%8C%D9%BE%D8%AF%DB%8C%D8%A7:%D9%86%DB%8C%D8%A7%D8%B2%D9%85%D9%86%D8%AF_%D9%85%D9%86%D8%A8%D8%B9,Event
1378,,,انتشار آلبومدهاتی،شادمهر عقیلیکه از آن به عنوان پرفروش ترین آلبوم پس از انقلاب یاد می شود.,https://fa.wikipedia.org/wiki/%D8%B4%D8%A7%D8%AF%D9%85%D9%87%D8%B1_%D8%B9%D9%82%DB%8C%D9%84%DB%8C,Event
1379,1.0,2930.0,۲۹ فروردینو۳۰ فروردین- پخش دست چین شده بخش های از کنفرانس ایران پس از انتخابات (کنفرانس برلین) از صدا و سیمای جمهوری اسلامی,https://fa.wikipedia.org/wiki/%DB%B3%DB%B0_%D9%81%D8%B1%D9%88%D8%B1%D8%AF%DB%8C%D9%86,Event
1379,,,اردیبهشت- توقیف همزمان و ناگهانی روزنامه های اصلاح طلب هوادارمحمد خاتمیکه به عنوان «توقیف فله ای مطبوعات» از آن یاد می شود.,https://fa.wikipedia.org/wiki/%D9%85%D8%AD%D9%85%D8%AF_%D8%AE%D8%A7%D8%AA%D9%85%DB%8C,Event
1379,,,مرداد- انتشار آلبومپر پرواز،شادمهر عقیلی.,https://fa.wikipedia.org/wiki/%D9%BE%D8%B1_%D9%BE%D8%B1%D9%88%D8%A7%D8%B2,Event
1379,8.0,12.0,۱۲ آبان- ورود نخستین گروه فضانوردان بهایستگاه فضایی بین المللی,https://fa.wikipedia.org/wiki/%D8%A7%DB%8C%D8%B3%D8%AA%DA%AF%D8%A7%D9%87_%D9%81%D8%B6%D8%A7%DB%8C%DB%8C_%D8%A8%DB%8C%D9%86%E2%80%8C%D8%A7%D9%84%D9%85%D9%84%D9%84%DB%8C,Event
1380,6.0,20113.0,۲۰ شهریور-حملهٔ تروریستی ۱۱ سپتامبربه برج ها دوقلونیویورکبا حدود ۳ هزار کشته.,https://fa.wikipedia.org/wiki/%D8%AD%D9%85%D9%84%D9%87_%D8%AA%D8%B1%D9%88%D8%B1%DB%8C%D8%B3%D8%AA%DB%8C_%DB%B1%DB%B1_%D8%B3%D9%BE%D8%AA%D8%A7%D9%85%D8%A8%D8%B1,Event
1380,7.0,15.0,۱۵ مهر- آغازیورش آمریکا به افغانستانبرای سرنگونیطالبان,https://fa.wikipedia.org/wiki/%D8%AC%D9%86%DA%AF_%D8%AF%D8%B1_%D8%A7%D9%81%D8%BA%D8%A7%D9%86%D8%B3%D8%AA%D8%A7%D9%86_(%DB%B2%DB%B0%DB%B0%DB%B1%E2%80%93%DB%B2%DB%B0%DB%B1%DB%B4),Event
1380,11.0,10.0,۱۰ بهمن - نام برده شدن ازایراندر کنارعراقوکره شمالیبه عنوان 'محور شرارت' توسطجورج بوش,https://fa.wikipedia.org/wiki/%D8%B9%D8%B1%D8%A7%D9%82,Event
1380,,,سقوطهواپیما توپولوفتهران-خرم آباددرسفیدکوهو کشته شدن هر ۱۱۹ مسافر این هواپیما,https://fa.wikipedia.org/wiki/%D8%AA%D9%87%D8%B1%D8%A7%D9%86,Event
1381,,,فروردین- انتشار آلبومخیالی نیست،شادمهر عقیلی.,https://fa.wikipedia.org/wiki/%D8%AE%DB%8C%D8%A7%D9%84%DB%8C_%D9%86%DB%8C%D8%B3%D8%AA,Event
1381,1.0,9.0,۹ فروردین- مراسم تشییع جنازهالیزابت، ملکه مادردرکلیسای وست مینسترلندنبرگزار می شود.,https://fa.wikipedia.org/wiki/%D8%A7%D9%84%DB%8C%D8%B2%D8%A7%D8%A8%D8%AA%D8%8C_%D9%85%D9%84%DA%A9%D9%87_%D9%85%D8%A7%D8%AF%D8%B1,Event
1381,2.0,14.0,۱۴ اردیبهشت-حادثه پارک شهر تهراندر پارک شهر تهران,https://fa.wikipedia.org/wiki/%D8%AD%D8%A7%D8%AF%D8%AB%D9%87_%D9%BE%D8%A7%D8%B1%DA%A9_%D8%B4%D9%87%D8%B1_%D8%AA%D9%87%D8%B1%D8%A7%D9%86,Event
1381,5.0,31.0,۳۱ مردادـزمین لرزه در بوئین زهرا,https://fa.wikipedia.org/wiki/%D8%B2%D9%85%DB%8C%D9%86%E2%80%8C%D9%84%D8%B1%D8%B2%D9%87_%DB%B1%DB%B3%DB%B8%DB%B1_%D8%A8%D9%88%D8%A6%DB%8C%D9%86%E2%80%8C%D8%B2%D9%87%D8%B1%D8%A7,Event
1381,7.0,171.0,۱۷ مهر- جنایت میدان کتابی؛قتلفاطمه سحرخیزان؛ خیّر و همسر اولناصر محمدخانی[۱],https://fa.wikipedia.org/wiki/%D9%82%D8%AA%D9%84,Event
1382,2.0,13.0,۱۳ اردیبهشت- انتخابمحمود احمدی نژادبه عنوانشهردار تهران,https://fa.wikipedia.org/wiki/%D9%85%D8%AD%D9%85%D9%88%D8%AF_%D8%A7%D8%AD%D9%85%D8%AF%DB%8C%E2%80%8C%D9%86%DA%98%D8%A7%D8%AF,Event
1382,9.0,22.0,۲۲ آذر- دستگیریصدام حسین,https://fa.wikipedia.org/wiki/%D8%B5%D8%AF%D8%A7%D9%85_%D8%AD%D8%B3%DB%8C%D9%86,Event
1382,10.0,5.0,۵ دی-زمین لرزه بم,https://fa.wikipedia.org/wiki/%D8%B2%D9%85%DB%8C%D9%86%E2%80%8C%D9%84%D8%B1%D8%B2%D9%87_%DB%B1%DB%B3%DB%B8%DB%B2_%D8%A8%D9%85,Event
1382,,,اسفند- انتشار آلبومآدم فروش،شادمهر عقیلی.,https://fa.wikipedia.org/wiki/%D8%A2%D8%AF%D9%85_%D9%81%D8%B1%D9%88%D8%B4,Event
1384,1.0,134.0,۱۳ فروردین- مرگپاپ ژان پل دومو سفر بیش از ۴ میلیون نفر بهواتیکان,https://fa.wikipedia.org/wiki/%D9%BE%D8%A7%D9%BE_%DA%98%D8%A7%D9%86_%D9%BE%D9%84_%D8%AF%D9%88%D9%85,Event
1384,1.0,20.0,۲۰ فروردین- ازدواجپرنس چارلزباکامیلا پارکردرتالار صنف ویندسورپس از تعویقی که به خاطر مرگ پاپ در نظر گرفته شده بود.,https://fa.wikipedia.org/wiki/%DA%86%D8%A7%D8%B1%D9%84%D8%B2_%D9%81%DB%8C%D9%84%DB%8C%D9%BE_%D8%A2%D8%B1%D8%AA%D9%88%D8%B1_%D8%AC%D9%88%D8%B1%D8%AC,Event
1384,1.0,295.0,۲۹ فروردین-کشته شدن۵ نفر بر اثر برخوردهای قومی درخوزستان,https://fa.wikipedia.org/wiki/%D8%A7%D8%B3%D8%AA%D8%A7%D9%86_%D8%AE%D9%88%D8%B2%D8%B3%D8%AA%D8%A7%D9%86,Event
1384,1.0,29.0,۲۹ فروردین-جوزف راتزینگربه عنوانپاپ بندیکت شانزدهمانتخاب شد.,https://fa.wikipedia.org/wiki/%D8%A8%D9%86%D8%AF%DB%8C%DA%A9%D8%AA_%D8%B4%D8%A7%D9%86%D8%B2%D8%AF%D9%87%D9%85,Event
1385,,,فروردین- انتشار آلبومپاپ کورن،شادمهر عقیلی.,https://fa.wikipedia.org/wiki/%D9%BE%D8%A7%D9%BE_%DA%A9%D9%88%D8%B1%D9%86,Event
1385,1.0,22.0,۲۲ فروردین- اعلام تکمیل شدن چرخهٔسوخت هسته ایتوسطمحمود احمدی نژاد، رئیس جمهور ایران.,https://fa.wikipedia.org/wiki/%D8%B3%D9%88%D8%AE%D8%AA_%D9%87%D8%B3%D8%AA%D9%87%E2%80%8C%D8%A7%DB%8C,Event
1386,,,مرداد- افتتاح رسمیخبرگزاری ابنابه دستمحمود احمدی نژادرئیس جمهور وقت ایران.,https://fa.wikipedia.org/wiki/%D8%AE%D8%A8%D8%B1%DA%AF%D8%B2%D8%A7%D8%B1%DB%8C_%D8%A7%D8%A8%D9%86%D8%A7,Event
1386,5.0,13.0,۱۳ مرداد- پرتابکاوشگر فینیکسبه سویمریخ.,https://fa.wikipedia.org/wiki/%DA%A9%D8%A7%D9%88%D8%B4%DA%AF%D8%B1_%D9%81%DB%8C%D9%86%DB%8C%DA%A9%D8%B3,Event
1386,9.0,29.0,۲۹ آذر- تشکیلشهرستان شوطدراستان آذربایجان غربی.,https://fa.wikipedia.org/wiki/%D8%B4%D9%87%D8%B1%D8%B3%D8%AA%D8%A7%D9%86_%D8%B4%D9%88%D8%B7,Event
1388,2.0,20.0,۲۰ اردیبهشت- انتشار آلبومتقدیر،شادمهر عقیلی.,https://fa.wikipedia.org/wiki/%D8%AA%D9%82%D8%AF%DB%8C%D8%B1,Event
1388,3.0,13.0,۱۳ خرداد-مناظرهٔ تلویزیونی میان محمود احمدی نژاد و میرحسین موسوی، دو تن از کاندیدهایدهمین دورهٔ انتخابات ریاست جمهوری ایران.,https://fa.wikipedia.org/wiki/%D9%85%D9%86%D8%A7%D8%B8%D8%B1%D9%87_%D8%AA%D9%84%D9%88%DB%8C%D8%B2%DB%8C%D9%88%D9%86%DB%8C_%D9%85%D8%AD%D9%85%D9%88%D8%AF_%D8%A7%D8%AD%D9%85%D8%AF%DB%8C%E2%80%8C%D9%86%DA%98%D8%A7%D8%AF_%D9%88_%D9%85%DB%8C%D8%B1%D8%AD%D8%B3%DB%8C%D9%86_%D9%85%D9%88%D8%B3%D9%88%DB%8C,Event
1388,3.0,16.0,۱۶ خرداد-مناظرهٔ تلویزیونی میان محمود احمدی نژاد و مهدی کروبی، دو تن از کاندیدهایدهمین دورهٔ انتخابات ریاست جمهوری ایران.,https://fa.wikipedia.org/wiki/%D9%85%D9%86%D8%A7%D8%B8%D8%B1%D9%87_%D8%AA%D9%84%D9%88%DB%8C%D8%B2%DB%8C%D9%88%D9%86%DB%8C_%D9%85%D8%AD%D9%85%D9%88%D8%AF_%D8%A7%D8%AD%D9%85%D8%AF%DB%8C%E2%80%8C%D9%86%DA%98%D8%A7%D8%AF_%D9%88_%D9%85%D9%87%D8%AF%DB%8C_%DA%A9%D8%B1%D9%88%D8%A8%DB%8C,Event
1388,3.0,19.0,۱۹ خرداد- مناظرهٔ تلویزیونی میان محمود احمدی نژاد و محسن رضایی، دو تن از کاندیدهایدهمین دورهٔ انتخابات ریاست جمهوری ایران.,https://fa.wikipedia.org/wiki/%D8%A7%D9%86%D8%AA%D8%AE%D8%A7%D8%A8%D8%A7%D8%AA_%D8%B1%DB%8C%D8%A7%D8%B3%D8%AA_%D8%AC%D9%85%D9%87%D9%88%D8%B1%DB%8C_%D8%A7%DB%8C%D8%B1%D8%A7%D9%86_(%DB%B1%DB%B3%DB%B8%DB%B8),Event
1388,3.0,2224.0,۲۲ خرداد-دهمین دورهٔ انتخابات ریاست جمهوریدرایرانو پیروزیمحمود احمدی نژادبا بیش از ۲۴ میلیون رأی در انتخابات,https://fa.wikipedia.org/wiki/%D8%A7%D9%86%D8%AA%D8%AE%D8%A7%D8%A8%D8%A7%D8%AA_%D8%B1%DB%8C%D8%A7%D8%B3%D8%AA_%D8%AC%D9%85%D9%87%D9%88%D8%B1%DB%8C_%D8%A7%DB%8C%D8%B1%D8%A7%D9%86_(%DB%B1%DB%B3%DB%B8%DB%B8),Event
1388,3.0,23.0,۲۳ خرداد- آغازاعتراضات به نتیجهٔ انتخابات ریاست جمهوری ایرانکه حدود یک هفته در جریان بود و تا پایان سال با شدت متفاوت ادامه داشت.,https://fa.wikipedia.org/wiki/%D9%BE%DB%8C%D8%A7%D9%85%D8%AF%D9%87%D8%A7%DB%8C_%D8%A7%D8%B9%D9%84%D8%A7%D9%85_%D9%86%D8%AA%D8%A7%DB%8C%D8%AC_%D8%A7%D9%86%D8%AA%D8%AE%D8%A7%D8%A8%D8%A7%D8%AA_%D8%B1%DB%8C%D8%A7%D8%B3%D8%AA_%D8%AC%D9%85%D9%87%D9%88%D8%B1%DB%8C_%D8%A7%DB%8C%D8%B1%D8%A7%D9%86_(%DB%B1%DB%B3%DB%B8%DB%B8),Event
1388,3.0,29.0,۲۹ خرداد- سخنرانی معروفآیت الله خامنه ایرهبر ایران در نماز جمعه که از معترضان خواست راه های قانونی را برای اعتراض به نتیجهٔ انتخابات برگزینند.,https://fa.wikipedia.org/wiki/%D8%A2%DB%8C%D8%AA_%D8%A7%D9%84%D9%84%D9%87_%D8%AE%D8%A7%D9%85%D9%86%D9%87%E2%80%8C%D8%A7%DB%8C,Event
1388,4.0,24168.0,۲۴ تیر-سقوط هواپیمای مسافربری مسیر تهران-ایرواندر حوالی قزوین و کشته شدن همهٔ ۱۶۸ سرنشین آن.,https://fa.wikipedia.org/wiki/%D9%BE%D8%B1%D9%88%D8%A7%D8%B2_%D8%B4%D9%85%D8%A7%D8%B1%D9%87_%DB%B7%DB%B9%DB%B0%DB%B8_%D9%87%D9%88%D8%A7%D9%BE%DB%8C%D9%85%D8%A7%DB%8C%DB%8C_%DA%A9%D8%A7%D8%B3%D9%BE%DB%8C%D9%86,Event
1389,1.0,7.0,۷ فروردین- آغاز نخستین دورهٔجشن جهانی نوروزدرایران,https://fa.wikipedia.org/wiki/%D8%AC%D8%B4%D9%86_%D8%AC%D9%87%D8%A7%D9%86%DB%8C_%D9%86%D9%88%D8%B1%D9%88%D8%B2,Event
1389,1.0,21.0,۲۱ فروردین- رئیس جمهور لهستان،لخ کاچینسکی، در میان ۹۶ کشته شده هنگام سقوط هواپیمای آن ها در نزدیکی اسمولنسک، روسیه است.,https://fa.wikipedia.org/wiki/%D9%84%D8%AE_%DA%A9%D8%A7%DA%86%DB%8C%D9%86%D8%B3%DA%A9%DB%8C,Event
1389,1.0,31.0,۳۱ فروردین- پس از انفجارسکوی نفتیدیپ واتر هاریزونتحت مسؤلیتشرکت نفت بریتانیایکلکه نفتی در خلیج مکزیکبه وجود آمد,https://fa.wikipedia.org/wiki/%D8%B3%DA%A9%D9%88%DB%8C_%D9%86%D9%81%D8%AA%DB%8C,Event
1389,2.0,27.0,۲۷ اردیبهشت- امضاءبیانیه تهراندر خصوص تبادل هسته ای میان سه کشورایران،برزیلوترکیه,https://fa.wikipedia.org/wiki/%D8%A8%DB%8C%D8%A7%D9%86%DB%8C%D9%87_%D8%AA%D9%87%D8%B1%D8%A7%D9%86,Event
1389,3.0,6.0,۶ خرداد- برگزاریهمایش کورش هخامنشی و ذوالقرنینتوسطمرکز دائرةالمعارف بزرگ اسلامی,https://fa.wikipedia.org/w/index.php?title=%D9%87%D9%85%D8%A7%DB%8C%D8%B4_%DA%A9%D9%88%D8%B1%D8%B4_%D9%87%D8%AE%D8%A7%D9%85%D9%86%D8%B4%DB%8C_%D9%88_%D8%B0%D9%88%D8%A7%D9%84%D9%82%D8%B1%D9%86%DB%8C%D9%86&action=edit&redlink=1,Event
1389,5.0,3.0,۳مرداد-ویکی لیکس، ناشر آنلاین مطالب ناشناس، مخفی و طبقه بندی شده، بیش از ۹۰٬۰۰۰ گزارش داخلی دربارهٔ مشارکت به رهبری ایالات متحده در جنگ افغانستان از ۲۰۰۴ تا ۲۰۱۰ به گوش مردم می رسد.,https://fa.wikipedia.org/wiki/%D9%88%DB%8C%DA%A9%DB%8C%E2%80%8C%D9%84%DB%8C%DA%A9%D8%B3,Event
1389,5.0,71600.0,۷ مرداد- باران های شدید موسمی باعث جاری شدن سیل گسترده در استان خیبر پختونخواپاکستانمی شود. بیش از ۱۶۰۰ کشته و بیش از یک میلیون نفر در اثر سیل آواره شده اند.,https://fa.wikipedia.org/wiki/%D9%BE%D8%A7%DA%A9%D8%B3%D8%AA%D8%A7%D9%86,Event
1389,6.0,25.0,۲۵ شهریور- برگزاریچهاردهمین جشن خانه سینما,https://fa.wikipedia.org/wiki/%DA%86%D9%87%D8%A7%D8%B1%D8%AF%D9%87%D9%85%DB%8C%D9%86_%D8%AC%D8%B4%D9%86_%D8%AE%D8%A7%D9%86%D9%87_%D8%B3%DB%8C%D9%86%D9%85%D8%A7,Event
1389,6.0,27.0,۲۷ شهریور/سنبله. برگزاریدومین انتخابات شورای ملی افغانستاندر نظامجمهوری اسلامی.,https://fa.wikipedia.org/wiki/%D8%A7%D9%86%D8%AA%D8%AE%D8%A7%D8%A8%D8%A7%D8%AA_%D9%85%D8%AC%D9%84%D8%B3_%D8%A7%D9%81%D8%BA%D8%A7%D9%86%D8%B3%D8%AA%D8%A7%D9%86_(%DB%B1%DB%B3%DB%B8%DB%B9),Event
1389,9.0,9.0,۹ آذر- آخرین قرنطینهزندان انفرادیخدیجه (شهلا) جاهد ؛پرستار،دانشجویروان شناسی، مربیمهد کودک، همسر دوم موقتناصر محمدخانیو محکوم به جنایت قتلفاطمه (لاله) سحرخیزان(خیّر و همسر اولناصر محمدخانی)[۱][۲],https://fa.wikipedia.org/wiki/%D8%B2%D9%86%D8%AF%D8%A7%D9%86_%D8%A7%D9%86%D9%81%D8%B1%D8%A7%D8%AF%DB%8C,Event
1389,9.0,10.0,۱۰ آذر-اعدامخدیجه ( شهلا ) جاهد ؛ پرستار ، دانشجویروان شناسی،مربی مهدکودک، همسر دوم موقتناصر محمدخانیو محکوم به جنایتقتلفاطمه ( لاله ) سحرخیزان(خیّر و همسر اولناصر محمد خانی)[۳],https://fa.wikipedia.org/wiki/%D8%A7%D8%B9%D8%AF%D8%A7%D9%85,Event
1389,9.0,2623.0,۲۶ آذر- خودسوزی محمد بوعزیزی دستفروش تونسی در اعتراض به توقیف کالاهایش اقدام بوعزیزی آغازگرانقلابی در تونسشد که به حکومت ۲۳ سالهٔزین العابدین بن علیبر این کشور پایان بخشید ادامه این روند به جریانی موسوم بهبهار عربیشد.,https://fa.wikipedia.org/wiki/%D9%82%DB%8C%D8%A7%D9%85_%D8%AA%D9%88%D9%86%D8%B3_(%DB%B2%DB%B0%DB%B1%DB%B0%E2%80%93%DB%B2%DB%B0%DB%B1%DB%B1),Event
1389,11.0,5.0,۵ بهمن- آغازانقلاب مصربا هدف سرنگونیحسنی مبارک.,https://fa.wikipedia.org/wiki/%D8%A7%D9%86%D9%82%D9%84%D8%A7%D8%A8_%DB%B2%DB%B0%DB%B1%DB%B1_%D9%85%D8%B5%D8%B1,Event
1389,11.0,22.0,۲۲ بهمن- خروجحسنی مبارکاز مصر و پیروزیانقلاب مصر.,https://fa.wikipedia.org/wiki/%D8%AD%D8%B3%D9%86%DB%8C_%D9%85%D8%A8%D8%A7%D8%B1%DA%A9,Event
1389,11.0,25251389111389.0,۲۵ بهمن-اعتراضات جنبش سبز در ۲۵ بهمن ۱۳۸۹۱ اسفند-اعتراضات جنبش سبز در ۱ اسفند ۱۳۸۹,https://fa.wikipedia.org/wiki/%D8%A7%D8%B9%D8%AA%D8%B1%D8%A7%D8%B6%D8%A7%D8%AA_%D8%AC%D9%86%D8%A8%D8%B4_%D8%B3%D8%A8%D8%B2_%D8%AF%D8%B1_%DB%B2%DB%B5_%D8%A8%D9%87%D9%85%D9%86_%DB%B1%DB%B3%DB%B8%DB%B9,Event
1389,10.0,1515.0,۱۵ اسفند - هنگامی که ۱۵ جوان دردرعابه جرم نوشتن نقاشی دیواری بر روی دیوار مدرسه خود و محکوم کردن رژیم رئیس جمهوربشار اسددستگیر شدند، مرحله قیام داخلی جنگ داخلی سوریه آغاز شد.,https://fa.wikipedia.org/wiki/%D8%A8%D8%B4%D8%A7%D8%B1_%D8%A7%D8%B3%D8%AF,Event
1390,3.0,2519.0,دوماه گرفتگیکلی در ۲۵خردادو ۱۹آذر.,https://fa.wikipedia.org/wiki/%D8%AE%D8%B1%D8%AF%D8%A7%D8%AF,Event
1390,3.0,11.0,سهخورشیدگرفتگیجزئی در۱۱ خرداد،۱۰ تیرو۴ آذر.,https://fa.wikipedia.org/wiki/%DB%B1%DB%B1_%D8%AE%D8%B1%D8%AF%D8%A7%D8%AF,Event
1391,7.0,2614.0,۲۶ مهر تا ۱۴ آذر -اعتصاب غذاینسرین ستودهدر اعتراض به حکم ممنوع الخروجی دخترش,https://fa.wikipedia.org/wiki/%D9%86%D8%B3%D8%B1%DB%8C%D9%86_%D8%B3%D8%AA%D9%88%D8%AF%D9%87,Event
1392,2.0,31.0,۳۱ اردیبهشت-شورای نگهبان قانون اساسی ایران، اسامی ۸ نامزد احراز صلاحیت شده براییازدهمین انتخابات ریاست جمهوری ایرانرا اعلام کرد. در میان۶۷۸ نامزدِ ردِ صلاحیت شده، نام افراد سرشناسی چوناکبر هاشمی رفسنجانیواسفندیار رحیم مشاییوجود داشت.[۲],https://fa.wikipedia.org/wiki/%D8%B4%D9%88%D8%B1%D8%A7%DB%8C_%D9%86%DA%AF%D9%87%D8%A8%D8%A7%D9%86_%D9%82%D8%A7%D9%86%D9%88%D9%86_%D8%A7%D8%B3%D8%A7%D8%B3%DB%8C,Event
1393,1.0,4.0,۴ فروردین- طی یک نشست اضطراری ، انگلستان ، ایالات متحده ، ایتالیا ، آلمان ، فرانسه ، ژاپن و کانادا به طور موقت روسیه را ازG8به حالت تعلیق درآوردند,https://fa.wikipedia.org/wiki/%DA%AF%D8%B1%D9%88%D9%87_%D9%87%D8%B4%D8%AA,Event
1393,1.0,16.0,۱۶ فروردین/حمل. برگزاریسومین انتخابات ریاست جمهوری افغانستانکه به دور دوم کشیده شد.,https://fa.wikipedia.org/wiki/%D8%A7%D9%86%D8%AA%D8%AE%D8%A7%D8%A8%D8%A7%D8%AA_%D8%B1%DB%8C%D8%A7%D8%B3%D8%AA%E2%80%8C%D8%AC%D9%85%D9%87%D9%88%D8%B1%DB%8C_%D8%A7%D9%81%D8%BA%D8%A7%D9%86%D8%B3%D8%AA%D8%A7%D9%86_(%DB%B1%DB%B3%DB%B9%DB%B3),Event
1394,1.0,1315.0,۱۳ فروردین-جمهوری اسلامی ایرانوگروه ۱+۵برای رسیدن بهبرنامه جامع اقدام مشترکپیرامونبرنامه هسته ای ایراندرلوزانسوئیسطی بیانیه ای بهیک تفاهم تاریخیرسیدند.,https://fa.wikipedia.org/wiki/%D9%86%D8%B8%D8%A7%D9%85_%D8%AC%D9%85%D9%87%D9%88%D8%B1%DB%8C_%D8%A7%D8%B3%D9%84%D8%A7%D9%85%DB%8C_%D8%A7%DB%8C%D8%B1%D8%A7%D9%86,Event
1394,1.0,24.0,۲۴ فروردین- پس از آن که دستورحسن روحانیبرای بررسی مسئلهٔتجاوز جنسی دو مأمور عربستانی در فرودگاه جدهبه دو نوجوان ایرانی، بهعلی جنتی، وزیر ارشاد ایران اعلام کرد تا زمانی که این افراد مجرم (متجاوزان به دو نوجوان ایرانی در فرودگاه جده) محاکمه بشوند و مورد مجازات قرار بگیرند، فعلاً عمره متوقف می شود و پروازهای ایران تعلیق خواهد شد.[۳],https://fa.wikipedia.org/wiki/%D8%AD%D8%B3%D9%86_%D8%B1%D9%88%D8%AD%D8%A7%D9%86%DB%8C,Event
1394,1.0,1515.0,۱۵ فروردین-ماه گرفتگی کلی ۱۵ فروردین(غیرقابل رویت در ایران),https://fa.wikipedia.org/wiki/%D9%85%D8%A7%D9%87%E2%80%8C%DA%AF%D8%B1%D9%81%D8%AA%DA%AF%DB%8C_%D8%A2%D9%88%D8%B1%DB%8C%D9%84_%DB%B2%DB%B0%DB%B1%DB%B5,Event
1395,1.0,4.0,۴ فروردین- مأموریتاحمد شهید، گزارشگر ویژهحقوق بشر در ایرانبار دیگر از سویشورای حقوق بشر سازمان ملل متحدبا ۲۰ رأی مثبت، ۱۵ رأی منفی و ۱۱ رأی ممتنع تمدید گردید.[۳],https://fa.wikipedia.org/wiki/%D8%A7%D8%AD%D9%85%D8%AF_%D8%B4%D9%87%DB%8C%D8%AF,Event
1395,1.0,57.0,۵ فروردین-وزارت دادگستری ایالات متحده آمریکابرای ۷ ایرانی به اتهام حمله سایبری به یک سد کوچک در اطرافنیویورکو چند بانک آمریکایی، کیفرخواست صادر کرد.[۴][۵],https://fa.wikipedia.org/wiki/%D9%88%D8%B2%D8%A7%D8%B1%D8%AA_%D8%AF%D8%A7%D8%AF%DA%AF%D8%B3%D8%AA%D8%B1%DB%8C_%D8%A7%DB%8C%D8%A7%D9%84%D8%A7%D8%AA_%D9%85%D8%AA%D8%AD%D8%AF%D9%87_%D8%A2%D9%85%D8%B1%DB%8C%DA%A9%D8%A7,Event
1396,1.0,166.0,۱۶ فروردین-زلزله ۶ ریشتری در خراسان رضوی,https://fa.wikipedia.org/wiki/%D8%B2%D9%85%DB%8C%D9%86%E2%80%8C%D9%84%D8%B1%D8%B2%D9%87_%DB%B1%DB%B3%DB%B9%DB%B6_%D8%AE%D8%B1%D8%A7%D8%B3%D8%A7%D9%86_%D8%B1%D8%B6%D9%88%DB%8C,Event
1396,1.0,2540.0,۲۵ فروردین-سیل در شمال غرب ایران با ۴۰ کشته و زخمی,https://fa.wikipedia.org/wiki/%D8%B3%DB%8C%D9%84_%DB%B1%DB%B3%DB%B9%DB%B6_%D8%B4%D9%85%D8%A7%D9%84_%D8%BA%D8%B1%D8%A8_%D8%A7%DB%8C%D8%B1%D8%A7%D9%86,Event
1397,,,۱- آغاز پخش مجموعهپایتخت (فصل ۵),https://fa.wikipedia.org/wiki/%D9%BE%D8%A7%DB%8C%D8%AA%D8%AE%D8%AA_(%D9%81%D8%B5%D9%84_%DB%B5),Event
1397,,,۱۰- برگزاریتظاهرات روز سرزمین ۲۰۱۸درفلسطین.,https://fa.wikipedia.org/wiki/%D8%AA%D8%B8%D8%A7%D9%87%D8%B1%D8%A7%D8%AA_%D8%B1%D9%88%D8%B2_%D8%B3%D8%B1%D8%B2%D9%85%DB%8C%D9%86_%DB%B2%DB%B0%DB%B1%DB%B8,Event
1398,1.0,112019.0,۱۱ فروردین-تظاهرات ۲۰۱۹ هنگ کنگ,https://fa.wikipedia.org/wiki/%D8%AA%D8%B8%D8%A7%D9%87%D8%B1%D8%A7%D8%AA_%DB%B2%DB%B0%DB%B1%DB%B9_%D9%87%D9%86%DA%AF_%DA%A9%D9%86%DA%AF,Event
1398,1.0,19.0,۱۹ فروردین-قرار گرفتن سپاه پاسداران در فهرست گروه های تروریستی از سوی دولت آمریکا,https://fa.wikipedia.org/wiki/%D9%82%D8%B1%D8%A7%D8%B1_%DA%AF%D8%B1%D9%81%D8%AA%D9%86_%D8%B3%D9%BE%D8%A7%D9%87_%D9%BE%D8%A7%D8%B3%D8%AF%D8%A7%D8%B1%D8%A7%D9%86_%D8%AF%D8%B1_%D9%81%D9%87%D8%B1%D8%B3%D8%AA_%DA%AF%D8%B1%D9%88%D9%87%E2%80%8C%D9%87%D8%A7%DB%8C_%D8%AA%D8%B1%D9%88%D8%B1%DB%8C%D8%B3%D8%AA%DB%8C_%D8%A7%D8%B2_%D8%B3%D9%88%DB%8C_%D8%AF%D9%88%D9%84%D8%AA_%D8%A2%D9%85%D8%B1%DB%8C%DA%A9%D8%A7,Event
1398,1.0,19.0,۱۹ فروردین- دولت ایران در اقدامی متقابلستاد فرماندهی مرکزی ایالات متحدهموسوم به سنتکام را در فهرست گروه های تروریستی خود قرار داد.,https://fa.wikipedia.org/wiki/%D8%B3%D8%AA%D8%A7%D8%AF_%D9%81%D8%B1%D9%85%D8%A7%D9%86%D8%AF%D9%87%DB%8C_%D9%85%D8%B1%DA%A9%D8%B2%DB%8C_%D8%A7%DB%8C%D8%A7%D9%84%D8%A7%D8%AA_%D9%85%D8%AA%D8%AD%D8%AF%D9%87,Event
1399,1.0,120201919100000.0,۱ فروردین–دنیاگیری ۲۰–۲۰۱۹ کروناویروس: تعداد مرگ و میر در سراسر جهان از کووید-۱۹ از ۱۰۰٬۰۰۰ نفر فراتر رفت.,https://fa.wikipedia.org/wiki/%D8%AF%D9%86%DB%8C%D8%A7%DA%AF%DB%8C%D8%B1%DB%8C_%DB%B2%DB%B0%E2%80%93%DB%B2%DB%B0%DB%B1%DB%B9_%DA%A9%D8%B1%D9%88%D9%86%D8%A7%D9%88%DB%8C%D8%B1%D9%88%D8%B3,Event
1399,1.0,1156.0,۱ فروردینتا۱۵ فروردینمجموعه تلویزیونیپایتخت ۶ازشبکه یکوشبکه تماشاپخش شد.,https://fa.wikipedia.org/wiki/%DB%B1%DB%B5_%D9%81%D8%B1%D9%88%D8%B1%D8%AF%DB%8C%D9%86,Event
1399,1.0,219200001556.0,۲ فروردین–دنیاگیری کروناویروس در ایران: تعداد مبتلایان به کووید-۱۹ در ایران از مرز ۲۰٬۰۰۰ گذشت و فوتی ها به ۱٬۵۵۶ نفر رسید.,https://fa.wikipedia.org/wiki/%D8%AF%D9%86%DB%8C%D8%A7%DA%AF%DB%8C%D8%B1%DB%8C_%DA%A9%D8%B1%D9%88%D9%86%D8%A7%D9%88%DB%8C%D8%B1%D9%88%D8%B3_%D8%AF%D8%B1_%D8%A7%DB%8C%D8%B1%D8%A7%D9%86,Event
1399,1.0,413.0,۴ فروردین– سیل در ۱۳ استانآذربایجان شرقی،بوشهر،چهارمحال و بختیاری،خراسان جنوبی،سمنان،سیستان و بلوچستان،فارس،قزوین،قم،کرمان،کهگیلویه و بویراحمد،مرکزیوهرمزگاندرایران۷ کشته، ۱۵ زخمی و ۲ نفر مفقود برجا گذاشت.,https://fa.wikipedia.org/wiki/%D8%A7%D8%B3%D8%AA%D8%A7%D9%86_%D8%A2%D8%B0%D8%B1%D8%A8%D8%A7%DB%8C%D8%AC%D8%A7%D9%86_%D8%B4%D8%B1%D9%82%DB%8C,Event
1399,1.0,520201913.0,۵ فروردیندنیاگیری ۲۰–۲۰۱۹ کروناویروس:هندبا بیش از ۱٫۳ میلیارد نفر جمعیت، بیش از یک ششم جمعیت جهان، با نوعی از محدودیت های حرکتی روبرو هستند، زیرا ۲۱ روز برای جلوگیری از گسترش کووید-۱۹ قرنطینه می شود.دنیاگیری ۲۰–۲۰۱۹ کروناویروس:لی که چیانگ،نخست وزیر چینیگزارش داد که «گسترش اپیدمی منتقل شده در داخل کشور اساساً مسدود شده است» و شیوع آن در چین کنترل شده است.دنیاگیری ۲۰–۲۰۱۹ کروناویروس:بریتانیابه مدت سه هفته قرنطینه می شود تا کروناویروس کنترل شود.دنیاگیری ۲۰–۲۰۱۹ کروناویروس:کمیته بین المللی المپیکو ژاپنبازی های المپیک تابستانیرا تا سال۲۰۲۱، بدون تاریخ تعیین مجدد، به حالت تعلیق درمی آورند.,https://fa.wikipedia.org/wiki/%D8%AF%D9%86%DB%8C%D8%A7%DA%AF%DB%8C%D8%B1%DB%8C_%DB%B2%DB%B0%E2%80%93%DB%B2%DB%B0%DB%B1%DB%B9_%DA%A9%D8%B1%D9%88%D9%86%D8%A7%D9%88%DB%8C%D8%B1%D9%88%D8%B3,Event
1399,10.0,20201913.0,دنیاگیری ۲۰–۲۰۱۹ کروناویروس:هندبا بیش از ۱٫۳ میلیارد نفر جمعیت، بیش از یک ششم جمعیت جهان، با نوعی از محدودیت های حرکتی روبرو هستند، زیرا ۲۱ روز برای جلوگیری از گسترش کووید-۱۹ قرنطینه می شود.,https://fa.wikipedia.org/wiki/%D9%87%D9%86%D8%AF,Event
1399,,,دنیاگیری ۲۰–۲۰۱۹ کروناویروس:لی که چیانگ،نخست وزیر چینیگزارش داد که «گسترش اپیدمی منتقل شده در داخل کشور اساساً مسدود شده است» و شیوع آن در چین کنترل شده است.,https://fa.wikipedia.org/wiki/%D9%84%DB%8C_%DA%A9%D9%87_%DA%86%DB%8C%D8%A7%D9%86%DA%AF,Event
1399,,,دنیاگیری ۲۰–۲۰۱۹ کروناویروس:بریتانیابه مدت سه هفته قرنطینه می شود تا کروناویروس کنترل شود.,https://fa.wikipedia.org/wiki/%D8%A8%D8%B1%DB%8C%D8%AA%D8%A7%D9%86%DB%8C%D8%A7,Event
1399,,,دنیاگیری ۲۰–۲۰۱۹ کروناویروس:کمیته بین المللی المپیکو ژاپنبازی های المپیک تابستانیرا تا سال۲۰۲۱، بدون تاریخ تعیین مجدد، به حالت تعلیق درمی آورند.,https://fa.wikipedia.org/wiki/%DA%A9%D9%85%DB%8C%D8%AA%D9%87_%D8%A8%DB%8C%D9%86%E2%80%8C%D8%A7%D9%84%D9%85%D9%84%D9%84%DB%8C_%D8%A7%D9%84%D9%85%D9%BE%DB%8C%DA%A9,Event
1399,1.0,720201919500000.0,۷ فروردیندنیاگیری ۲۰–۲۰۱۹ کروناویروس: موارد جهانی کووید-۱۹ به ۵۰۰٬۰۰۰، با نزدیک به ۲۳٬۰۰۰ مرگ و میر تأیید شده است. ایالات متحده در کل موارد شناخته شده کووید-۱۹ با حداقل ۸۱۳٬۲۳۲ مورد و بیش از ۱٬۰۰۰ مرگ و میر از چین و ایتالیا پیشی دارد.دنیاگیری ۲۰–۲۰۱۹ کروناویروس: ستیزه جویان درفیلیپین، سوریه،یمنو لیبی با درخواست دبیرکل سازمان ملل متحد،آنتونیو گوترشدر مورد درخواست آتش بس موافقت می کنند. برخی از آن ها کمک های پزشکی را برای خود و افراد غیر همراه در جوامع خود می پذیرند. گوترس همچنین از کشورهای ثروتمند خواسته است دو میلیارد دلار برای کمک به مبارزه با ویروس کمک کنند. کلمبیا و ونزوئلا در مورد واکنش مشترک به همه گیری جهانی وامارات متحده عربیدربارهٔ کمک های هوایی به ایران گفتگو کردند.سومین رویداد سفیدکننده مرجانی در طی پنج سال و درسد بزرگ مرجانیثبت می شود.,https://fa.wikipedia.org/wiki/%D8%AF%D9%86%DB%8C%D8%A7%DA%AF%DB%8C%D8%B1%DB%8C_%DB%B2%DB%B0%E2%80%93%DB%B2%DB%B0%DB%B1%DB%B9_%DA%A9%D8%B1%D9%88%D9%86%D8%A7%D9%88%DB%8C%D8%B1%D9%88%D8%B3,Event
1399,,,دنیاگیری ۲۰–۲۰۱۹ کروناویروس: ستیزه جویان درفیلیپین، سوریه،یمنو لیبی با درخواست دبیرکل سازمان ملل متحد،آنتونیو گوترشدر مورد درخواست آتش بس موافقت می کنند. برخی از آن ها کمک های پزشکی را برای خود و افراد غیر همراه در جوامع خود می پذیرند. گوترس همچنین از کشورهای ثروتمند خواسته است دو میلیارد دلار برای کمک به مبارزه با ویروس کمک کنند. کلمبیا و ونزوئلا در مورد واکنش مشترک به همه گیری جهانی وامارات متحده عربیدربارهٔ کمک های هوایی به ایران گفتگو کردند.,https://fa.wikipedia.org/wiki/%D8%A7%D8%A8%D9%88%D8%B3%DB%8C%D8%A7%D9%81,Event
1399,1.0,830000111332378.0,۸ فروردیندنیاگیری کروناویروس در ایران: تعداد مبتلایان کرونا در ایران از مرز ۳۰٬۰۰۰ نفر گذشت. ۱۱٬۱۳۳ نفر بهبود یافته و ۲٬۳۷۸ نفر فوت کردند.مقدونیه شمالیسی امین کشوری است که بهناتوپیوست.,https://fa.wikipedia.org/wiki/%D8%AF%D9%86%DB%8C%D8%A7%DA%AF%DB%8C%D8%B1%DB%8C_%DA%A9%D8%B1%D9%88%D9%86%D8%A7%D9%88%DB%8C%D8%B1%D9%88%D8%B3_%D8%AF%D8%B1_%D8%A7%DB%8C%D8%B1%D8%A7%D9%86,Event
1399,,,مقدونیه شمالیسی امین کشوری است که بهناتوپیوست.,https://fa.wikipedia.org/wiki/%D9%86%D8%A7%D8%AA%D9%88,Event
1399,1.0,1454121314.0,۱۴ فروردین– شمار مبتلایان به ویروس کرونا در جهان از مرز یک میلیون نفر گذشت و تعداد جانباختگان نیز به ۵۴ هزار نفر رسید.[۱۲][۱۳][۱۴],#cite_note-AutoOV-10-12,Event
1399,1.0,1815.0,۱۸ فروردین– ابتلای یک ببر به کرونا در باغ وحش نیویورک.[۱۵],#cite_note-AutoOV-13-15,Event
1399,1.0,19.0,۱۹ فروردین– اعلام وضعیت اضطراری درژاپن، نخست وزیر ژاپن این وضعیت اضطراری را برای دوره ای یک ماهه درتوکیوو شش منطقه دیگر اعلام کرده است.[۱۶],https://fa.wikipedia.org/wiki/%DA%98%D8%A7%D9%BE%D9%86,Event
1399,1.0,20761718.0,۲۰ فروردین– لغوقرنطینه کامل ووهانکانون شیوع ویروس کرونا در مرکزچینبعد از ۷۶ روز[۱۷][۱۸],https://fa.wikipedia.org/wiki/%D9%82%D8%B1%D9%86%D8%B7%DB%8C%D9%86%D9%87_%DB%B2%DB%B0%DB%B2%DB%B0_%D9%88%D9%88%D9%87%D8%A7%D9%86,Event
1399,1.0,221019.0,۲۲ فروردین– شمار افراد درگذشته بر اثر ابتلا به ویروس کرونا در جهان جمعه شب ۱۰ آوریل از مرز نمادین یک صد هزار نفر گذشت.[۱۹],#cite_note-AutoOV-17-19,Event
1400,1.0,26121314.0,۲۶ فروردین - کشته شدن دو مرزبان هنگ مرزی سراوان[۱۲][۱۳][۱۴],#cite_note-iwzlm-13,Event
1401,1.0,1419.0,۱۴ فروردین- آغاز تدریس حضوری مدارس و بازگشایی مدارس دو سال پس ازدنیاگیری ویروس کووید-۱۹,https://fa.wikipedia.org/wiki/%D8%AF%D9%86%DB%8C%D8%A7%DA%AF%DB%8C%D8%B1%DB%8C_%D9%88%DB%8C%D8%B1%D9%88%D8%B3_%DA%A9%D9%88%D9%88%DB%8C%D8%AF-%DB%B1%DB%B9,Event
1401,1.0,151401.0,۱۵ فروردین- آغازاعتراضات ۱۴۰۱ کشاورزان ایران,https://fa.wikipedia.org/wiki/%D8%A7%D8%B9%D8%AA%D8%B1%D8%A7%D8%B6%D8%A7%D8%AA_%DB%B1%DB%B4%DB%B0%DB%B1_%DA%A9%D8%B4%D8%A7%D9%88%D8%B1%D8%B2%D8%A7%D9%86_%D8%A7%DB%8C%D8%B1%D8%A7%D9%86,Event
1401,1.0,161401.0,۱۶ فروردینحادثه ۱۴۰۱ حرم امام رضا,https://fa.wikipedia.org/wiki/%D8%AD%D8%A7%D8%AF%D8%AB%D9%87_%DB%B1%DB%B4%DB%B0%DB%B1_%D8%AD%D8%B1%D9%85_%D8%A7%D9%85%D8%A7%D9%85_%D8%B1%D8%B6%D8%A7,Event
1401,1.0,19.0,۱۹ فروردین: هجوم گرد و غبار شدید همراه با باد تند ازغرب ایران؛ هوای شهرهایپل دختروخرم آبادبه اوج کثیفی خود رسید,https://fa.wikipedia.org/wiki/%D8%BA%D8%B1%D8%A8_%D8%A7%DB%8C%D8%B1%D8%A7%D9%86,Event
1402,1.0,41402150.0,۴ فروردین-زمین لرزه فروردین ۱۴۰۲ خویموجب مصدومیت بیش از ۱۵۰ نفر شد.,https://fa.wikipedia.org/wiki/%D8%B2%D9%85%DB%8C%D9%86%E2%80%8C%D9%84%D8%B1%D8%B2%D9%87%E2%80%8C%D9%87%D8%A7%DB%8C_%DB%B1%DB%B4%DB%B0%DB%B1_%D8%A2%D8%B0%D8%B1%D8%A8%D8%A7%DB%8C%D8%AC%D8%A7%D9%86_%D8%BA%D8%B1%D8%A8%DB%8C,Event
1402,1.0,10.0,۱۰ فروردین-دیوان بین المللی دادگستریرأی داد کهایالات متحده آمریکابا اعطای مجوز به دادگاه های داخلی به منظور برداشت از اموال مسدود شدهٔ شرکت های ایرانی در آمریکا،عهدنامهٔ مودت و روابط اقتصادی و حقوق کنسولیباایرانرا نقض کرده است.[۵],https://fa.wikipedia.org/wiki/%D8%AF%DB%8C%D9%88%D8%A7%D9%86_%D8%A8%DB%8C%D9%86%E2%80%8C%D8%A7%D9%84%D9%85%D9%84%D9%84%DB%8C_%D8%AF%D8%A7%D8%AF%DA%AF%D8%B3%D8%AA%D8%B1%DB%8C,Event
1402,1.0,1786.0,۱۷ فروردین- وزرای خارجه ایران و عربستان سعودی پس از حدود ۸ سال قطع روابط دیپلماتیک در پکن با هم دیدار کردند و مقرر شد روابط دوجانبه را بار دیگر برقرار کنند.[۶],#cite_note-6,Event
1403,1.0,34050451431506.0,۳ فروردینلو رفتن پاداش های ۴۰ تا ۵۰ میلیاردی بابت حضور سلبریتی ها درصدا و سیما[۴][۵]حمله به تالار کروکوس سیتیدرمسکوپایتختروسیهدستکم ۱۴۳ نفر کشته و ۱۵۰ تن زخمی. گروه تروریستیداعشمسئولیت این حمله را برعهده گرفت.[۶],https://fa.wikipedia.org/wiki/%D8%B3%D8%A7%D8%B2%D9%85%D8%A7%D9%86_%D8%B5%D8%AF%D8%A7%D9%88%D8%B3%DB%8C%D9%85%D8%A7%DB%8C_%D8%AC%D9%85%D9%87%D9%88%D8%B1%DB%8C_%D8%A7%D8%B3%D9%84%D8%A7%D9%85%DB%8C_%D8%A7%DB%8C%D8%B1%D8%A7%D9%86,Event
1403,10.0,405045.0,لو رفتن پاداش های ۴۰ تا ۵۰ میلیاردی بابت حضور سلبریتی ها درصدا و سیما[۴][۵],#cite_note-4,Event
1403,,,حمله به تالار کروکوس سیتیدرمسکوپایتختروسیهدستکم ۱۴۳ نفر کشته و ۱۵۰ تن زخمی. گروه تروریستیداعشمسئولیت این حمله را برعهده گرفت.[۶],https://fa.wikipedia.org/wiki/%D9%85%D8%B3%DA%A9%D9%88,Event
1403,1.0,137.0,۱۳ فروردین-حمله به کنسولگری ایران در دمشقتوسطاسرائیلو کشته شدن چند تن از نیروهایسپاه پاسداراندر حمله هوایی اسرائیل.[۷],https://fa.wikipedia.org/wiki/%D8%AD%D9%85%D9%84%D9%87_%D8%A8%D9%87_%DA%A9%D9%86%D8%B3%D9%88%D9%84%DA%AF%D8%B1%DB%8C_%D8%A7%DB%8C%D8%B1%D8%A7%D9%86_%D8%AF%D8%B1_%D8%AF%D9%85%D8%B4%D9%82,Event
1403,1.0,16.0,۱۶ فروردین-حمله به مقرهای نظامی چابهار، راسک و سربازبلوچستان ایران به صورت تهاجمی، گسترده و بی سابقه توسطجیش العدلعلیه نیروهایسپاه پاسداران.[۸],https://fa.wikipedia.org/wiki/%D8%AD%D9%85%D9%84%D9%87_%D8%A8%D9%87_%D9%85%D9%82%D8%B1%D9%87%D8%A7%DB%8C_%D9%86%D8%B8%D8%A7%D9%85%DB%8C_%DA%86%D8%A7%D8%A8%D9%87%D8%A7%D8%B1%D8%8C_%D8%B1%D8%A7%D8%B3%DA%A9_%D9%88_%D8%B3%D8%B1%D8%A8%D8%A7%D8%B2,Event
1403,1.0,229.0,۲۲ فروردینالتهاب و تنش در خاورمیانه پس از تهدید اسرائیل از سویعلی خامنه ایخامنه ای این بار به جای کلمه انتقام سخت از واژه تنبیه سخت استفاده کرد.فرانسهوهنداز شهروندان خود خواستند که از سفر به ایران و اسرائیل در پی تشدید تنش ها خودداری کنند.[۹]شرکتلوفت هانزا، شرکت هواپیمایی اتریش و شرکت هواپیمایی استرالیایی کانتاس در پی تنش در منطقه پس از تهدید اسرائیل توسط خامنه ای همه پروازهای خود به ایران را لغو کرد.[۱۰][۱۱][۱۲],https://fa.wikipedia.org/wiki/%D8%B3%DB%8C%D8%AF_%D8%B9%D9%84%DB%8C_%D8%AE%D8%A7%D9%85%D9%86%D9%87%E2%80%8C%D8%A7%DB%8C,Event
1403,10.0,9.0,التهاب و تنش در خاورمیانه پس از تهدید اسرائیل از سویعلی خامنه ایخامنه ای این بار به جای کلمه انتقام سخت از واژه تنبیه سخت استفاده کرد.فرانسهوهنداز شهروندان خود خواستند که از سفر به ایران و اسرائیل در پی تشدید تنش ها خودداری کنند.[۹],https://fa.wikipedia.org/wiki/%D9%81%D8%B1%D8%A7%D9%86%D8%B3%D9%87,Event
1403,,,شرکتلوفت هانزا، شرکت هواپیمایی اتریش و شرکت هواپیمایی استرالیایی کانتاس در پی تنش در منطقه پس از تهدید اسرائیل توسط خامنه ای همه پروازهای خود به ایران را لغو کرد.[۱۰][۱۱][۱۲],#cite_note-10,Event
1403,1.0,2513.0,۲۵ فروردین- اداره فدرال هوانوردی آلمان به خطوط هوایی هشدار داد امکان سرنگونی در آسمان ایران وجود دارد و اشاره کرد سناریو حمله غیرعمدی با سلاح های ضدهوایی از سوی جمهوری اسلامی وجود دارد.[۱۳],#cite_note-13,Event
1403,1.0,26.0,۲۶ فروردین- اجرایعملیات وعده صادقتوسطسپاه پاسدارانبا دستورعلی خامنه ایوحسین سلامی,https://fa.wikipedia.org/wiki/%D8%B9%D9%85%D9%84%DB%8C%D8%A7%D8%AA_%D9%88%D8%B9%D8%AF%D9%87_%D8%B5%D8%A7%D8%AF%D9%82,Event
1403,1.0,31.0,۳۱ فروردین-حمله اسرائیل به ایران,https://fa.wikipedia.org/wiki/%D8%AD%D9%85%D9%84%D9%87_%D8%A7%D8%B3%D8%B1%D8%A7%D8%A6%DB%8C%D9%84_%D8%A8%D9%87_%D8%A7%DB%8C%D8%B1%D8%A7%D9%86,Event
