title,year,month,day,link,description,category,type,word_counts
امین‌الدین بلیانی,724,1,4,https://fa.wikipedia.org/wiki/%D8%A7%D9%85%DB%8C%D9%86%E2%80%8C%D8%A7%D9%84%D8%AF%DB%8C%D9%86_%D8%A8%D9%84%DB%8C%D8%A7%D9%86%DB%8C,,Death,Death,1943
پایان محاصره قندهار,1117,1,4,https://fa.wikipedia.org/wiki/%D9%85%D8%AD%D8%A7%D8%B5%D8%B1%D9%87_%D9%82%D9%86%D8%AF%D9%87%D8%A7%D8%B1_(%DB%B1%DB%B7%DB%B3%DB%B8%E2%80%93%DB%B1%DB%B7%DB%B3%DB%B7),,Event,Event,2050
میر مهنا,1148,1,5,https://fa.wikipedia.org/wiki/%D9%85%DB%8C%D8%B1_%D9%85%D9%87%D9%86%D8%A7,,Death,Death,1246
تاج‌گذاری رسمی آقامحمدخان قاجار,1175,1,1,https://fa.wikipedia.org/wiki/%D8%A2%D9%82%D8%A7%D9%85%D8%AD%D9%85%D8%AF%D8%AE%D8%A7%D9%86_%D9%82%D8%A7%D8%AC%D8%A7%D8%B1,,Event,Event,20212
محمدباقر شفتی,1223,1,2,https://fa.wikipedia.org/wiki/%D9%85%D8%AD%D9%85%D8%AF%D8%A8%D8%A7%D9%82%D8%B1_%D8%B4%D9%81%D8%AA%DB%8C,,Death,Death,4433
آغاز نخستین سفر ناصرالدین‌شاه به اروپا,1252,1,30,https://fa.wikipedia.org/wiki/%D8%B3%D9%81%D8%B1%D9%87%D8%A7%DB%8C_%D9%86%D8%A7%D8%B5%D8%B1%D8%A7%D9%84%D8%AF%DB%8C%D9%86%E2%80%8C%D8%B4%D8%A7%D9%87_%D8%A8%D9%87_%D8%A7%D8%B1%D9%88%D9%BE%D8%A7,,Event,Event,3975
محمدتقی سپهر,1259,1,10,https://fa.wikipedia.org/wiki/%D9%85%D8%AD%D9%85%D8%AF%D8%AA%D9%82%DB%8C_%D8%B3%D9%BE%D9%87%D8%B1,,Death,Death,770
آغاز سومین سفر ناصرالدین‌شاه به اروپا,1268,1,24,https://fa.wikipedia.org/wiki/%D8%B3%D9%81%D8%B1%D9%87%D8%A7%DB%8C_%D9%86%D8%A7%D8%B5%D8%B1%D8%A7%D9%84%D8%AF%DB%8C%D9%86%E2%80%8C%D8%B4%D8%A7%D9%87_%D8%A8%D9%87_%D8%A7%D8%B1%D9%88%D9%BE%D8%A7,,Event,Event,3975
محمدحسن اعتمادالسلطنه,1275,1,13,https://fa.wikipedia.org/wiki/%D9%85%D8%AD%D9%85%D8%AF%D8%AD%D8%B3%D9%86_%D8%A7%D8%B9%D8%AA%D9%85%D8%A7%D8%AF%D8%A7%D9%84%D8%B3%D9%84%D8%B7%D9%86%D9%87,,Death,Death,1410
محمدحسن ممقانی,1284,1,5,https://fa.wikipedia.org/wiki/%D9%85%D8%AD%D9%85%D8%AF%D8%AD%D8%B3%D9%86_%D9%85%D9%85%D9%82%D8%A7%D9%86%DB%8C,,Death,Death,857
هوارد باسکرویل,1288,1,30,https://fa.wikipedia.org/wiki/%D9%87%D9%88%D8%A7%D8%B1%D8%AF_%D8%A8%D8%A7%D8%B3%DA%A9%D8%B1%D9%88%DB%8C%D9%84,,Death,Death,6607
روسی,1291,1,9,https://fa.wikipedia.org/wiki/%D8%B1%D9%88%D8%B3%DB%8C%D9%87,,Event,Event,14868
وثوق الدوله,1296,1,9,https://fa.wikipedia.org/wiki/%D9%88%D8%AB%D9%88%D9%82_%D8%A7%D9%84%D8%AF%D9%88%D9%84%D9%87,,Event,Event,5705
میرزا کوچک خان جنگلی,1298,1,18,https://fa.wikipedia.org/wiki/%D9%85%DB%8C%D8%B1%D8%B2%D8%A7_%DA%A9%D9%88%DA%86%DA%A9_%D8%AE%D8%A7%D9%86_%D8%AC%D9%86%DA%AF%D9%84%DB%8C,,Event,Event,7811
کلنل فضل‌الله خان,1299,1,1,https://fa.wikipedia.org/wiki/%DA%A9%D9%84%D9%86%D9%84_%D9%81%D8%B6%D9%84%E2%80%8C%D8%A7%D9%84%D9%84%D9%87_%D8%AE%D8%A7%D9%86,,Death,Death,730
آغاز قیام خیابانی,1299,1,16,https://fa.wikipedia.org/wiki/%D9%82%DB%8C%D8%A7%D9%85_%D8%AE%DB%8C%D8%A7%D8%A8%D8%A7%D9%86%DB%8C,,Event,Event,1914
شیخ محمد خیابانی,1299,1,17,https://fa.wikipedia.org/wiki/%D8%B4%DB%8C%D8%AE_%D9%85%D8%AD%D9%85%D8%AF_%D8%AE%DB%8C%D8%A7%D8%A8%D8%A7%D9%86%DB%8C,,Event,Event,4644
تبریز,1299,1,18,https://fa.wikipedia.org/wiki/%D8%AA%D8%A8%D8%B1%DB%8C%D8%B2,,Event,Event,26062
بلدیه تهران,1300,1,2,https://fa.wikipedia.org/wiki/%D8%B4%D9%87%D8%B1%D8%AF%D8%A7%D8%B1%DB%8C_%D8%AA%D9%87%D8%B1%D8%A7%D9%86,,Event,Event,21565
بازگشایی رسمی کنسول‌گری افغانستان در مشهد,1301,1,6,https://fa.wikipedia.org/wiki/%DA%A9%D9%86%D8%B3%D9%88%D9%84%E2%80%8C%DA%AF%D8%B1%DB%8C_%D8%A7%D9%81%D8%BA%D8%A7%D9%86%D8%B3%D8%AA%D8%A7%D9%86_%D8%AF%D8%B1_%D9%85%D8%B4%D9%87%D8%AF,,Event,Event,697
رضا پهلوی,1303,1,18,https://fa.wikipedia.org/wiki/%D8%B1%D8%B6%D8%A7%D8%B4%D8%A7%D9%87,,Event,Event,35260
فارسی,1304,1,11,https://fa.wikipedia.org/wiki/%D8%B2%D8%A8%D8%A7%D9%86_%D9%81%D8%A7%D8%B1%D8%B3%DB%8C,,Event,Event,26714
محمدعلی‌شاه,1304,1,16,https://fa.wikipedia.org/wiki/%D9%85%D8%AD%D9%85%D8%AF%D8%B9%D9%84%DB%8C%E2%80%8C%D8%B4%D8%A7%D9%87,,Death,Death,4877
محمد میرزا کاشف السلطنه,1308,1,31,https://fa.wikipedia.org/wiki/%D9%85%D8%AD%D9%85%D8%AF_%D9%85%DB%8C%D8%B1%D8%B2%D8%A7_%DA%A9%D8%A7%D8%B4%D9%81_%D8%A7%D9%84%D8%B3%D9%84%D8%B7%D9%86%D9%87,,Death,Death,3951
بنیان‌گذاری روزنامه آلیک,1310,1,1,https://fa.wikipedia.org/wiki/%D8%A2%D9%84%DB%8C%DA%A9,,Event,Event,3948
رضاشاه از دولت‌های خارجی خواست تا در مکاتبات رسمی از عبارت ایران که توسط خود ایرانیان از گذشته استفاده می‌شده، برای کشور استفاده کنند,1314,1,1,https://fa.wikipedia.org/wiki/%D9%86%D8%A7%D9%85%E2%80%8C%D9%87%D8%A7%DB%8C_%D8%A7%DB%8C%D8%B1%D8%A7%D9%86,,Event,Event,10931
پروین اعتصامی,1320,1,15,https://fa.wikipedia.org/wiki/%D9%BE%D8%B1%D9%88%DB%8C%D9%86_%D8%A7%D8%B9%D8%AA%D8%B5%D8%A7%D9%85%DB%8C,,Death,Death,13014
خلیل ثقفی,1323,1,7,https://fa.wikipedia.org/wiki/%D8%AE%D9%84%DB%8C%D9%84_%D8%AB%D9%82%D9%81%DB%8C,,Death,Death,1308
شورای عالی اقتصاد,1325,1,9,https://fa.wikipedia.org/w/index.php?title=%D8%B4%D9%88%D8%B1%D8%A7%DB%8C_%D8%B9%D8%A7%D9%84%DB%8C_%D8%A7%D9%82%D8%AA%D8%B5%D8%A7%D8%AF&action=edit&redlink=1,,Event,Event,0
مهدی نوایی,1326,1,4,https://fa.wikipedia.org/wiki/%D9%85%D9%87%D8%AF%DB%8C_%D9%86%D9%88%D8%A7%DB%8C%DB%8C,,Death,Death,573
صادق هدایت,1330,1,19,https://fa.wikipedia.org/wiki/%D8%B5%D8%A7%D8%AF%D9%82_%D9%87%D8%AF%D8%A7%DB%8C%D8%AA,,Death,Death,9240
قاسم غنی,1331,1,9,https://fa.wikipedia.org/wiki/%D9%82%D8%A7%D8%B3%D9%85_%D8%BA%D9%86%DB%8C,,Death,Death,2141
محمدعلی مدرس خیابانی,1333,1,16,https://fa.wikipedia.org/wiki/%D9%85%D8%AD%D9%85%D8%AF%D8%B9%D9%84%DB%8C_%D9%85%D8%AF%D8%B1%D8%B3_%D8%AE%DB%8C%D8%A7%D8%A8%D8%A7%D9%86%DB%8C,,Death,Death,604
فضل‌الله زاهدی,1334,1,18,https://fa.wikipedia.org/wiki/%D9%81%D8%B6%D9%84%E2%80%8C%D8%A7%D9%84%D9%84%D9%87_%D8%B2%D8%A7%D9%87%D8%AF%DB%8C,,Event,Event,4793
جواد امامی,1337,1,7,https://fa.wikipedia.org/wiki/%D8%AC%D9%88%D8%A7%D8%AF_%D8%A7%D9%85%D8%A7%D9%85%DB%8C,,Death,Death,642
محمود نریمان,1340,1,5,https://fa.wikipedia.org/wiki/%D9%85%D8%AD%D9%85%D9%88%D8%AF_%D9%86%D8%B1%DB%8C%D9%85%D8%A7%D9%86,,Death,Death,2485
سید حسین طباطبایی بروجردی,1340,1,10,https://fa.wikipedia.org/wiki/%D8%B3%DB%8C%D8%AF_%D8%AD%D8%B3%DB%8C%D9%86_%D8%B7%D8%A8%D8%A7%D8%B7%D8%A8%D8%A7%DB%8C%DB%8C_%D8%A8%D8%B1%D9%88%D8%AC%D8%B1%D8%AF%DB%8C,,Death,Death,4771
حسین کاشی‌پز,1341,1,2,https://fa.wikipedia.org/wiki/%D8%AD%D8%B3%DB%8C%D9%86_%DA%A9%D8%A7%D8%B4%DB%8C%E2%80%8C%D9%BE%D8%B2,,Death,Death,1011
مدرسه فیضیه قم,1342,1,2,https://fa.wikipedia.org/wiki/%D9%85%D8%AF%D8%B1%D8%B3%D9%87_%D9%81%DB%8C%D8%B6%DB%8C%D9%87,,Event,Event,1598
عمر خیام,1342,1,12,https://fa.wikipedia.org/wiki/%D8%B9%D9%85%D8%B1_%D8%AE%DB%8C%D8%A7%D9%85,,Event,Event,17163
مرتضی محجوبی,1344,1,1,https://fa.wikipedia.org/wiki/%D9%85%D8%B1%D8%AA%D8%B6%DB%8C_%D9%85%D8%AD%D8%AC%D9%88%D8%A8%DB%8C,,Death,Death,2207
عبدالعظیم قریب,1344,1,3,https://fa.wikipedia.org/wiki/%D8%B9%D8%A8%D8%AF%D8%A7%D9%84%D8%B9%D8%B8%DB%8C%D9%85_%D9%82%D8%B1%DB%8C%D8%A8,,Death,Death,2104
رضا شمس‌آبادی,1344,1,21,https://fa.wikipedia.org/wiki/%D8%B1%D8%B6%D8%A7_%D8%B4%D9%85%D8%B3%E2%80%8C%D8%A2%D8%A8%D8%A7%D8%AF%DB%8C,,Death,Death,1025
عروسکها,1346,1,28,https://fa.wikipedia.org/wiki/%D8%B9%D8%B1%D9%88%D8%B3%DA%A9%E2%80%8C%D9%87%D8%A7_(%D8%A8%D9%87%D8%B1%D8%A7%D9%85_%D8%A8%DB%8C%D8%B6%D8%A7%DB%8C%DB%8C),,Event,Event,2460
عبدالحسین سپنتا,1348,1,8,https://fa.wikipedia.org/wiki/%D8%B9%D8%A8%D8%AF%D8%A7%D9%84%D8%AD%D8%B3%DB%8C%D9%86_%D8%B3%D9%BE%D9%86%D8%AA%D8%A7,,Death,Death,723
استقلال تهران,1349,1,21,https://fa.wikipedia.org/wiki/%D8%A7%D8%B3%D8%AA%D9%82%D9%84%D8%A7%D9%84_%D8%AA%D9%87%D8%B1%D8%A7%D9%86,,Event,Event,26927
زمین‌لرزه ۱۳۵۱ قیر و کارزین,1351,1,21,https://fa.wikipedia.org/wiki/%D8%B2%D9%85%DB%8C%D9%86%E2%80%8C%D9%84%D8%B1%D8%B2%D9%87_%DB%B1%DB%B3%DB%B5%DB%B1_%D9%82%DB%8C%D8%B1_%D9%88_%DA%A9%D8%A7%D8%B1%D8%B2%DB%8C%D9%86,,Event,Event,855
رآکتور اتمی,1354,1,9,https://fa.wikipedia.org/wiki/%D8%B1%D8%A2%DA%A9%D8%AA%D9%88%D8%B1_%D8%A7%D8%AA%D9%85%DB%8C,,Event,Event,3160
صدام حسین,1354,1,9,https://fa.wikipedia.org/wiki/%D8%B5%D8%AF%D8%A7%D9%85_%D8%AD%D8%B3%DB%8C%D9%86,,Event,Event,13784
بیژن جزنی,1354,1,29,https://fa.wikipedia.org/wiki/%D8%A8%DB%8C%DA%98%D9%86_%D8%AC%D8%B2%D9%86%DB%8C,,Death,Death,3170
احمد ناظرزاده کرمانی,1355,1,3,https://fa.wikipedia.org/wiki/%D8%A7%D8%AD%D9%85%D8%AF_%D9%86%D8%A7%D8%B8%D8%B1%D8%B2%D8%A7%D8%AF%D9%87_%DA%A9%D8%B1%D9%85%D8%A7%D9%86%DB%8C,,Death,Death,1224
رقابت ۱۵ فروردین ۱۳۵۶ تیم ملی فوتبال ایران با تیم ملی فوتبال سوریه در مرحله مقدماتی جام جهانی فوتبال ۱۹۷۸ (آسیا و اقیانوسیه),1356,1,15,https://fa.wikipedia.org/wiki/%D8%AF%DB%8C%D8%AF%D8%A7%D8%B1%D9%87%D8%A7%DB%8C_%D9%81%D9%88%D8%AA%D8%A8%D8%A7%D9%84_%D8%A7%DB%8C%D8%B1%D8%A7%D9%86_%D9%88_%D8%B3%D9%88%D8%B1%DB%8C%D9%87,,Event,Event,2289
علی‌اکبر درخشانی,1357,1,7,https://fa.wikipedia.org/wiki/%D8%B9%D9%84%DB%8C%E2%80%8C%D8%A7%DA%A9%D8%A8%D8%B1_%D8%AF%D8%B1%D8%AE%D8%B4%D8%A7%D9%86%DB%8C,,Death,Death,9159
اکبر خیبر,1357,1,28,https://fa.wikipedia.org/wiki/%D9%85%DB%8C%D8%B1%D8%A7%DA%A9%D8%A8%D8%B1_%D8%AE%DB%8C%D8%A8%D8%B1,,Death,Death,432
عبدالرسول خیام‌پور,1358,1,7,https://fa.wikipedia.org/wiki/%D8%B9%D8%A8%D8%AF%D8%A7%D9%84%D8%B1%D8%B3%D9%88%D9%84_%D8%AE%DB%8C%D8%A7%D9%85%E2%80%8C%D9%BE%D9%88%D8%B1,,Death,Death,1542
برگزاری همه‌پرسی نظام جمهوری اسلامی در ایران,1358,1,12,https://fa.wikipedia.org/wiki/%D9%87%D9%85%D9%87%E2%80%8C%D9%BE%D8%B1%D8%B3%DB%8C_%D9%86%D8%B8%D8%A7%D9%85_%D8%AC%D9%85%D9%87%D9%88%D8%B1%DB%8C_%D8%A7%D8%B3%D9%84%D8%A7%D9%85%DB%8C_%D8%AF%D8%B1_%D8%A7%DB%8C%D8%B1%D8%A7%D9%86,,Event,Event,2799
ذوالفقار علی بوتو,1358,1,15,https://fa.wikipedia.org/wiki/%D8%B0%D9%88%D8%A7%D9%84%D9%81%D9%82%D8%A7%D8%B1_%D8%B9%D9%84%DB%8C_%D8%A8%D9%88%D8%AA%D9%88,,Death,Death,3271
امیرعباس هویدا,1358,1,18,https://fa.wikipedia.org/wiki/%D8%A7%D9%85%DB%8C%D8%B1%D8%B9%D8%A8%D8%A7%D8%B3_%D9%87%D9%88%DB%8C%D8%AF%D8%A7,,Death,Death,7761
امیرحسین ربیعی,1358,1,20,https://fa.wikipedia.org/wiki/%D8%A7%D9%85%DB%8C%D8%B1%D8%AD%D8%B3%DB%8C%D9%86_%D8%B1%D8%A8%DB%8C%D8%B9%DB%8C,,Death,Death,3577
ناصر مقدم,1358,1,21,https://fa.wikipedia.org/wiki/%D9%86%D8%A7%D8%B5%D8%B1_%D9%85%D9%82%D8%AF%D9%85,,Death,Death,2441
بنیان‌گذاری بنیاد مسکن انقلاب اسلامی,1358,1,21,https://fa.wikipedia.org/wiki/%D8%A8%D9%86%DB%8C%D8%A7%D8%AF_%D9%85%D8%B3%DA%A9%D9%86_%D8%A7%D9%86%D9%82%D9%84%D8%A7%D8%A8_%D8%A7%D8%B3%D9%84%D8%A7%D9%85%DB%8C,,Event,Event,1003
غلامرضا نیک‌پی,1358,1,22,https://fa.wikipedia.org/wiki/%D8%BA%D9%84%D8%A7%D9%85%D8%B1%D8%B6%D8%A7_%D9%86%DB%8C%DA%A9%E2%80%8C%D9%BE%DB%8C,,Death,Death,3825
علی نشاط,1358,1,22,https://fa.wikipedia.org/wiki/%D8%B9%D9%84%DB%8C_%D9%86%D8%B4%D8%A7%D8%B7,,Death,Death,1359
حسینعلی بیات,1358,1,22,https://fa.wikipedia.org/wiki/%D8%AD%D8%B3%DB%8C%D9%86%D8%B9%D9%84%DB%8C_%D8%A8%DB%8C%D8%A7%D8%AA,,Death,Death,879
علی حجت کاشانی,1358,1,22,https://fa.wikipedia.org/wiki/%D8%B9%D9%84%DB%8C_%D8%AD%D8%AC%D8%AA_%DA%A9%D8%A7%D8%B4%D8%A7%D9%86%DB%8C,,Death,Death,2157
عباسعلی خلعتبری,1358,1,22,https://fa.wikipedia.org/wiki/%D8%B9%D8%A8%D8%A7%D8%B3%D8%B9%D9%84%DB%8C_%D8%AE%D9%84%D8%B9%D8%AA%D8%A8%D8%B1%DB%8C,,Death,Death,2960
منصور روحانی,1358,1,22,https://fa.wikipedia.org/wiki/%D9%85%D9%86%D8%B5%D9%88%D8%B1_%D8%B1%D9%88%D8%AD%D8%A7%D9%86%DB%8C,,Death,Death,2070
محمدتقی مجیدی,1358,1,22,https://fa.wikipedia.org/wiki/%D9%85%D8%AD%D9%85%D8%AF%D8%AA%D9%82%DB%8C_%D9%85%D8%AC%DB%8C%D8%AF%DB%8C,,Death,Death,1185
حسن پاکروان,1358,1,22,https://fa.wikipedia.org/wiki/%D8%AD%D8%B3%D9%86_%D9%BE%D8%A7%DA%A9%D8%B1%D9%88%D8%A7%D9%86,,Death,Death,4748
حسین نوری,1359,1,13,https://fa.wikipedia.org/wiki/%D8%AD%D8%B3%DB%8C%D9%86_%D9%86%D9%88%D8%B1%DB%8C_(%DA%A9%D8%B4%D8%AA%DB%8C%E2%80%8C%DA%AF%DB%8C%D8%B1_%D8%A2%D8%B2%D8%A7%D8%AF%DA%A9%D8%A7%D8%B1),,Death,Death,468
قطع رسمی روابط سیاسی ایالات متحده آمریکا و ایران,1359,1,20,https://fa.wikipedia.org/wiki/%D8%B1%D9%88%D8%A7%D8%A8%D8%B7_%D8%A7%DB%8C%D8%A7%D9%84%D8%A7%D8%AA_%D9%85%D8%AA%D8%AD%D8%AF%D9%87_%D8%A2%D9%85%D8%B1%DB%8C%DA%A9%D8%A7_%D9%88_%D8%A7%DB%8C%D8%B1%D8%A7%D9%86,,Event,Event,19302
عبدالرحیم ربانی شیرازی,1360,1,8,https://fa.wikipedia.org/wiki/%D8%B9%D8%A8%D8%AF%D8%A7%D9%84%D8%B1%D8%AD%DB%8C%D9%85_%D8%B1%D8%A8%D8%A7%D9%86%DB%8C_%D8%B4%DB%8C%D8%B1%D8%A7%D8%B2%DB%8C,,Event,Event,1393
عملیات اچ۳,1360,1,15,https://fa.wikipedia.org/wiki/%D8%B9%D9%85%D9%84%DB%8C%D8%A7%D8%AA_%D8%A7%DA%86%DB%B3,,Event,Event,5965
آزادسازی ۲۰ فروردین ۱۳۶۰ قصر شیرین از نظامیان عراق,1360,1,20,https://fa.wikipedia.org/wiki/%D9%82%D8%B5%D8%B1_%D8%B4%DB%8C%D8%B1%DB%8C%D9%86,,Event,Event,4873
آغاز عملیات فتح‌المبین,1361,1,2,https://fa.wikipedia.org/wiki/%D8%B9%D9%85%D9%84%DB%8C%D8%A7%D8%AA_%D9%81%D8%AA%D8%AD%E2%80%8C%D8%A7%D9%84%D9%85%D8%A8%DB%8C%D9%86,,Event,Event,3794
اسماعیل ادیب خوانساری,1361,1,6,https://fa.wikipedia.org/wiki/%D8%A7%D8%B3%D9%85%D8%A7%D8%B9%DB%8C%D9%84_%D8%A7%D8%AF%DB%8C%D8%A8_%D8%AE%D9%88%D8%A7%D9%86%D8%B3%D8%A7%D8%B1%DB%8C,,Death,Death,3386
آغاز مرحله سوم عملیات فتح‌المبین,1361,1,7,https://fa.wikipedia.org/wiki/%D8%B9%D9%85%D9%84%DB%8C%D8%A7%D8%AA_%D9%81%D8%AA%D8%AD%E2%80%8C%D8%A7%D9%84%D9%85%D8%A8%DB%8C%D9%86,,Event,Event,3794
برگزاری انتخابات دوره دوم مجلس شورای اسلامی,1363,1,26,https://fa.wikipedia.org/wiki/%D8%AF%D9%88%D8%B1%D9%87_%D8%AF%D9%88%D9%85_%D9%85%D8%AC%D9%84%D8%B3_%D8%B4%D9%88%D8%B1%D8%A7%DB%8C_%D8%A7%D8%B3%D9%84%D8%A7%D9%85%DB%8C,,Event,Event,1320
تقی محمدی,1365,1,19,https://fa.wikipedia.org/wiki/%D8%AA%D9%82%DB%8C_%D9%85%D8%AD%D9%85%D8%AF%DB%8C,,Death,Death,735
عبدالله دهش,1366,1,5,https://fa.wikipedia.org/wiki/%D8%B9%D8%A8%D8%AF%D8%A7%D9%84%D9%84%D9%87_%D8%AF%D9%87%D8%B4,,Death,Death,4743
جنگ ایران و عراق,1366,1,18,https://fa.wikipedia.org/wiki/%D8%AC%D9%86%DA%AF_%D8%A7%DB%8C%D8%B1%D8%A7%D9%86_%D9%88_%D8%B9%D8%B1%D8%A7%D9%82,,Event,Event,40245
عملیات کربلای ۹,1366,1,20,https://fa.wikipedia.org/wiki/%D8%B9%D9%85%D9%84%DB%8C%D8%A7%D8%AA_%DA%A9%D8%B1%D8%A8%D9%84%D8%A7%DB%8C_%DB%B9,,Event,Event,1779
آغاز عملیات کربلای ۱۰,1366,1,25,https://fa.wikipedia.org/wiki/%D8%B9%D9%85%D9%84%DB%8C%D8%A7%D8%AA_%DA%A9%D8%B1%D8%A8%D9%84%D8%A7%DB%8C_%DB%B1%DB%B0,,Event,Event,2097
محمدتقی شریعتی,1366,1,31,https://fa.wikipedia.org/wiki/%D9%85%D8%AD%D9%85%D8%AF%D8%AA%D9%82%DB%8C_%D8%B4%D8%B1%DB%8C%D8%B9%D8%AA%DB%8C,,Death,Death,3325
آغاز عملیات بیت‌المقدس ۴,1367,1,5,https://fa.wikipedia.org/wiki/%D8%B9%D9%85%D9%84%DB%8C%D8%A7%D8%AA_%D8%A8%DB%8C%D8%AA%E2%80%8C%D8%A7%D9%84%D9%85%D9%82%D8%AF%D8%B3_%DB%B4,,Event,Event,2187
توافق‌نامه ژنو,1367,1,25,https://fa.wikipedia.org/wiki/%D8%AA%D9%88%D8%A7%D9%81%D9%82%D9%86%D8%A7%D9%85%D9%87_%DA%98%D9%86%D9%88_(%DB%B1%DB%B9%DB%B8%DB%B8),,Event,Event,761
پارسا تویسرکانی,1369,1,2,https://fa.wikipedia.org/wiki/%D9%BE%D8%A7%D8%B1%D8%B3%D8%A7_%D8%AA%D9%88%DB%8C%D8%B3%D8%B1%DA%A9%D8%A7%D9%86%DB%8C,,Death,Death,906
علی دریابیگی,1370,1,1,https://fa.wikipedia.org/wiki/%D8%B9%D9%84%DB%8C_%D8%AF%D8%B1%DB%8C%D8%A7%D8%A8%DB%8C%DA%AF%DB%8C,,Death,Death,1094
همدم‌السلطنه پهلوی,1371,1,16,https://fa.wikipedia.org/wiki/%D9%87%D9%85%D8%AF%D9%85%E2%80%8C%D8%A7%D9%84%D8%B3%D9%84%D8%B7%D9%86%D9%87_%D9%BE%D9%87%D9%84%D9%88%DB%8C,,Death,Death,1169
علیرضا افضلی‌پور,1372,1,18,https://fa.wikipedia.org/wiki/%D8%B9%D9%84%DB%8C%D8%B1%D8%B6%D8%A7_%D8%A7%D9%81%D8%B6%D9%84%DB%8C%E2%80%8C%D9%BE%D9%88%D8%B1,,Death,Death,1185
سید مرتضی آوینی,1372,1,20,https://fa.wikipedia.org/wiki/%D8%B3%DB%8C%D8%AF_%D9%85%D8%B1%D8%AA%D8%B6%DB%8C_%D8%A2%D9%88%DB%8C%D9%86%DB%8C,,Death,Death,6239
حسین سرشار,1374,1,20,https://fa.wikipedia.org/wiki/%D8%AD%D8%B3%DB%8C%D9%86_%D8%B3%D8%B1%D8%B4%D8%A7%D8%B1,,Death,Death,2021
کلارا آبکار,1375,1,1,https://fa.wikipedia.org/wiki/%DA%A9%D9%84%D8%A7%D8%B1%D8%A7_%D8%A2%D8%A8%DA%A9%D8%A7%D8%B1,,Death,Death,1670
محمداسماعیل رضوانی,1375,1,5,https://fa.wikipedia.org/wiki/%D9%85%D8%AD%D9%85%D8%AF%D8%A7%D8%B3%D9%85%D8%A7%D8%B9%DB%8C%D9%84_%D8%B1%D8%B6%D9%88%D8%A7%D9%86%DB%8C,,Death,Death,2463
جلال مقدم,1375,1,29,https://fa.wikipedia.org/wiki/%D8%AC%D9%84%D8%A7%D9%84_%D9%85%D9%82%D8%AF%D9%85,,Death,Death,861
مازیار,1376,1,16,https://fa.wikipedia.org/wiki/%D9%85%D8%A7%D8%B2%DB%8C%D8%A7%D8%B1_(%D8%AE%D9%88%D8%A7%D9%86%D9%86%D8%AF%D9%87),,Death,Death,2302
لرتا,1377,1,7,https://fa.wikipedia.org/wiki/%D9%84%D8%B1%D8%AA%D8%A7,,Death,Death,5115
ثبت رسمی خانه آیت‌الله مدرس با شماره ثبت ملی ۱۹۷۴ به‌عنوان یکی از آثار ملی ایران,1377,1,16,https://fa.wikipedia.org/wiki/%D8%AE%D8%A7%D9%86%D9%87_%D8%A2%DB%8C%D8%AA%E2%80%8C%D8%A7%D9%84%D9%84%D9%87_%D9%85%D8%AF%D8%B1%D8%B3_(%D8%A7%D8%B1%D8%AF%D8%B3%D8%AA%D8%A7%D9%86),,Event,Event,393
سیروس قایقران,1377,1,18,https://fa.wikipedia.org/wiki/%D8%B3%DB%8C%D8%B1%D9%88%D8%B3_%D9%82%D8%A7%DB%8C%D9%82%D8%B1%D8%A7%D9%86,,Death,Death,1406
عفت تجارت‌چی,1378,1,19,https://fa.wikipedia.org/wiki/%D8%B9%D9%81%D8%AA_%D8%AA%D8%AC%D8%A7%D8%B1%D8%AA%E2%80%8C%DA%86%DB%8C,,Death,Death,1722
علی صیاد شیرازی,1378,1,21,https://fa.wikipedia.org/wiki/%D8%B9%D9%84%DB%8C_%D8%B5%DB%8C%D8%A7%D8%AF_%D8%B4%DB%8C%D8%B1%D8%A7%D8%B2%DB%8C,,Death,Death,4745
رافیک آرزومانیان,1379,1,4,https://fa.wikipedia.org/wiki/%D8%B1%D8%A7%D9%81%DB%8C%DA%A9_%D8%A2%D8%B1%D8%B2%D9%88%D9%85%D8%A7%D9%86%DB%8C%D8%A7%D9%86,,Death,Death,767
رقابت ۱۴ فروردین ۱۳۷۹ تیم ملی فوتبال ایران با تیم ملی فوتبال سوریه در جام ملت‌های آسیا ۲۰۰۰,1379,1,14,https://fa.wikipedia.org/wiki/%D8%AF%DB%8C%D8%AF%D8%A7%D8%B1%D9%87%D8%A7%DB%8C_%D9%81%D9%88%D8%AA%D8%A8%D8%A7%D9%84_%D8%A7%DB%8C%D8%B1%D8%A7%D9%86_%D9%88_%D8%B3%D9%88%D8%B1%DB%8C%D9%87,,Event,Event,2289
نعمت‌الله گرجی,1379,1,17,https://fa.wikipedia.org/wiki/%D9%86%D8%B9%D9%85%D8%AA%E2%80%8C%D8%A7%D9%84%D9%84%D9%87_%DA%AF%D8%B1%D8%AC%DB%8C,,Death,Death,1832
فردین,1379,1,18,https://fa.wikipedia.org/wiki/%D9%81%D8%B1%D8%AF%DB%8C%D9%86,,Death,Death,4792
آغاز برگزاری کنفرانس برلین,1379,1,19,https://fa.wikipedia.org/wiki/%DA%A9%D9%86%D9%81%D8%B1%D8%A7%D9%86%D8%B3_%D8%A8%D8%B1%D9%84%DB%8C%D9%86,,Event,Event,1961
رقابت ۲۳ فروردین ۱۳۷۹ تیم ملی فوتبال ایران با تیم ملی فوتبال سوریه در جام ملت‌های آسیا ۲۰۰۰,1379,1,23,https://fa.wikipedia.org/wiki/%D8%AF%DB%8C%D8%AF%D8%A7%D8%B1%D9%87%D8%A7%DB%8C_%D9%81%D9%88%D8%AA%D8%A8%D8%A7%D9%84_%D8%A7%DB%8C%D8%B1%D8%A7%D9%86_%D9%88_%D8%B3%D9%88%D8%B1%DB%8C%D9%87,,Event,Event,2289
جلیل زندی,1380,1,12,https://fa.wikipedia.org/wiki/%D8%AC%D9%84%DB%8C%D9%84_%D8%B2%D9%86%D8%AF%DB%8C,,Death,Death,1762
میدان باغ کرمان,1380,1,28,https://fa.wikipedia.org/wiki/%D9%85%DB%8C%D8%AF%D8%A7%D9%86_%D8%A8%D8%A7%D8%BA_(%D8%A7%D8%B1%DA%AF),,Event,Event,430
جمشید اسماعیل‌خانی,1381,1,18,https://fa.wikipedia.org/wiki/%D8%AC%D9%85%D8%B4%DB%8C%D8%AF_%D8%A7%D8%B3%D9%85%D8%A7%D8%B9%DB%8C%D9%84%E2%80%8C%D8%AE%D8%A7%D9%86%DB%8C,,Death,Death,1094
سعید حنایی,1381,1,28,https://fa.wikipedia.org/wiki/%D8%B3%D8%B9%DB%8C%D8%AF_%D8%AD%D9%86%D8%A7%DB%8C%DB%8C,,Death,Death,2925
محسن نوربخش,1382,1,11,https://fa.wikipedia.org/wiki/%D9%85%D8%AD%D8%B3%D9%86_%D9%86%D9%88%D8%B1%D8%A8%D8%AE%D8%B4,,Death,Death,3298
کاوه گلستان,1382,1,13,https://fa.wikipedia.org/wiki/%DA%A9%D8%A7%D9%88%D9%87_%DA%AF%D9%84%D8%B3%D8%AA%D8%A7%D9%86,,Death,Death,1094
واهان بیجانیان,1382,1,20,https://fa.wikipedia.org/wiki/%D9%88%D8%A7%D9%87%D8%A7%D9%86_%D8%A8%DB%8C%D8%AC%D8%A7%D9%86%DB%8C%D8%A7%D9%86,,Death,Death,794
سید حسن حسینی,1383,1,9,https://fa.wikipedia.org/wiki/%D8%B3%DB%8C%D8%AF_%D8%AD%D8%B3%D9%86_%D8%AD%D8%B3%DB%8C%D9%86%DB%8C,,Death,Death,4747
دولت ایران,1383,1,11,https://fa.wikipedia.org/wiki/%D9%82%D9%88%D9%87_%D9%85%D8%AC%D8%B1%DB%8C%D9%87_%D8%AC%D9%85%D9%87%D9%88%D8%B1%DB%8C_%D8%A7%D8%B3%D9%84%D8%A7%D9%85%DB%8C_%D8%A7%DB%8C%D8%B1%D8%A7%D9%86,,Event,Event,1269
ژاله کاظمی,1383,1,12,https://fa.wikipedia.org/wiki/%DA%98%D8%A7%D9%84%D9%87_%DA%A9%D8%A7%D8%B8%D9%85%DB%8C,,Death,Death,4768
سید جلال‌الدین میری آشتیانی,1384,1,3,https://fa.wikipedia.org/wiki/%D8%B3%DB%8C%D8%AF_%D8%AC%D9%84%D8%A7%D9%84%E2%80%8C%D8%A7%D9%84%D8%AF%DB%8C%D9%86_%D9%85%DB%8C%D8%B1%DB%8C_%D8%A2%D8%B4%D8%AA%DB%8C%D8%A7%D9%86%DB%8C,,Death,Death,5766
محمد مددپور,1384,1,4,https://fa.wikipedia.org/wiki/%D9%85%D8%AD%D9%85%D8%AF_%D9%85%D8%AF%D8%AF%D9%BE%D9%88%D8%B1,,Death,Death,1855
آغاز ناآرامی‌های ۱۳۸۴ اهواز,1384,1,26,https://fa.wikipedia.org/wiki/%D9%86%D8%A7%D8%A2%D8%B1%D8%A7%D9%85%DB%8C%E2%80%8C%D9%87%D8%A7%DB%8C_%DB%B1%DB%B3%DB%B8%DB%B4_%D8%A7%D9%87%D9%88%D8%A7%D8%B2,,Event,Event,1362
حادثه ۳۱ فروردین ۱۳۸۴ فروند بوئینگ ۷۰۷ هواپیمایی ساها,1384,1,31,https://fa.wikipedia.org/wiki/%D9%81%D9%87%D8%B1%D8%B3%D8%AA_%D8%B3%D8%A7%D9%86%D8%AD%D9%87%E2%80%8C%D9%87%D8%A7%DB%8C_%D9%87%D9%88%D8%A7%DB%8C%DB%8C_%D8%AF%D8%B1_%D8%A7%DB%8C%D8%B1%D8%A7%D9%86,,Event,Event,10626
سروش خلیلی,1385,1,1,https://fa.wikipedia.org/wiki/%D8%B3%D8%B1%D9%88%D8%B4_%D8%AE%D9%84%DB%8C%D9%84%DB%8C,,Death,Death,1792
منوچهر همایون‌پور,1385,1,6,https://fa.wikipedia.org/wiki/%D9%85%D9%86%D9%88%DA%86%D9%87%D8%B1_%D9%87%D9%85%D8%A7%DB%8C%D9%88%D9%86%E2%80%8C%D9%BE%D9%88%D8%B1,,Death,Death,687
منوچهر همایون‌پور,1385,1,7,https://fa.wikipedia.org/wiki/%D9%85%D9%86%D9%88%DA%86%D9%87%D8%B1_%D9%87%D9%85%D8%A7%DB%8C%D9%88%D9%86%E2%80%8C%D9%BE%D9%88%D8%B1,,Death,Death,687
حادثه سقوط ۸ فروردین ۱۳۸۵ هواگرد باری آنتونوف ای‌ان-۱۲,1385,1,8,https://fa.wikipedia.org/wiki/%D9%81%D9%87%D8%B1%D8%B3%D8%AA_%D8%B3%D8%A7%D9%86%D8%AD%D9%87%E2%80%8C%D9%87%D8%A7%DB%8C_%D9%87%D9%88%D8%A7%DB%8C%DB%8C_%D8%AF%D8%B1_%D8%A7%DB%8C%D8%B1%D8%A7%D9%86,,Event,Event,10626
زمین‌لرزه ۱۳۸۵ بروجرد,1385,1,11,https://fa.wikipedia.org/wiki/%D8%B2%D9%85%DB%8C%D9%86%E2%80%8C%D9%84%D8%B1%D8%B2%D9%87_%DB%B1%DB%B3%DB%B8%DB%B5_%D8%A8%D8%B1%D9%88%D8%AC%D8%B1%D8%AF,,Event,Event,1249
علی‌اکبر صنعتی,1385,1,13,https://fa.wikipedia.org/wiki/%D8%B9%D9%84%DB%8C%E2%80%8C%D8%A7%DA%A9%D8%A8%D8%B1_%D8%B5%D9%86%D8%B9%D8%AA%DB%8C,,Death,Death,2062
پوپک گلدره,1385,1,27,https://fa.wikipedia.org/wiki/%D9%BE%D9%88%D9%BE%DA%A9_%DA%AF%D9%84%D8%AF%D8%B1%D9%87,,Death,Death,1683
موزه هنرهای معاصر فلسطین,1385,1,28,https://fa.wikipedia.org/wiki/%D9%85%D9%88%D8%B2%D9%87_%D9%87%D9%86%D8%B1%D9%87%D8%A7%DB%8C_%D9%85%D8%B9%D8%A7%D8%B5%D8%B1_%D9%81%D9%84%D8%B3%D8%B7%DB%8C%D9%86,,Event,Event,513
سید هادی میرمیران,1385,1,29,https://fa.wikipedia.org/wiki/%D8%B3%DB%8C%D8%AF_%D9%87%D8%A7%D8%AF%DB%8C_%D9%85%DB%8C%D8%B1%D9%85%DB%8C%D8%B1%D8%A7%D9%86,,Death,Death,2606
یدالله بهزاد,1386,1,5,https://fa.wikipedia.org/wiki/%DB%8C%D8%AF%D8%A7%D9%84%D9%84%D9%87_%D8%A8%D9%87%D8%B2%D8%A7%D8%AF,,Death,Death,2168
حادثه ۲۳ فروردین ۱۳۸۶ هواگرد آموزشی,1386,1,23,https://fa.wikipedia.org/wiki/%D9%81%D9%87%D8%B1%D8%B3%D8%AA_%D8%B3%D8%A7%D9%86%D8%AD%D9%87%E2%80%8C%D9%87%D8%A7%DB%8C_%D9%87%D9%88%D8%A7%DB%8C%DB%8C_%D8%AF%D8%B1_%D8%A7%DB%8C%D8%B1%D8%A7%D9%86,,Event,Event,10626
رسانه‌های ایران به نقل از دادستان ماهشهر گزارش کردند که دست و پای یک زندانی که همدست یک سارق مسلح اعدام شده در این شهر بود، قطع شده‌ است,1386,1,26,https://fa.wikipedia.org/wiki/%D9%82%D8%B7%D8%B9_%D8%AF%D8%B3%D8%AA_%D8%AF%D8%B1_%D8%AC%D9%85%D9%87%D9%88%D8%B1%DB%8C_%D8%A7%D8%B3%D9%84%D8%A7%D9%85%DB%8C_%D8%A7%DB%8C%D8%B1%D8%A7%D9%86,,Event,Event,1955
داوود اسدی,1387,1,3,https://fa.wikipedia.org/wiki/%D8%AF%D8%A7%D9%88%D9%88%D8%AF_%D8%A7%D8%B3%D8%AF%DB%8C,,Death,Death,741
شاهرخ سخایی,1387,1,3,https://fa.wikipedia.org/wiki/%D8%B4%D8%A7%D9%87%D8%B1%D8%AE_%D8%B3%D8%AE%D8%A7%DB%8C%DB%8C,,Death,Death,438
رقابت ۷ فروردین ۱۳۸۷ تیم ملی فوتبال ایران با تیم ملی فوتبال کویت در مرحله مقدماتی جام جهانی فوتبال ۲۰۱۰ (آسیا),1387,1,7,https://fa.wikipedia.org/wiki/%D8%AF%DB%8C%D8%AF%D8%A7%D8%B1%D9%87%D8%A7%DB%8C_%D9%81%D9%88%D8%AA%D8%A8%D8%A7%D9%84_%D8%A7%DB%8C%D8%B1%D8%A7%D9%86_%D9%88_%DA%A9%D9%88%DB%8C%D8%AA,,Event,Event,3074
حادثه ۹ فروردین ۱۳۸۷ هلیکوپتر نیروی انتظامی آذربایجان شرقی,1387,1,9,https://fa.wikipedia.org/wiki/%D9%81%D9%87%D8%B1%D8%B3%D8%AA_%D8%B3%D8%A7%D9%86%D8%AD%D9%87%E2%80%8C%D9%87%D8%A7%DB%8C_%D9%87%D9%88%D8%A7%DB%8C%DB%8C_%D8%AF%D8%B1_%D8%A7%DB%8C%D8%B1%D8%A7%D9%86,,Event,Event,10626
عباس کاتوزیان,1387,1,22,https://fa.wikipedia.org/wiki/%D8%B9%D8%A8%D8%A7%D8%B3_%DA%A9%D8%A7%D8%AA%D9%88%D8%B2%DB%8C%D8%A7%D9%86,,Death,Death,979
حادثه ۲۶ فروردین ۱۳۸۷ فروند سوخو-۲۴ نهاجا,1387,1,26,https://fa.wikipedia.org/wiki/%D9%81%D9%87%D8%B1%D8%B3%D8%AA_%D8%B3%D8%A7%D9%86%D8%AD%D9%87%E2%80%8C%D9%87%D8%A7%DB%8C_%D9%87%D9%88%D8%A7%DB%8C%DB%8C_%D8%AF%D8%B1_%D8%A7%DB%8C%D8%B1%D8%A7%D9%86,,Event,Event,10626
پروین دولت‌آبادی,1387,1,27,https://fa.wikipedia.org/wiki/%D9%BE%D8%B1%D9%88%DB%8C%D9%86_%D8%AF%D9%88%D9%84%D8%AA%E2%80%8C%D8%A2%D8%A8%D8%A7%D8%AF%DB%8C,,Death,Death,2894
خدیجه ثقفی,1388,1,1,https://fa.wikipedia.org/wiki/%D8%AE%D8%AF%DB%8C%D8%AC%D9%87_%D8%AB%D9%82%D9%81%DB%8C,,Death,Death,1223
سیل ۱۳۸۸ قم,1388,1,5,https://fa.wikipedia.org/wiki/%D8%B3%DB%8C%D9%84_%DB%B1%DB%B3%DB%B8%DB%B8_%D9%82%D9%85,,Event,Event,660
رقابت ۸ فروردین ۱۳۸۸ تیم ملی فوتبال ایران با تیم ملی فوتبال عربستان در مرحله مقدماتی جام جهانی فوتبال ۲۰۱۰ (آسیا),1388,1,8,https://fa.wikipedia.org/wiki/%D8%AF%DB%8C%D8%AF%D8%A7%D8%B1%D9%87%D8%A7%DB%8C_%D9%81%D9%88%D8%AA%D8%A8%D8%A7%D9%84_%D8%A7%DB%8C%D8%B1%D8%A7%D9%86_%D9%88_%D8%B9%D8%B1%D8%A8%D8%B3%D8%AA%D8%A7%D9%86,,Event,Event,1931
رضا فاضلی,1388,1,24,https://fa.wikipedia.org/wiki/%D8%B1%D8%B6%D8%A7_%D9%81%D8%A7%D8%B6%D9%84%DB%8C,,Death,Death,1363
حادثه معدن باب نیزو,1388,1,30,https://fa.wikipedia.org/wiki/%D8%AD%D8%A7%D8%AF%D8%AB%D9%87_%D9%85%D8%B9%D8%AF%D9%86_%D8%A8%D8%A7%D8%A8_%D9%86%DB%8C%D8%B2%D9%88,,Event,Event,964
ماه‌سلطان ربانی,1389,1,6,https://fa.wikipedia.org/wiki/%D9%85%D8%A7%D9%87%E2%80%8C%D8%B3%D9%84%D8%B7%D8%A7%D9%86_%D8%B1%D8%A8%D8%A7%D9%86%DB%8C,,Death,Death,1563
برگزاری نخستین دوره جشن جهانی نوروز در تهران,1389,1,7,https://fa.wikipedia.org/wiki/%D8%AC%D8%B4%D9%86_%D8%AC%D9%87%D8%A7%D9%86%DB%8C_%D9%86%D9%88%D8%B1%D9%88%D8%B2,,Event,Event,1784
محمدعلی ابن‌الرضا خوانساری,1389,1,10,https://fa.wikipedia.org/wiki/%D9%85%D8%AD%D9%85%D8%AF%D8%B9%D9%84%DB%8C_%D8%A7%D8%A8%D9%86%E2%80%8C%D8%A7%D9%84%D8%B1%D8%B6%D8%A7_%D8%AE%D9%88%D8%A7%D9%86%D8%B3%D8%A7%D8%B1%DB%8C,,Death,Death,1046
محمدرضا جلالی نائینی,1389,1,11,https://fa.wikipedia.org/wiki/%D9%85%D8%AD%D9%85%D8%AF%D8%B1%D8%B6%D8%A7_%D8%AC%D9%84%D8%A7%D9%84%DB%8C_%D9%86%D8%A7%D8%A6%DB%8C%D9%86%DB%8C,,Death,Death,1285
محمود بنفشه‌خواه,1389,1,18,https://fa.wikipedia.org/wiki/%D9%85%D8%AD%D9%85%D9%88%D8%AF_%D8%A8%D9%86%D9%81%D8%B4%D9%87%E2%80%8C%D8%AE%D9%88%D8%A7%D9%87,,Death,Death,1298
کیومرث ملک‌مطیعی,1389,1,21,https://fa.wikipedia.org/wiki/%DA%A9%DB%8C%D9%88%D9%85%D8%B1%D8%AB_%D9%85%D9%84%DA%A9%E2%80%8C%D9%85%D8%B7%DB%8C%D8%B9%DB%8C,,Death,Death,2261
جهان,1389,1,22,https://fa.wikipedia.org/wiki/%D8%AC%D9%87%D8%A7%D9%86_(%D8%AE%D9%88%D8%A7%D9%86%D9%86%D8%AF%D9%87),,Death,Death,1684
انحلال سازمان مجاهدین انقلاب اسلامی ایران,1389,1,23,https://fa.wikipedia.org/wiki/%D8%B3%D8%A7%D8%B2%D9%85%D8%A7%D9%86_%D9%85%D8%AC%D8%A7%D9%87%D8%AF%DB%8C%D9%86_%D8%A7%D9%86%D9%82%D9%84%D8%A7%D8%A8_%D8%A7%D8%B3%D9%84%D8%A7%D9%85%DB%8C_%D8%A7%DB%8C%D8%B1%D8%A7%D9%86,,Event,Event,3863
شجاع‌الدین شفا,1389,1,27,https://fa.wikipedia.org/wiki/%D8%B4%D8%AC%D8%A7%D8%B9%E2%80%8C%D8%A7%D9%84%D8%AF%DB%8C%D9%86_%D8%B4%D9%81%D8%A7,,Death,Death,2254
حمیده خیرآبادی,1389,1,31,https://fa.wikipedia.org/wiki/%D8%AD%D9%85%DB%8C%D8%AF%D9%87_%D8%AE%DB%8C%D8%B1%D8%A2%D8%A8%D8%A7%D8%AF%DB%8C,,Death,Death,2126
محمد صادقی تهرانی,1390,1,1,https://fa.wikipedia.org/wiki/%D9%85%D8%AD%D9%85%D8%AF_%D8%B5%D8%A7%D8%AF%D9%82%DB%8C_%D8%AA%D9%87%D8%B1%D8%A7%D9%86%DB%8C,,Death,Death,5498
مسعود استیلی,1390,1,7,https://fa.wikipedia.org/wiki/%D9%85%D8%B3%D8%B9%D9%88%D8%AF_%D8%A7%D8%B3%D8%AA%DB%8C%D9%84%DB%8C,,Death,Death,491
محمدعلی ورشوچی,1390,1,9,https://fa.wikipedia.org/wiki/%D9%85%D8%AD%D9%85%D8%AF%D8%B9%D9%84%DB%8C_%D9%88%D8%B1%D8%B4%D9%88%DA%86%DB%8C,,Death,Death,1775
شعبان بابااولادی,1390,1,22,https://fa.wikipedia.org/wiki/%D8%B4%D8%B9%D8%A8%D8%A7%D9%86_%D8%A8%D8%A7%D8%A8%D8%A7%D8%A7%D9%88%D9%84%D8%A7%D8%AF%DB%8C,,Death,Death,502
آغاز اعتراضات ۱۳۹۰ خوزستان,1390,1,26,https://fa.wikipedia.org/wiki/%D8%A7%D8%B9%D8%AA%D8%B1%D8%A7%D8%B6%D8%A7%D8%AA_%DB%B1%DB%B3%DB%B9%DB%B0_%D8%AE%D9%88%D8%B2%D8%B3%D8%AA%D8%A7%D9%86,,Event,Event,1587
حسین گنجینه,1390,1,31,https://fa.wikipedia.org/wiki/%D8%AD%D8%B3%DB%8C%D9%86_%DA%AF%D9%86%D8%AC%DB%8C%D9%86%D9%87,,Death,Death,994
غلامحسین سمندری,1391,1,3,https://fa.wikipedia.org/wiki/%D8%BA%D9%84%D8%A7%D9%85%D8%AD%D8%B3%DB%8C%D9%86_%D8%B3%D9%85%D9%86%D8%AF%D8%B1%DB%8C,,Death,Death,1734
پروین‌دخت یزدانیان,1391,1,5,https://fa.wikipedia.org/wiki/%D9%BE%D8%B1%D9%88%DB%8C%D9%86%E2%80%8C%D8%AF%D8%AE%D8%AA_%DB%8C%D8%B2%D8%AF%D8%A7%D9%86%DB%8C%D8%A7%D9%86,,Death,Death,665
فاطمه طاهری,1391,1,17,https://fa.wikipedia.org/wiki/%D9%81%D8%A7%D8%B7%D9%85%D9%87_%D8%B7%D8%A7%D9%87%D8%B1%DB%8C,,Death,Death,1560
ایرج بقایی کرمانی,1391,1,19,https://fa.wikipedia.org/wiki/%D8%A7%DB%8C%D8%B1%D8%AC_%D8%A8%D9%82%D8%A7%DB%8C%DB%8C_%DA%A9%D8%B1%D9%85%D8%A7%D9%86%DB%8C,,Death,Death,807
رسوایی جنسی دیپلمات جمهوری اسلامی در برزیل,1391,1,26,https://fa.wikipedia.org/wiki/%D8%B1%D8%B3%D9%88%D8%A7%DB%8C%DB%8C_%D8%AC%D9%86%D8%B3%DB%8C_%D8%AF%DB%8C%D9%BE%D9%84%D9%85%D8%A7%D8%AA_%D8%AC%D9%85%D9%87%D9%88%D8%B1%DB%8C_%D8%A7%D8%B3%D9%84%D8%A7%D9%85%DB%8C_%D8%AF%D8%B1_%D8%A8%D8%B1%D8%B2%DB%8C%D9%84,,Event,Event,1513
ایلوش خوشابه,1391,1,29,https://fa.wikipedia.org/wiki/%D8%A7%DB%8C%D9%84%D9%88%D8%B4_%D8%AE%D9%88%D8%B4%D8%A7%D8%A8%D9%87,,Death,Death,1118
هوشنگ کاووسی,1392,1,2,https://fa.wikipedia.org/wiki/%D9%87%D9%88%D8%B4%D9%86%DA%AF_%DA%A9%D8%A7%D9%88%D9%88%D8%B3%DB%8C,,Death,Death,4877
غلامرضا اسلامی بیدگلی,1392,1,9,https://fa.wikipedia.org/wiki/%D8%BA%D9%84%D8%A7%D9%85%D8%B1%D8%B6%D8%A7_%D8%A7%D8%B3%D9%84%D8%A7%D9%85%DB%8C_%D8%A8%DB%8C%D8%AF%DA%AF%D9%84%DB%8C,,Death,Death,1787
احمد صدر حاج‌سیدجوادی,1392,1,11,https://fa.wikipedia.org/wiki/%D8%A7%D8%AD%D9%85%D8%AF_%D8%B5%D8%AF%D8%B1_%D8%AD%D8%A7%D8%AC%E2%80%8C%D8%B3%DB%8C%D8%AF%D8%AC%D9%88%D8%A7%D8%AF%DB%8C,,Death,Death,6602
محمود عبادیان,1392,1,12,https://fa.wikipedia.org/wiki/%D9%85%D8%AD%D9%85%D9%88%D8%AF_%D8%B9%D8%A8%D8%A7%D8%AF%DB%8C%D8%A7%D9%86,,Death,Death,2231
عسل بدیعی,1392,1,12,https://fa.wikipedia.org/wiki/%D8%B9%D8%B3%D9%84_%D8%A8%D8%AF%DB%8C%D8%B9%DB%8C,,Death,Death,1853
سید جلال یحیی‌زاده فیروزآبادی,1392,1,20,https://fa.wikipedia.org/wiki/%D8%B3%DB%8C%D8%AF_%D8%AC%D9%84%D8%A7%D9%84_%DB%8C%D8%AD%DB%8C%DB%8C%E2%80%8C%D8%B2%D8%A7%D8%AF%D9%87_%D9%81%DB%8C%D8%B1%D9%88%D8%B2%D8%A2%D8%A8%D8%A7%D8%AF%DB%8C,,Death,Death,572
زمین‌لرزه ۱۳۹۲ دشتی,1392,1,20,https://fa.wikipedia.org/wiki/%D8%B2%D9%85%DB%8C%D9%86%E2%80%8C%D9%84%D8%B1%D8%B2%D9%87_%DB%B1%DB%B3%DB%B9%DB%B2_%D8%AF%D8%B4%D8%AA%DB%8C,,Event,Event,1868
داریوش صفوت,1392,1,27,https://fa.wikipedia.org/wiki/%D8%AF%D8%A7%D8%B1%DB%8C%D9%88%D8%B4_%D8%B5%D9%81%D9%88%D8%AA,,Death,Death,2664
زمین‌لرزه ۱۳۹۲ سراوان,1392,1,27,https://fa.wikipedia.org/wiki/%D8%B2%D9%85%DB%8C%D9%86%E2%80%8C%D9%84%D8%B1%D8%B2%D9%87_%DB%B1%DB%B3%DB%B9%DB%B2_%D8%B3%D8%B1%D8%A7%D9%88%D8%A7%D9%86,,Event,Event,1785
غلامرضا رضوانی,1392,1,30,https://fa.wikipedia.org/wiki/%D8%BA%D9%84%D8%A7%D9%85%D8%B1%D8%B6%D8%A7_%D8%B1%D8%B6%D9%88%D8%A7%D9%86%DB%8C,,Death,Death,1004
جمشید دانایی‌فر,1393,1,3,https://fa.wikipedia.org/wiki/%D8%AC%D9%85%D8%B4%DB%8C%D8%AF_%D8%AF%D8%A7%D9%86%D8%A7%DB%8C%DB%8C%E2%80%8C%D9%81%D8%B1,,Death,Death,1405
پرویز راجی,1393,1,3,https://fa.wikipedia.org/wiki/%D9%BE%D8%B1%D9%88%DB%8C%D8%B2_%D8%B1%D8%A7%D8%AC%DB%8C,,Death,Death,765
علی خلیلی,1393,1,4,https://fa.wikipedia.org/wiki/%D9%85%D8%B1%DA%AF_%D8%B9%D9%84%DB%8C_%D8%AE%D9%84%DB%8C%D9%84%DB%8C,,Death,Death,2685
محمدابراهیم باستانی پاریزی,1393,1,5,https://fa.wikipedia.org/wiki/%D9%85%D8%AD%D9%85%D8%AF%D8%A7%D8%A8%D8%B1%D8%A7%D9%87%DB%8C%D9%85_%D8%A8%D8%A7%D8%B3%D8%AA%D8%A7%D9%86%DB%8C_%D9%BE%D8%A7%D8%B1%DB%8C%D8%B2%DB%8C,,Death,Death,7947
سومین انتخابات ریاست جمهوری افغانستان,1393,1,16,https://fa.wikipedia.org/wiki/%D8%A7%D9%86%D8%AA%D8%AE%D8%A7%D8%A8%D8%A7%D8%AA_%D8%B1%DB%8C%D8%A7%D8%B3%D8%AA%E2%80%8C%D8%AC%D9%85%D9%87%D9%88%D8%B1%DB%8C_%D8%A7%D9%81%D8%BA%D8%A7%D9%86%D8%B3%D8%AA%D8%A7%D9%86_(%DB%B1%DB%B3%DB%B9%DB%B3),,Event,Event,7092
ناصر گیتی‌جاه,1393,1,20,https://fa.wikipedia.org/wiki/%D9%86%D8%A7%D8%B5%D8%B1_%DA%AF%DB%8C%D8%AA%DB%8C%E2%80%8C%D8%AC%D8%A7%D9%87,,Death,Death,1351
خسرو جهانبانی,1393,1,28,https://fa.wikipedia.org/wiki/%D8%AE%D8%B3%D8%B1%D9%88_%D8%AC%D9%87%D8%A7%D9%86%D8%A8%D8%A7%D9%86%DB%8C,,Death,Death,1394
پنج‌شنبه سیاه اوین,1393,1,28,https://fa.wikipedia.org/wiki/%D9%BE%D9%86%D8%AC%E2%80%8C%D8%B4%D9%86%D8%A8%D9%87_%D8%B3%DB%8C%D8%A7%D9%87_%D8%A7%D9%88%DB%8C%D9%86,,Event,Event,3052
یونس عساکره,1394,1,2,https://fa.wikipedia.org/wiki/%DB%8C%D9%88%D9%86%D8%B3_%D8%B9%D8%B3%D8%A7%DA%A9%D8%B1%D9%87,,Death,Death,1218
نیما پتگر,1394,1,5,https://fa.wikipedia.org/wiki/%D9%86%DB%8C%D9%85%D8%A7_%D9%BE%D8%AA%DA%AF%D8%B1,,Death,Death,1002
سکینه ضیایی,1394,1,13,https://fa.wikipedia.org/wiki/%D8%B3%DA%A9%DB%8C%D9%86%D9%87_%D8%B6%DB%8C%D8%A7%DB%8C%DB%8C,,Death,Death,892
علی‌اکبر آقایی مغانجویی,1394,1,20,https://fa.wikipedia.org/wiki/%D8%B9%D9%84%DB%8C%E2%80%8C%D8%A7%DA%A9%D8%A8%D8%B1_%D8%A2%D9%82%D8%A7%DB%8C%DB%8C_%D9%85%D8%BA%D8%A7%D9%86%D8%AC%D9%88%DB%8C%DB%8C,,Death,Death,629
اصغر ایمانیان,1394,1,28,https://fa.wikipedia.org/wiki/%D8%A7%D8%B5%D8%BA%D8%B1_%D8%A7%DB%8C%D9%85%D8%A7%D9%86%DB%8C%D8%A7%D9%86,,Death,Death,2157
سیمین صفامهر,1395,1,3,https://fa.wikipedia.org/wiki/%D8%B3%DB%8C%D9%85%DB%8C%D9%86_%D8%B5%D9%81%D8%A7%D9%85%D9%87%D8%B1,,Death,Death,706
رقابت ۵ فروردین ۱۳۹۵ تیم ملی فوتبال ایران با تیم ملی فوتبال هند در مرحله مقدماتی جام جهانی فوتبال ۲۰۱۸ (آسیا) و جام ملت‌های آسیا ۲۰۱۹,1395,1,5,https://fa.wikipedia.org/wiki/%D8%AF%DB%8C%D8%AF%D8%A7%D8%B1%D9%87%D8%A7%DB%8C_%D9%81%D9%88%D8%AA%D8%A8%D8%A7%D9%84_%D8%A7%DB%8C%D8%B1%D8%A7%D9%86_%D9%88_%D9%87%D9%86%D8%AF,,Event,Event,1570
حادثه ۶ فروردین ۱۳۹۵ فروند بالگرد اورژانس,1395,1,6,https://fa.wikipedia.org/wiki/%D9%81%D9%87%D8%B1%D8%B3%D8%AA_%D8%B3%D8%A7%D9%86%D8%AD%D9%87%E2%80%8C%D9%87%D8%A7%DB%8C_%D9%87%D9%88%D8%A7%DB%8C%DB%8C_%D8%AF%D8%B1_%D8%A7%DB%8C%D8%B1%D8%A7%D9%86,,Event,Event,10626
رقابت ۱۰ فروردین ۱۳۹۵ تیم ملی فوتبال ایران با تیم ملی فوتبال عمان در مرحله مقدماتی جام جهانی فوتبال ۲۰۱۸ (آسیا) و جام ملت‌های آسیا ۲۰۱۹,1395,1,10,https://fa.wikipedia.org/wiki/%D8%AF%DB%8C%D8%AF%D8%A7%D8%B1%D9%87%D8%A7%DB%8C_%D9%81%D9%88%D8%AA%D8%A8%D8%A7%D9%84_%D8%A7%DB%8C%D8%B1%D8%A7%D9%86_%D9%88_%D8%B9%D9%85%D8%A7%D9%86,,Event,Event,1546
ثریا حکمت,1395,1,20,https://fa.wikipedia.org/wiki/%D8%AB%D8%B1%DB%8C%D8%A7_%D8%AD%DA%A9%D9%85%D8%AA,,Death,Death,967
مهرداد اولادی,1395,1,31,https://fa.wikipedia.org/wiki/%D9%85%D9%87%D8%B1%D8%AF%D8%A7%D8%AF_%D8%A7%D9%88%D9%84%D8%A7%D8%AF%DB%8C,,Death,Death,1599
رقابت ۳ فروردین ۱۳۹۶ تیم ملی فوتبال ایران با تیم ملی فوتبال قطر در مرحله مقدماتی جام جهانی فوتبال ۲۰۱۸ (آسیا),1396,1,3,https://fa.wikipedia.org/wiki/%D8%AF%DB%8C%D8%AF%D8%A7%D8%B1%D9%87%D8%A7%DB%8C_%D9%81%D9%88%D8%AA%D8%A8%D8%A7%D9%84_%D8%A7%DB%8C%D8%B1%D8%A7%D9%86_%D9%88_%D9%82%D8%B7%D8%B1,,Event,Event,2290
رقابت ۸ فروردین ۱۳۹۶ تیم ملی فوتبال ایران با تیم ملی فوتبال چین در مرحله مقدماتی جام جهانی فوتبال ۲۰۱۸ (آسیا),1396,1,8,https://fa.wikipedia.org/wiki/%D8%AF%DB%8C%D8%AF%D8%A7%D8%B1%D9%87%D8%A7%DB%8C_%D9%81%D9%88%D8%AA%D8%A8%D8%A7%D9%84_%D8%A7%DB%8C%D8%B1%D8%A7%D9%86_%D9%88_%DA%86%DB%8C%D9%86,,Event,Event,2137
حسین توفیق,1396,1,9,https://fa.wikipedia.org/wiki/%D8%AD%D8%B3%DB%8C%D9%86_%D8%AA%D9%88%D9%81%DB%8C%D9%82,,Death,Death,521
محمد جنتی,1396,1,16,https://fa.wikipedia.org/wiki/%D9%85%D8%AD%D9%85%D8%AF_%D8%AC%D9%86%D8%AA%DB%8C,,Death,Death,581
زمین‌لرزه ۱۳۹۶ فریمان,1396,1,16,https://fa.wikipedia.org/wiki/%D8%B2%D9%85%DB%8C%D9%86%E2%80%8C%D9%84%D8%B1%D8%B2%D9%87_%DB%B1%DB%B3%DB%B9%DB%B6_%D9%81%D8%B1%DB%8C%D9%85%D8%A7%D9%86,,Event,Event,760
سیل ۱۳۹۶ شمال غرب ایران,1396,1,25,https://fa.wikipedia.org/wiki/%D8%B3%DB%8C%D9%84_%DB%B1%DB%B3%DB%B9%DB%B6_%D8%B4%D9%85%D8%A7%D9%84_%D8%BA%D8%B1%D8%A8_%D8%A7%DB%8C%D8%B1%D8%A7%D9%86,,Event,Event,2047
اجرای حکم قطع دست یک متهم به سرقت و قتل در زندان عادل‌آباد شیراز,1396,1,29,https://fa.wikipedia.org/wiki/%D9%82%D8%B7%D8%B9_%D8%AF%D8%B3%D8%AA_%D8%AF%D8%B1_%D8%AC%D9%85%D9%87%D9%88%D8%B1%DB%8C_%D8%A7%D8%B3%D9%84%D8%A7%D9%85%DB%8C_%D8%A7%DB%8C%D8%B1%D8%A7%D9%86,,Event,Event,1955
طوفان ۱۳۹۷ گلستان,1397,1,1,https://fa.wikipedia.org/wiki/%D8%B7%D9%88%D9%81%D8%A7%D9%86_%DB%B1%DB%B3%DB%B9%DB%B7_%DA%AF%D9%84%D8%B3%D8%AA%D8%A7%D9%86,,Event,Event,575
داریوش شایگان,1397,1,2,https://fa.wikipedia.org/wiki/%D8%AF%D8%A7%D8%B1%DB%8C%D9%88%D8%B4_%D8%B4%D8%A7%DB%8C%DA%AF%D8%A7%D9%86,,Death,Death,4612
عطامحمد نور,1397,1,2,https://fa.wikipedia.org/wiki/%D8%B9%D8%B7%D8%A7_%D9%85%D8%AD%D9%85%D8%AF_%D9%86%D9%88%D8%B1,,Event,Event,2518
طوفان ۱۳۹۷ اردبیل و ارومیه,1397,1,5,https://fa.wikipedia.org/wiki/%D8%B7%D9%88%D9%81%D8%A7%D9%86_%DB%B1%DB%B3%DB%B9%DB%B7_%D8%A7%D8%B1%D8%AF%D8%A8%DB%8C%D9%84_%D9%88_%D8%A7%D8%B1%D9%88%D9%85%DB%8C%D9%87,,Event,Event,634
حادثه کافه نوارس اهواز,1397,1,14,https://fa.wikipedia.org/wiki/%D8%AD%D8%A7%D8%AF%D8%AB%D9%87_%DA%A9%D8%A7%D9%81%D9%87_%D9%86%D9%88%D8%A7%D8%B1%D8%B3_%D8%A7%D9%87%D9%88%D8%A7%D8%B2,,Event,Event,1067
بهرام زند,1397,1,18,https://fa.wikipedia.org/wiki/%D8%A8%D9%87%D8%B1%D8%A7%D9%85_%D8%B2%D9%86%D8%AF,,Death,Death,3241
محمدابراهیم جعفری,1397,1,18,https://fa.wikipedia.org/wiki/%D9%85%D8%AD%D9%85%D8%AF%D8%A7%D8%A8%D8%B1%D8%A7%D9%87%DB%8C%D9%85_%D8%AC%D8%B9%D9%81%D8%B1%DB%8C,,Death,Death,1403
بزرگ لشگری,1397,1,21,https://fa.wikipedia.org/wiki/%D8%A8%D8%B2%D8%B1%DA%AF_%D9%84%D8%B4%DA%AF%D8%B1%DB%8C,,Death,Death,1065
غلامحسین صدری‌افشار,1397,1,28,https://fa.wikipedia.org/wiki/%D8%BA%D9%84%D8%A7%D9%85%D8%AD%D8%B3%DB%8C%D9%86_%D8%B5%D8%AF%D8%B1%DB%8C%E2%80%8C%D8%A7%D9%81%D8%B4%D8%A7%D8%B1,,Death,Death,1722
حادثه ۲۸ فروردین ۱۳۹۷ فروند بالگرد,1397,1,28,https://fa.wikipedia.org/wiki/%D9%81%D9%87%D8%B1%D8%B3%D8%AA_%D8%B3%D8%A7%D9%86%D8%AD%D9%87%E2%80%8C%D9%87%D8%A7%DB%8C_%D9%87%D9%88%D8%A7%DB%8C%DB%8C_%D8%AF%D8%B1_%D8%A7%DB%8C%D8%B1%D8%A7%D9%86,,Event,Event,10626
بهمن ورمزیار,1397,1,29,https://fa.wikipedia.org/wiki/%D8%A7%D8%B9%D8%AF%D8%A7%D9%85_%D8%A8%D9%87%D9%85%D9%86_%D9%88%D8%B1%D9%85%D8%B2%DB%8C%D8%A7%D8%B1,,Death,Death,906
سهیل پرسته,1398,1,3,https://fa.wikipedia.org/wiki/%D8%B3%D9%87%DB%8C%D9%84_%D9%BE%D8%B1%D8%B3%D8%AA%D9%87,,Death,Death,1204
سیل ۵ فروردین ۱۳۹۸ شیراز,1398,1,5,https://fa.wikipedia.org/wiki/%D8%B3%DB%8C%D9%84_%DB%B1%DB%B3%DB%B9%DB%B8_%D8%B4%DB%8C%D8%B1%D8%A7%D8%B2,,Event,Event,2843
آغاز موج نخست سیل ۱۳۹۸ جنوب و غرب ایران,1398,1,5,https://fa.wikipedia.org/wiki/%D8%B3%DB%8C%D9%84_%DB%B1%DB%B3%DB%B9%DB%B8_%D8%AC%D9%86%D9%88%D8%A8_%D9%88_%D8%BA%D8%B1%D8%A8_%D8%A7%DB%8C%D8%B1%D8%A7%D9%86,,Event,Event,4253
آغاز موج نخست سیل ۱۳۹۸ لرستان,1398,1,5,https://fa.wikipedia.org/wiki/%D8%B3%DB%8C%D9%84_%DB%B1%DB%B3%DB%B9%DB%B8_%D9%84%D8%B1%D8%B3%D8%AA%D8%A7%D9%86,,Event,Event,3151
عبدالله حاجیانی,1398,1,6,https://fa.wikipedia.org/wiki/%D8%B9%D8%A8%D8%AF%D8%A7%D9%84%D9%84%D9%87_%D8%AD%D8%A7%D8%AC%DB%8C%D8%A7%D9%86%DB%8C,,Death,Death,518
سیل ۶ فروردین ۱۳۹۸ شیراز,1398,1,6,https://fa.wikipedia.org/wiki/%D8%B3%DB%8C%D9%84_%DB%B1%DB%B3%DB%B9%DB%B8_%D8%B4%DB%8C%D8%B1%D8%A7%D8%B2,,Event,Event,2843
منصور یاوری,1398,1,11,https://fa.wikipedia.org/wiki/%D9%85%D9%86%D8%B5%D9%88%D8%B1_%DB%8C%D8%A7%D9%88%D8%B1%DB%8C,,Death,Death,493
موج دوم سیل ۱۳۹۸ جنوب و غرب ایران,1398,1,11,https://fa.wikipedia.org/wiki/%D8%B3%DB%8C%D9%84_%DB%B1%DB%B3%DB%B9%DB%B8_%D8%AC%D9%86%D9%88%D8%A8_%D9%88_%D8%BA%D8%B1%D8%A8_%D8%A7%DB%8C%D8%B1%D8%A7%D9%86,,Event,Event,4253
آغاز موج دوم سیل ۱۳۹۸ لرستان,1398,1,11,https://fa.wikipedia.org/wiki/%D8%B3%DB%8C%D9%84_%DB%B1%DB%B3%DB%B9%DB%B8_%D9%84%D8%B1%D8%B3%D8%AA%D8%A7%D9%86,,Event,Event,3151
جمشید مشایخی,1398,1,13,https://fa.wikipedia.org/wiki/%D8%AC%D9%85%D8%B4%DB%8C%D8%AF_%D9%85%D8%B4%D8%A7%DB%8C%D8%AE%DB%8C,,Death,Death,3210
احمد اقتداری,1398,1,27,https://fa.wikipedia.org/wiki/%D8%A7%D8%AD%D9%85%D8%AF_%D8%A7%D9%82%D8%AA%D8%AF%D8%A7%D8%B1%DB%8C,,Death,Death,12611
منیر شاهرودی فرمانفرمائیان,1398,1,31,https://fa.wikipedia.org/wiki/%D9%85%D9%86%DB%8C%D8%B1_%D8%B4%D8%A7%D9%87%D8%B1%D9%88%D8%AF%DB%8C_%D9%81%D8%B1%D9%85%D8%A7%D9%86%D9%81%D8%B1%D9%85%D8%A7%D8%A6%DB%8C%D8%A7%D9%86,,Death,Death,2343
ارسلان فلاح حجت انصاری,1399,1,1,https://fa.wikipedia.org/wiki/%D8%A7%D8%B1%D8%B3%D9%84%D8%A7%D9%86_%D9%81%D9%84%D8%A7%D8%AD_%D8%AD%D8%AC%D8%AA_%D8%A7%D9%86%D8%B5%D8%A7%D8%B1%DB%8C,,Death,Death,601
ژیلا تقی‌زاده,1399,1,2,https://fa.wikipedia.org/wiki/%DA%98%DB%8C%D9%84%D8%A7_%D8%AA%D9%82%DB%8C%E2%80%8C%D8%B2%D8%A7%D8%AF%D9%87,,Death,Death,1223
حسن اکبرزاده,1399,1,3,https://fa.wikipedia.org/wiki/%D8%AD%D8%B3%D9%86_%D8%A7%DA%A9%D8%A8%D8%B1%D8%B2%D8%A7%D8%AF%D9%87,,Death,Death,1260
عباسقلی دانشور,1399,1,4,https://fa.wikipedia.org/wiki/%D8%B9%D8%A8%D8%A7%D8%B3%D9%82%D9%84%DB%8C_%D8%AF%D8%A7%D9%86%D8%B4%D9%88%D8%B1,,Death,Death,2733
فرزانه تأییدی,1399,1,5,https://fa.wikipedia.org/wiki/%D9%81%D8%B1%D8%B2%D8%A7%D9%86%D9%87_%D8%AA%D8%A3%DB%8C%DB%8C%D8%AF%DB%8C,,Death,Death,2116
ادمان آیوازیان,1399,1,6,https://fa.wikipedia.org/wiki/%D8%A7%D8%AF%D9%85%D8%A7%D9%86_%D8%A2%DB%8C%D9%88%D8%A7%D8%B2%DB%8C%D8%A7%D9%86,,Death,Death,2654
دانیل گورگیزنژاد,1399,1,7,https://fa.wikipedia.org/wiki/%D8%AF%D8%A7%D9%86%DB%8C%D9%84_%DA%AF%D9%88%D8%B1%DA%AF%DB%8C%D8%B2%D9%86%DA%98%D8%A7%D8%AF,,Death,Death,465
کیومرث درم بخش,1399,1,11,https://fa.wikipedia.org/wiki/%DA%A9%DB%8C%D9%88%D9%85%D8%B1%D8%AB_%D8%AF%D8%B1%D9%85_%D8%A8%D8%AE%D8%B4,,Death,Death,939
آغاز اعتصاب غذای گسترده زندانیان سیاسی,1400,1,1,https://fa.wikipedia.org/wiki/%D8%A7%D8%B9%D8%AA%D8%B5%D8%A7%D8%A8_%D8%BA%D8%B0%D8%A7%DB%8C_%DA%AF%D8%B3%D8%AA%D8%B1%D8%AF%D9%87_%D8%B2%D9%86%D8%AF%D8%A7%D9%86%DB%8C%D8%A7%D9%86_%D8%B3%DB%8C%D8%A7%D8%B3%DB%8C,,Event,Event,2858
حاجی فیروز,1400,1,2,https://fa.wikipedia.org/wiki/%D8%AD%D8%A7%D8%AC%DB%8C_%D9%81%DB%8C%D8%B1%D9%88%D8%B2,,Event,Event,1893
آزاده نامداری,1400,1,6,https://fa.wikipedia.org/wiki/%D8%A2%D8%B2%D8%A7%D8%AF%D9%87_%D9%86%D8%A7%D9%85%D8%AF%D8%A7%D8%B1%DB%8C,,Death,Death,3495
محمدباقر باقری‌نژادیان‌فرد,1400,1,6,https://fa.wikipedia.org/wiki/%D9%85%D8%AD%D9%85%D8%AF%D8%A8%D8%A7%D9%82%D8%B1_%D8%A8%D8%A7%D9%82%D8%B1%DB%8C%E2%80%8C%D9%86%DA%98%D8%A7%D8%AF%DB%8C%D8%A7%D9%86%E2%80%8C%D9%81%D8%B1%D8%AF,,Death,Death,1306
محمد ابوالحسنی,1400,1,7,https://fa.wikipedia.org/wiki/%D9%85%D8%AD%D9%85%D8%AF_%D8%A7%D8%A8%D9%88%D8%A7%D9%84%D8%AD%D8%B3%D9%86%DB%8C,,Death,Death,880
امضا شدن توافقنامه برنامه ۲۵ ساله همکاری‌های مشترک ایران و چین توسط محمدجواد ظریف از نظام جمهوری اسلامی ایران و وانگ یی از چین,1400,1,7,https://fa.wikipedia.org/wiki/%D8%A8%D8%B1%D9%86%D8%A7%D9%85%D9%87_%DB%B2%DB%B5_%D8%B3%D8%A7%D9%84%D9%87_%D9%87%D9%85%DA%A9%D8%A7%D8%B1%DB%8C%E2%80%8C%D9%87%D8%A7%DB%8C_%D9%85%D8%B4%D8%AA%D8%B1%DA%A9_%D8%A7%DB%8C%D8%B1%D8%A7%D9%86_%D9%88_%DA%86%DB%8C%D9%86,,Event,Event,12255
محمد کرمی‌راد,1400,1,19,https://fa.wikipedia.org/wiki/%D9%85%D8%AD%D9%85%D8%AF_%DA%A9%D8%B1%D9%85%DB%8C%E2%80%8C%D8%B1%D8%A7%D8%AF,,Death,Death,1094
حادثه ۱۴۰۰ نطنز,1400,1,21,https://fa.wikipedia.org/wiki/%D8%AD%D8%A7%D8%AF%D8%AB%D9%87_%DB%B1%DB%B4%DB%B0%DB%B0_%D9%86%D8%B7%D9%86%D8%B2,,Event,Event,2466
کشته شدن دو شهروند ایرانی توسط مرزبانی ترکیه,1400,1,26,https://fa.wikipedia.org/wiki/%DA%A9%D8%B4%D8%AA%D9%87_%D8%B4%D8%AF%D9%86_%D8%AF%D9%88_%D8%B4%D9%87%D8%B1%D9%88%D9%86%D8%AF_%D8%A7%DB%8C%D8%B1%D8%A7%D9%86%DB%8C_%D8%AA%D9%88%D8%B3%D8%B7_%D9%85%D8%B1%D8%B2%D8%A8%D8%A7%D9%86%DB%8C_%D8%AA%D8%B1%DA%A9%DB%8C%D9%87,,Event,Event,1043
سید محمد حجازی,1400,1,29,https://fa.wikipedia.org/wiki/%D8%B3%DB%8C%D8%AF_%D9%85%D8%AD%D9%85%D8%AF_%D8%AD%D8%AC%D8%A7%D8%B2%DB%8C,,Death,Death,1772
زمین‌لرزه ۱۴۰۰ بندر گناوه,1400,1,29,https://fa.wikipedia.org/wiki/%D8%B2%D9%85%DB%8C%D9%86%E2%80%8C%D9%84%D8%B1%D8%B2%D9%87_%DB%B1%DB%B4%DB%B0%DB%B0_%D8%A8%D9%86%D8%AF%D8%B1_%DA%AF%D9%86%D8%A7%D9%88%D9%87,,Event,Event,1522
محمد محمدی ری‌شهری,1401,1,1,https://fa.wikipedia.org/wiki/%D9%85%D8%AD%D9%85%D8%AF_%D9%85%D8%AD%D9%85%D8%AF%DB%8C_%D8%B1%DB%8C%E2%80%8C%D8%B4%D9%87%D8%B1%DB%8C,,Death,Death,3947
مهرنوش شریعتی,1401,1,1,https://fa.wikipedia.org/wiki/%D9%85%D9%87%D8%B1%D9%86%D9%88%D8%B4_%D8%B4%D8%B1%DB%8C%D8%B9%D8%AA%DB%8C,,Death,Death,914
سید محمد فقیه,1401,1,2,https://fa.wikipedia.org/wiki/%D8%B3%DB%8C%D8%AF_%D9%85%D8%AD%D9%85%D8%AF_%D9%81%D9%82%DB%8C%D9%87,,Death,Death,403
علی برجسته,1401,1,3,https://fa.wikipedia.org/wiki/%D8%B9%D9%84%DB%8C_%D8%A8%D8%B1%D8%AC%D8%B3%D8%AA%D9%87,,Death,Death,521
رقابت ۴ فروردین ۱۴۰۱ تیم ملی فوتبال ایران با تیم ملی فوتبال کره جنوبی در مرحله مقدماتی جام جهانی فوتبال ۲۰۲۲ (آسیا),1401,1,4,https://fa.wikipedia.org/wiki/%D8%AF%DB%8C%D8%AF%D8%A7%D8%B1%D9%87%D8%A7%DB%8C_%D9%81%D9%88%D8%AA%D8%A8%D8%A7%D9%84_%D8%A7%DB%8C%D8%B1%D8%A7%D9%86_%D9%88_%DA%A9%D8%B1%D9%87_%D8%AC%D9%86%D9%88%D8%A8%DB%8C,,Event,Event,2953
رضا براهنی,1401,1,5,https://fa.wikipedia.org/wiki/%D8%B1%D8%B6%D8%A7_%D8%A8%D8%B1%D8%A7%D9%87%D9%86%DB%8C,,Death,Death,5837
رضا تهرانچی,1401,1,6,https://fa.wikipedia.org/wiki/%D8%B1%D8%B6%D8%A7_%D8%AA%D9%87%D8%B1%D8%A7%D9%86%DA%86%DB%8C,,Death,Death,810
رقابت ۹ فروردین ۱۴۰۱ تیم ملی فوتبال ایران با تیم ملی فوتبال لبنان در مرحله مقدماتی جام جهانی فوتبال ۲۰۲۲ (آسیا),1401,1,9,https://fa.wikipedia.org/wiki/%D8%AF%DB%8C%D8%AF%D8%A7%D8%B1%D9%87%D8%A7%DB%8C_%D9%81%D9%88%D8%AA%D8%A8%D8%A7%D9%84_%D8%A7%DB%8C%D8%B1%D8%A7%D9%86_%D9%88_%D9%84%D8%A8%D9%86%D8%A7%D9%86,,Event,Event,1504
شعبه دوم بازپرسی شهرستان رامهرمز با انتشار یک پرونده عادل کلاه‌کج را به همراه چند نفر به اختلال‌گری در اقتصاد ایران متهم کرد,1401,1,15,https://fa.wikipedia.org/wiki/%D8%B9%D8%A7%D8%AF%D9%84_%DA%A9%D9%84%D8%A7%D9%87%E2%80%8C%DA%A9%D8%AC,,Event,Event,834
آغاز اعتراضات ۱۴۰۱ کشاورزان ایران,1401,1,15,https://fa.wikipedia.org/wiki/%D8%A7%D8%B9%D8%AA%D8%B1%D8%A7%D8%B6%D8%A7%D8%AA_%DB%B1%DB%B4%DB%B0%DB%B1_%DA%A9%D8%B4%D8%A7%D9%88%D8%B1%D8%B2%D8%A7%D9%86_%D8%A7%DB%8C%D8%B1%D8%A7%D9%86,,Event,Event,1688
حادثه ۱۴۰۱ حرم امام رضا,1401,1,16,https://fa.wikipedia.org/wiki/%D8%AD%D8%A7%D8%AF%D8%AB%D9%87_%DB%B1%DB%B4%DB%B0%DB%B1_%D8%AD%D8%B1%D9%85_%D8%A7%D9%85%D8%A7%D9%85_%D8%B1%D8%B6%D8%A7,,Event,Event,702
محمد فیض سرابی,1401,1,22,https://fa.wikipedia.org/wiki/%D9%85%D8%AD%D9%85%D8%AF_%D9%81%DB%8C%D8%B6_%D8%B3%D8%B1%D8%A7%D8%A8%DB%8C,,Death,Death,614
حادثه ۲۹ فروردین ۱۴۰۱ فروند بوئینگ ۷۳۷ هواپیمایی کاسپین,1401,1,29,https://fa.wikipedia.org/wiki/%D9%81%D9%87%D8%B1%D8%B3%D8%AA_%D8%B3%D8%A7%D9%86%D8%AD%D9%87%E2%80%8C%D9%87%D8%A7%DB%8C_%D9%87%D9%88%D8%A7%DB%8C%DB%8C_%D8%AF%D8%B1_%D8%A7%DB%8C%D8%B1%D8%A7%D9%86,,Event,Event,10626
رسوایی سیسمونی گیت,1401,1,30,https://fa.wikipedia.org/wiki/%D8%B3%DB%8C%D8%B3%D9%85%D9%88%D9%86%DB%8C_%DA%AF%DB%8C%D8%AA,,Event,Event,2045
آغاز اعتراضات ۱۴۰۱ مالباختگان ایران,1401,1,30,https://fa.wikipedia.org/wiki/%D8%A7%D8%B9%D8%AA%D8%B1%D8%A7%D8%B6%D8%A7%D8%AA_%DB%B1%DB%B4%DB%B0%DB%B1_%D9%85%D8%A7%D9%84%D8%A8%D8%A7%D8%AE%D8%AA%DA%AF%D8%A7%D9%86_%D8%A7%DB%8C%D8%B1%D8%A7%D9%86,,Event,Event,1092
احمد سمیعی گیلانی,1402,1,2,https://fa.wikipedia.org/wiki/%D8%A7%D8%AD%D9%85%D8%AF_%D8%B3%D9%85%DB%8C%D8%B9%DB%8C_%DA%AF%DB%8C%D9%84%D8%A7%D9%86%DB%8C,,Death,Death,4374
زمین‌لرزه ۴ فروردین ۱۴۰۲ آذربایجان غربی,1402,1,4,https://fa.wikipedia.org/wiki/%D8%B2%D9%85%DB%8C%D9%86%E2%80%8C%D9%84%D8%B1%D8%B2%D9%87%E2%80%8C%D9%87%D8%A7%DB%8C_%DB%B1%DB%B4%DB%B0%DB%B1_%D8%A2%D8%B0%D8%B1%D8%A8%D8%A7%DB%8C%D8%AC%D8%A7%D9%86_%D8%BA%D8%B1%D8%A8%DB%8C,,Event,Event,1218
آغاز اعتراضات ۱۴۰۲ بازنشستگان ایران,1402,1,6,https://fa.wikipedia.org/wiki/%D8%A7%D8%B9%D8%AA%D8%B1%D8%A7%D8%B6%D8%A7%D8%AA_%DB%B1%DB%B4%DB%B0%DB%B2_%D8%A8%D8%A7%D8%B2%D9%86%D8%B4%D8%B3%D8%AA%DA%AF%D8%A7%D9%86_%D8%A7%DB%8C%D8%B1%D8%A7%D9%86,,Event,Event,9334
نورمحمد ذوالفقاری,1402,1,7,https://fa.wikipedia.org/wiki/%D9%86%D9%88%D8%B1%D9%85%D8%AD%D9%85%D8%AF_%D8%B0%D9%88%D8%A7%D9%84%D9%81%D9%82%D8%A7%D8%B1%DB%8C,,Death,Death,764
کیومرث پوراحمد,1402,1,16,https://fa.wikipedia.org/wiki/%DA%A9%DB%8C%D9%88%D9%85%D8%B1%D8%AB_%D9%BE%D9%88%D8%B1%D8%A7%D8%AD%D9%85%D8%AF,,Death,Death,4043
حسن تقی‌پور,1402,1,18,https://fa.wikipedia.org/wiki/%D8%AD%D8%B3%D9%86_%D8%AA%D9%82%DB%8C%E2%80%8C%D9%BE%D9%88%D8%B1,,Death,Death,855
محمد هژبر ابراهیمی,1402,1,27,https://fa.wikipedia.org/wiki/%D9%85%D8%AD%D9%85%D8%AF_%D9%87%DA%98%D8%A8%D8%B1_%D8%A7%D8%A8%D8%B1%D8%A7%D9%87%DB%8C%D9%85%DB%8C,,Death,Death,793
سهراب مرزبان,1402,1,28,https://fa.wikipedia.org/w/index.php?title=%D8%B3%D9%87%D8%B1%D8%A7%D8%A8_%D9%85%D8%B1%D8%B2%D8%A8%D8%A7%D9%86&action=edit&redlink=1,,Death,Death,0
خلیل عقاب,1402,1,31,https://fa.wikipedia.org/wiki/%D8%AE%D9%84%DB%8C%D9%84_%D8%B9%D9%82%D8%A7%D8%A8,,Death,Death,1386
فرامرز اصلانی,1403,1,1,https://fa.wikipedia.org/wiki/%D9%81%D8%B1%D8%A7%D9%85%D8%B1%D8%B2_%D8%A7%D8%B5%D9%84%D8%A7%D9%86%DB%8C,,Death,Death,1978
تیم ملی فوتبال ترکمنستان,1403,1,2,https://fa.wikipedia.org/wiki/%D8%AA%DB%8C%D9%85_%D9%85%D9%84%DB%8C_%D9%81%D9%88%D8%AA%D8%A8%D8%A7%D9%84_%D8%AA%D8%B1%DA%A9%D9%85%D9%86%D8%B3%D8%AA%D8%A7%D9%86,,Event,Event,1181
آغاز اعتراضات ۱۴۰۳ بازنشستگان ایران,1403,1,5,https://fa.wikipedia.org/wiki/%D8%A7%D8%B9%D8%AA%D8%B1%D8%A7%D8%B6%D8%A7%D8%AA_%DB%B1%DB%B4%DB%B0%DB%B3_%D8%A8%D8%A7%D8%B2%D9%86%D8%B4%D8%B3%D8%AA%DA%AF%D8%A7%D9%86_%D8%A7%DB%8C%D8%B1%D8%A7%D9%86,,Event,Event,11735
کشف پیکر بی‌جان سارا تبریزی,1403,1,5,https://fa.wikipedia.org/wiki/%D8%B3%D8%A7%D8%B1%D8%A7_%D8%AA%D8%A8%D8%B1%DB%8C%D8%B2%DB%8C,,Event,Event,1343
پرستو بخشی,1403,1,6,https://fa.wikipedia.org/wiki/%D9%BE%D8%B1%D8%B3%D8%AA%D9%88_%D8%A8%D8%AE%D8%B4%DB%8C,,Death,Death,1356
زهرا شجاعی,1403,1,7,https://fa.wikipedia.org/wiki/%D8%B2%D9%87%D8%B1%D8%A7_%D8%B4%D8%AC%D8%A7%D8%B9%DB%8C,,Death,Death,995
رقابت ۷ فروردین ۱۴۰۳ تیم ملی فوتبال ایران با تیم ملی فوتبال ترکمنستان در مرحله مقدماتی جام جهانی فوتبال ۲۰۲۶ (آسیا) و مرحله مقدماتی جام ملت‌های آسیا ۲۰۲۷,1403,1,7,https://fa.wikipedia.org/wiki/%D8%AF%DB%8C%D8%AF%D8%A7%D8%B1%D9%87%D8%A7%DB%8C_%D9%81%D9%88%D8%AA%D8%A8%D8%A7%D9%84_%D8%A7%DB%8C%D8%B1%D8%A7%D9%86_%D9%88_%D8%AA%D8%B1%DA%A9%D9%85%D9%86%D8%B3%D8%AA%D8%A7%D9%86,,Event,Event,1454
رضا داوودنژاد,1403,1,13,https://fa.wikipedia.org/wiki/%D8%B1%D8%B6%D8%A7_%D8%AF%D8%A7%D9%88%D9%88%D8%AF%D9%86%DA%98%D8%A7%D8%AF,,Death,Death,1525
محمدهادی حاج‌رحیمی,1403,1,13,https://fa.wikipedia.org/wiki/%D9%85%D8%AD%D9%85%D8%AF%D9%87%D8%A7%D8%AF%DB%8C_%D8%AD%D8%A7%D8%AC%E2%80%8C%D8%B1%D8%AD%DB%8C%D9%85%DB%8C,,Death,Death,684
محمدرضا زاهدی,1403,1,13,https://fa.wikipedia.org/wiki/%D9%85%D8%AD%D9%85%D8%AF%D8%B1%D8%B6%D8%A7_%D8%B2%D8%A7%D9%87%D8%AF%DB%8C,,Death,Death,3780
حمله هوایی به کنسولگری ایران در دمشق,1403,1,13,https://fa.wikipedia.org/wiki/%D8%AD%D9%85%D9%84%D9%87_%D9%87%D9%88%D8%A7%DB%8C%DB%8C_%D8%A8%D9%87_%DA%A9%D9%86%D8%B3%D9%88%D9%84%DA%AF%D8%B1%DB%8C_%D8%A7%DB%8C%D8%B1%D8%A7%D9%86_%D8%AF%D8%B1_%D8%AF%D9%85%D8%B4%D9%82,,Event,Event,3832
حمله به مقرهای نظامی چابهار، راسک و سرباز,1403,1,16,https://fa.wikipedia.org/wiki/%D8%AD%D9%85%D9%84%D9%87_%D8%A8%D9%87_%D9%85%D9%82%D8%B1%D9%87%D8%A7%DB%8C_%D9%86%D8%B8%D8%A7%D9%85%DB%8C_%DA%86%D8%A7%D8%A8%D9%87%D8%A7%D8%B1%D8%8C_%D8%B1%D8%A7%D8%B3%DA%A9_%D9%88_%D8%B3%D8%B1%D8%A8%D8%A7%D8%B2,,Event,Event,1339
عبدالحمید مبارز,1403,1,18,https://fa.wikipedia.org/w/index.php?title=%D8%B9%D8%A8%D8%AF%D8%A7%D9%84%D8%AD%D9%85%DB%8C%D8%AF_%D9%85%D8%A8%D8%A7%D8%B1%D8%B2&action=edit&redlink=1,,Death,Death,0
توقیف کشتی ام‌اس‌سی آریس توسط ایران,1403,1,25,https://fa.wikipedia.org/wiki/%D8%AA%D9%88%D9%82%DB%8C%D9%81_%DA%A9%D8%B4%D8%AA%DB%8C_%D8%A7%D9%85%E2%80%8C%D8%A7%D8%B3%E2%80%8C%D8%B3%DB%8C_%D8%A2%D8%B1%DB%8C%D8%B3_%D8%AA%D9%88%D8%B3%D8%B7_%D8%A7%DB%8C%D8%B1%D8%A7%D9%86,,Event,Event,1688
حمله هوایی ایران به اسرائیل,1403,1,25,https://fa.wikipedia.org/wiki/%D8%AD%D9%85%D9%84%D9%87_%D8%A2%D9%88%D8%B1%DB%8C%D9%84_%DB%B2%DB%B0%DB%B2%DB%B4_%D8%A7%DB%8C%D8%B1%D8%A7%D9%86_%D8%A8%D9%87_%D8%A7%D8%B3%D8%B1%D8%A7%D8%A6%DB%8C%D9%84,,Event,Event,14260
پرویز داودی,1403,1,30,https://fa.wikipedia.org/wiki/%D9%BE%D8%B1%D9%88%DB%8C%D8%B2_%D8%AF%D8%A7%D9%88%D8%AF%DB%8C,,Death,Death,2039
حمله اسرائیل به ایران,1403,1,31,https://fa.wikipedia.org/wiki/%D8%AD%D9%85%D9%84%D9%87_%D8%A7%D8%B3%D8%B1%D8%A7%D8%A6%DB%8C%D9%84_%D8%A8%D9%87_%D8%A7%DB%8C%D8%B1%D8%A7%D9%86,,Event,Event,326
پروانه اعتمادی,1404,1,1,https://fa.wikipedia.org/wiki/%D9%BE%D8%B1%D9%88%D8%A7%D9%86%D9%87_%D8%A7%D8%B9%D8%AA%D9%85%D8%A7%D8%AF%DB%8C,,Death,Death,991
رقابت ۵ فروردین ۱۴۰۴ تیم ملی فوتبال ایران با تیم ملی فوتبال ازبکستان در مرحله مقدماتی جام جهانی فوتبال ۲۰۲۶ (آسیا),1404,1,5,https://fa.wikipedia.org/wiki/%D8%AF%DB%8C%D8%AF%D8%A7%D8%B1%D9%87%D8%A7%DB%8C_%D9%81%D9%88%D8%AA%D8%A8%D8%A7%D9%84_%D8%A7%DB%8C%D8%B1%D8%A7%D9%86_%D9%88_%D8%A7%D8%B2%D8%A8%DA%A9%D8%B3%D8%AA%D8%A7%D9%86,,Event,Event,1432
ابوالفضل عابدینی,1404,1,6,https://fa.wikipedia.org/wiki/%D8%A7%D8%A8%D9%88%D8%A7%D9%84%D9%81%D8%B6%D9%84_%D8%B9%D8%A7%D8%A8%D8%AF%DB%8C%D9%86%DB%8C,,Death,Death,2268
فرامرز ظلی,1404,1,12,https://fa.wikipedia.org/wiki/%D9%81%D8%B1%D8%A7%D9%85%D8%B1%D8%B2_%D8%B8%D9%84%DB%8C,,Death,Death,1598
علیرضا ذکاوتی,1404,1,20,https://fa.wikipedia.org/wiki/%D8%B9%D9%84%DB%8C%D8%B1%D8%B6%D8%A7_%D8%B0%DA%A9%D8%A7%D9%88%D8%AA%DB%8C,,Death,Death,1721
اکبر اعتماد,1404,1,22,https://fa.wikipedia.org/wiki/%D8%A7%DA%A9%D8%A8%D8%B1_%D8%A7%D8%B9%D8%AA%D9%85%D8%A7%D8%AF,,Death,Death,2170
آغاز مذاکرات غیرمستقیم ایران و آمریکا با میانجیگری عمان,1404,1,23,https://fa.wikipedia.org/wiki/%D9%85%D8%B0%D8%A7%DA%A9%D8%B1%D8%A7%D8%AA_%D8%A7%DB%8C%D8%B1%D8%A7%D9%86_%D9%88_%D8%A2%D9%85%D8%B1%DB%8C%DA%A9%D8%A7_%DB%B2%DB%B0%DB%B2%DB%B5,,Event,Event,2648
سید محمود حسینی واعظ,1404,1,27,https://fa.wikipedia.org/wiki/%D8%B3%DB%8C%D8%AF_%D9%85%D8%AD%D9%85%D9%88%D8%AF_%D8%AD%D8%B3%DB%8C%D9%86%DB%8C_%D9%88%D8%A7%D8%B9%D8%B8,,Death,Death,366
سید جعفر حمیدی,1404,1,30,https://fa.wikipedia.org/wiki/%D8%B3%DB%8C%D8%AF_%D8%AC%D8%B9%D9%81%D8%B1_%D8%AD%D9%85%DB%8C%D8%AF%DB%8C,,Death,Death,1065
