title,year,month,day,link,description,category,type,word_counts,importance_score
امین‌الدین بلیانی,724,1,4,https://fa.wikipedia.org/wiki/%D8%A7%D9%85%DB%8C%D9%86%E2%80%8C%D8%A7%D9%84%D8%AF%DB%8C%D9%86_%D8%A8%D9%84%DB%8C%D8%A7%D9%86%DB%8C,,Death,Death,1943,-1458.1457627118643
پایان محاصره قندهار,1117,1,4,https://fa.wikipedia.org/wiki/%D9%85%D8%AD%D8%A7%D8%B5%D8%B1%D9%87_%D9%82%D9%86%D8%AF%D9%87%D8%A7%D8%B1_(%DB%B1%DB%B7%DB%B3%DB%B8%E2%80%93%DB%B1%DB%B7%DB%B3%DB%B7),,Event,Event,2050,-1351.1457627118643
میر مهنا,1148,1,5,https://fa.wikipedia.org/wiki/%D9%85%DB%8C%D8%B1_%D9%85%D9%87%D9%86%D8%A7,,Death,Death,1246,-2155.1457627118643
تاج‌گذاری رسمی آقامحمدخان قاجار,1175,1,1,https://fa.wikipedia.org/wiki/%D8%A2%D9%82%D8%A7%D9%85%D8%AD%D9%85%D8%AF%D8%AE%D8%A7%D9%86_%D9%82%D8%A7%D8%AC%D8%A7%D8%B1,,Event,Event,20212,16810.854237288135
محمدباقر شفتی,1223,1,2,https://fa.wikipedia.org/wiki/%D9%85%D8%AD%D9%85%D8%AF%D8%A8%D8%A7%D9%82%D8%B1_%D8%B4%D9%81%D8%AA%DB%8C,,Death,Death,4433,1031.8542372881357
آغاز نخستین سفر ناصرالدین‌شاه به اروپا,1252,1,30,https://fa.wikipedia.org/wiki/%D8%B3%D9%81%D8%B1%D9%87%D8%A7%DB%8C_%D9%86%D8%A7%D8%B5%D8%B1%D8%A7%D9%84%D8%AF%DB%8C%D9%86%E2%80%8C%D8%B4%D8%A7%D9%87_%D8%A8%D9%87_%D8%A7%D8%B1%D9%88%D9%BE%D8%A7,,Event,Event,3975,573.8542372881357
محمدتقی سپهر,1259,1,10,https://fa.wikipedia.org/wiki/%D9%85%D8%AD%D9%85%D8%AF%D8%AA%D9%82%DB%8C_%D8%B3%D9%BE%D9%87%D8%B1,,Death,Death,770,-2631.1457627118643
آغاز سومین سفر ناصرالدین‌شاه به اروپا,1268,1,24,https://fa.wikipedia.org/wiki/%D8%B3%D9%81%D8%B1%D9%87%D8%A7%DB%8C_%D9%86%D8%A7%D8%B5%D8%B1%D8%A7%D9%84%D8%AF%DB%8C%D9%86%E2%80%8C%D8%B4%D8%A7%D9%87_%D8%A8%D9%87_%D8%A7%D8%B1%D9%88%D9%BE%D8%A7,,Event,Event,3975,573.8542372881357
محمدحسن اعتمادالسلطنه,1275,1,13,https://fa.wikipedia.org/wiki/%D9%85%D8%AD%D9%85%D8%AF%D8%AD%D8%B3%D9%86_%D8%A7%D8%B9%D8%AA%D9%85%D8%A7%D8%AF%D8%A7%D9%84%D8%B3%D9%84%D8%B7%D9%86%D9%87,,Death,Death,1410,-1991.1457627118643
محمدحسن ممقانی,1284,1,5,https://fa.wikipedia.org/wiki/%D9%85%D8%AD%D9%85%D8%AF%D8%AD%D8%B3%D9%86_%D9%85%D9%85%D9%82%D8%A7%D9%86%DB%8C,,Death,Death,857,-2544.1457627118643
هوارد باسکرویل,1288,1,30,https://fa.wikipedia.org/wiki/%D9%87%D9%88%D8%A7%D8%B1%D8%AF_%D8%A8%D8%A7%D8%B3%DA%A9%D8%B1%D9%88%DB%8C%D9%84,,Death,Death,6607,3205.8542372881357
روسی,1291,1,9,https://fa.wikipedia.org/wiki/%D8%B1%D9%88%D8%B3%DB%8C%D9%87,,Event,Event,14868,11466.854237288135
وثوق الدوله,1296,1,9,https://fa.wikipedia.org/wiki/%D9%88%D8%AB%D9%88%D9%82_%D8%A7%D9%84%D8%AF%D9%88%D9%84%D9%87,,Event,Event,5705,2303.8542372881357
میرزا کوچک خان جنگلی,1298,1,18,https://fa.wikipedia.org/wiki/%D9%85%DB%8C%D8%B1%D8%B2%D8%A7_%DA%A9%D9%88%DA%86%DA%A9_%D8%AE%D8%A7%D9%86_%D8%AC%D9%86%DA%AF%D9%84%DB%8C,,Event,Event,7811,4409.854237288136
کلنل فضل‌الله خان,1299,1,1,https://fa.wikipedia.org/wiki/%DA%A9%D9%84%D9%86%D9%84_%D9%81%D8%B6%D9%84%E2%80%8C%D8%A7%D9%84%D9%84%D9%87_%D8%AE%D8%A7%D9%86,,Death,Death,730,-2671.1457627118643
آغاز قیام خیابانی,1299,1,16,https://fa.wikipedia.org/wiki/%D9%82%DB%8C%D8%A7%D9%85_%D8%AE%DB%8C%D8%A7%D8%A8%D8%A7%D9%86%DB%8C,,Event,Event,1914,-1487.1457627118643
شیخ محمد خیابانی,1299,1,17,https://fa.wikipedia.org/wiki/%D8%B4%DB%8C%D8%AE_%D9%85%D8%AD%D9%85%D8%AF_%D8%AE%DB%8C%D8%A7%D8%A8%D8%A7%D9%86%DB%8C,,Event,Event,4644,1242.8542372881357
تبریز,1299,1,18,https://fa.wikipedia.org/wiki/%D8%AA%D8%A8%D8%B1%DB%8C%D8%B2,,Event,Event,26062,22660.854237288135
بلدیه تهران,1300,1,2,https://fa.wikipedia.org/wiki/%D8%B4%D9%87%D8%B1%D8%AF%D8%A7%D8%B1%DB%8C_%D8%AA%D9%87%D8%B1%D8%A7%D9%86,,Event,Event,21565,18163.854237288135
بازگشایی رسمی کنسول‌گری افغانستان در مشهد,1301,1,6,https://fa.wikipedia.org/wiki/%DA%A9%D9%86%D8%B3%D9%88%D9%84%E2%80%8C%DA%AF%D8%B1%DB%8C_%D8%A7%D9%81%D8%BA%D8%A7%D9%86%D8%B3%D8%AA%D8%A7%D9%86_%D8%AF%D8%B1_%D9%85%D8%B4%D9%87%D8%AF,,Event,Event,697,-2704.1457627118643
رضا پهلوی,1303,1,18,https://fa.wikipedia.org/wiki/%D8%B1%D8%B6%D8%A7%D8%B4%D8%A7%D9%87,,Event,Event,35260,31858.854237288135
فارسی,1304,1,11,https://fa.wikipedia.org/wiki/%D8%B2%D8%A8%D8%A7%D9%86_%D9%81%D8%A7%D8%B1%D8%B3%DB%8C,,Event,Event,26714,23312.854237288135
محمدعلی‌شاه,1304,1,16,https://fa.wikipedia.org/wiki/%D9%85%D8%AD%D9%85%D8%AF%D8%B9%D9%84%DB%8C%E2%80%8C%D8%B4%D8%A7%D9%87,,Death,Death,4877,1475.8542372881357
محمد میرزا کاشف السلطنه,1308,1,31,https://fa.wikipedia.org/wiki/%D9%85%D8%AD%D9%85%D8%AF_%D9%85%DB%8C%D8%B1%D8%B2%D8%A7_%DA%A9%D8%A7%D8%B4%D9%81_%D8%A7%D9%84%D8%B3%D9%84%D8%B7%D9%86%D9%87,,Death,Death,3951,549.8542372881357
بنیان‌گذاری روزنامه آلیک,1310,1,1,https://fa.wikipedia.org/wiki/%D8%A2%D9%84%DB%8C%DA%A9,,Event,Event,3948,546.8542372881357
رضاشاه از دولت‌های خارجی خواست تا در مکاتبات رسمی از عبارت ایران که توسط خود ایرانیان از گذشته استفاده می‌شده، برای کشور استفاده کنند,1314,1,1,https://fa.wikipedia.org/wiki/%D9%86%D8%A7%D9%85%E2%80%8C%D9%87%D8%A7%DB%8C_%D8%A7%DB%8C%D8%B1%D8%A7%D9%86,,Event,Event,10931,7529.854237288136
پروین اعتصامی,1320,1,15,https://fa.wikipedia.org/wiki/%D9%BE%D8%B1%D9%88%DB%8C%D9%86_%D8%A7%D8%B9%D8%AA%D8%B5%D8%A7%D9%85%DB%8C,,Death,Death,13014,9612.854237288135
خلیل ثقفی,1323,1,7,https://fa.wikipedia.org/wiki/%D8%AE%D9%84%DB%8C%D9%84_%D8%AB%D9%82%D9%81%DB%8C,,Death,Death,1308,-2093.1457627118643
شورای عالی اقتصاد,1325,1,9,https://fa.wikipedia.org/w/index.php?title=%D8%B4%D9%88%D8%B1%D8%A7%DB%8C_%D8%B9%D8%A7%D9%84%DB%8C_%D8%A7%D9%82%D8%AA%D8%B5%D8%A7%D8%AF&action=edit&redlink=1,,Event,Event,0,-3401.1457627118643
مهدی نوایی,1326,1,4,https://fa.wikipedia.org/wiki/%D9%85%D9%87%D8%AF%DB%8C_%D9%86%D9%88%D8%A7%DB%8C%DB%8C,,Death,Death,573,-2828.1457627118643
صادق هدایت,1330,1,19,https://fa.wikipedia.org/wiki/%D8%B5%D8%A7%D8%AF%D9%82_%D9%87%D8%AF%D8%A7%DB%8C%D8%AA,,Death,Death,9240,5838.854237288136
قاسم غنی,1331,1,9,https://fa.wikipedia.org/wiki/%D9%82%D8%A7%D8%B3%D9%85_%D8%BA%D9%86%DB%8C,,Death,Death,2141,-1260.1457627118643
محمدعلی مدرس خیابانی,1333,1,16,https://fa.wikipedia.org/wiki/%D9%85%D8%AD%D9%85%D8%AF%D8%B9%D9%84%DB%8C_%D9%85%D8%AF%D8%B1%D8%B3_%D8%AE%DB%8C%D8%A7%D8%A8%D8%A7%D9%86%DB%8C,,Death,Death,604,-2797.1457627118643
فضل‌الله زاهدی,1334,1,18,https://fa.wikipedia.org/wiki/%D9%81%D8%B6%D9%84%E2%80%8C%D8%A7%D9%84%D9%84%D9%87_%D8%B2%D8%A7%D9%87%D8%AF%DB%8C,,Event,Event,4793,1391.8542372881357
جواد امامی,1337,1,7,https://fa.wikipedia.org/wiki/%D8%AC%D9%88%D8%A7%D8%AF_%D8%A7%D9%85%D8%A7%D9%85%DB%8C,,Death,Death,642,-2759.1457627118643
محمود نریمان,1340,1,5,https://fa.wikipedia.org/wiki/%D9%85%D8%AD%D9%85%D9%88%D8%AF_%D9%86%D8%B1%DB%8C%D9%85%D8%A7%D9%86,,Death,Death,2485,-916.1457627118643
سید حسین طباطبایی بروجردی,1340,1,10,https://fa.wikipedia.org/wiki/%D8%B3%DB%8C%D8%AF_%D8%AD%D8%B3%DB%8C%D9%86_%D8%B7%D8%A8%D8%A7%D8%B7%D8%A8%D8%A7%DB%8C%DB%8C_%D8%A8%D8%B1%D9%88%D8%AC%D8%B1%D8%AF%DB%8C,,Death,Death,4771,1369.8542372881357
حسین کاشی‌پز,1341,1,2,https://fa.wikipedia.org/wiki/%D8%AD%D8%B3%DB%8C%D9%86_%DA%A9%D8%A7%D8%B4%DB%8C%E2%80%8C%D9%BE%D8%B2,,Death,Death,1011,-2390.1457627118643
مدرسه فیضیه قم,1342,1,2,https://fa.wikipedia.org/wiki/%D9%85%D8%AF%D8%B1%D8%B3%D9%87_%D9%81%DB%8C%D8%B6%DB%8C%D9%87,,Event,Event,1598,-1803.1457627118643
عمر خیام,1342,1,12,https://fa.wikipedia.org/wiki/%D8%B9%D9%85%D8%B1_%D8%AE%DB%8C%D8%A7%D9%85,,Event,Event,17163,13761.854237288135
مرتضی محجوبی,1344,1,1,https://fa.wikipedia.org/wiki/%D9%85%D8%B1%D8%AA%D8%B6%DB%8C_%D9%85%D8%AD%D8%AC%D9%88%D8%A8%DB%8C,,Death,Death,2207,-1194.1457627118643
عبدالعظیم قریب,1344,1,3,https://fa.wikipedia.org/wiki/%D8%B9%D8%A8%D8%AF%D8%A7%D9%84%D8%B9%D8%B8%DB%8C%D9%85_%D9%82%D8%B1%DB%8C%D8%A8,,Death,Death,2104,-1297.1457627118643
رضا شمس‌آبادی,1344,1,21,https://fa.wikipedia.org/wiki/%D8%B1%D8%B6%D8%A7_%D8%B4%D9%85%D8%B3%E2%80%8C%D8%A2%D8%A8%D8%A7%D8%AF%DB%8C,,Death,Death,1025,-2376.1457627118643
عروسکها,1346,1,28,https://fa.wikipedia.org/wiki/%D8%B9%D8%B1%D9%88%D8%B3%DA%A9%E2%80%8C%D9%87%D8%A7_(%D8%A8%D9%87%D8%B1%D8%A7%D9%85_%D8%A8%DB%8C%D8%B6%D8%A7%DB%8C%DB%8C),,Event,Event,2460,-941.1457627118643
عبدالحسین سپنتا,1348,1,8,https://fa.wikipedia.org/wiki/%D8%B9%D8%A8%D8%AF%D8%A7%D9%84%D8%AD%D8%B3%DB%8C%D9%86_%D8%B3%D9%BE%D9%86%D8%AA%D8%A7,,Death,Death,723,-2678.1457627118643
استقلال تهران,1349,1,21,https://fa.wikipedia.org/wiki/%D8%A7%D8%B3%D8%AA%D9%82%D9%84%D8%A7%D9%84_%D8%AA%D9%87%D8%B1%D8%A7%D9%86,,Event,Event,26927,23525.854237288135
زمین‌لرزه ۱۳۵۱ قیر و کارزین,1351,1,21,https://fa.wikipedia.org/wiki/%D8%B2%D9%85%DB%8C%D9%86%E2%80%8C%D9%84%D8%B1%D8%B2%D9%87_%DB%B1%DB%B3%DB%B5%DB%B1_%D9%82%DB%8C%D8%B1_%D9%88_%DA%A9%D8%A7%D8%B1%D8%B2%DB%8C%D9%86,,Event,Event,855,-2546.1457627118643
رآکتور اتمی,1354,1,9,https://fa.wikipedia.org/wiki/%D8%B1%D8%A2%DA%A9%D8%AA%D9%88%D8%B1_%D8%A7%D8%AA%D9%85%DB%8C,,Event,Event,3160,-241.14576271186434
صدام حسین,1354,1,9,https://fa.wikipedia.org/wiki/%D8%B5%D8%AF%D8%A7%D9%85_%D8%AD%D8%B3%DB%8C%D9%86,,Event,Event,13784,10382.854237288135
بیژن جزنی,1354,1,29,https://fa.wikipedia.org/wiki/%D8%A8%DB%8C%DA%98%D9%86_%D8%AC%D8%B2%D9%86%DB%8C,,Death,Death,3170,-231.14576271186434
احمد ناظرزاده کرمانی,1355,1,3,https://fa.wikipedia.org/wiki/%D8%A7%D8%AD%D9%85%D8%AF_%D9%86%D8%A7%D8%B8%D8%B1%D8%B2%D8%A7%D8%AF%D9%87_%DA%A9%D8%B1%D9%85%D8%A7%D9%86%DB%8C,,Death,Death,1224,-2177.1457627118643
رقابت ۱۵ فروردین ۱۳۵۶ تیم ملی فوتبال ایران با تیم ملی فوتبال سوریه در مرحله مقدماتی جام جهانی فوتبال ۱۹۷۸ (آسیا و اقیانوسیه),1356,1,15,https://fa.wikipedia.org/wiki/%D8%AF%DB%8C%D8%AF%D8%A7%D8%B1%D9%87%D8%A7%DB%8C_%D9%81%D9%88%D8%AA%D8%A8%D8%A7%D9%84_%D8%A7%DB%8C%D8%B1%D8%A7%D9%86_%D9%88_%D8%B3%D9%88%D8%B1%DB%8C%D9%87,,Event,Event,2289,-1112.1457627118643
علی‌اکبر درخشانی,1357,1,7,https://fa.wikipedia.org/wiki/%D8%B9%D9%84%DB%8C%E2%80%8C%D8%A7%DA%A9%D8%A8%D8%B1_%D8%AF%D8%B1%D8%AE%D8%B4%D8%A7%D9%86%DB%8C,,Death,Death,9159,5757.854237288136
اکبر خیبر,1357,1,28,https://fa.wikipedia.org/wiki/%D9%85%DB%8C%D8%B1%D8%A7%DA%A9%D8%A8%D8%B1_%D8%AE%DB%8C%D8%A8%D8%B1,,Death,Death,432,-2969.1457627118643
عبدالرسول خیام‌پور,1358,1,7,https://fa.wikipedia.org/wiki/%D8%B9%D8%A8%D8%AF%D8%A7%D9%84%D8%B1%D8%B3%D9%88%D9%84_%D8%AE%DB%8C%D8%A7%D9%85%E2%80%8C%D9%BE%D9%88%D8%B1,,Death,Death,1542,-1859.1457627118643
برگزاری همه‌پرسی نظام جمهوری اسلامی در ایران,1358,1,12,https://fa.wikipedia.org/wiki/%D9%87%D9%85%D9%87%E2%80%8C%D9%BE%D8%B1%D8%B3%DB%8C_%D9%86%D8%B8%D8%A7%D9%85_%D8%AC%D9%85%D9%87%D9%88%D8%B1%DB%8C_%D8%A7%D8%B3%D9%84%D8%A7%D9%85%DB%8C_%D8%AF%D8%B1_%D8%A7%DB%8C%D8%B1%D8%A7%D9%86,,Event,Event,2799,-602.1457627118643
ذوالفقار علی بوتو,1358,1,15,https://fa.wikipedia.org/wiki/%D8%B0%D9%88%D8%A7%D9%84%D9%81%D9%82%D8%A7%D8%B1_%D8%B9%D9%84%DB%8C_%D8%A8%D9%88%D8%AA%D9%88,,Death,Death,3271,-130.14576271186434
امیرعباس هویدا,1358,1,18,https://fa.wikipedia.org/wiki/%D8%A7%D9%85%DB%8C%D8%B1%D8%B9%D8%A8%D8%A7%D8%B3_%D9%87%D9%88%DB%8C%D8%AF%D8%A7,,Death,Death,7761,4359.854237288136
امیرحسین ربیعی,1358,1,20,https://fa.wikipedia.org/wiki/%D8%A7%D9%85%DB%8C%D8%B1%D8%AD%D8%B3%DB%8C%D9%86_%D8%B1%D8%A8%DB%8C%D8%B9%DB%8C,,Death,Death,3577,175.85423728813566
ناصر مقدم,1358,1,21,https://fa.wikipedia.org/wiki/%D9%86%D8%A7%D8%B5%D8%B1_%D9%85%D9%82%D8%AF%D9%85,,Death,Death,2441,-960.1457627118643
بنیان‌گذاری بنیاد مسکن انقلاب اسلامی,1358,1,21,https://fa.wikipedia.org/wiki/%D8%A8%D9%86%DB%8C%D8%A7%D8%AF_%D9%85%D8%B3%DA%A9%D9%86_%D8%A7%D9%86%D9%82%D9%84%D8%A7%D8%A8_%D8%A7%D8%B3%D9%84%D8%A7%D9%85%DB%8C,,Event,Event,1003,-2398.1457627118643
غلامرضا نیک‌پی,1358,1,22,https://fa.wikipedia.org/wiki/%D8%BA%D9%84%D8%A7%D9%85%D8%B1%D8%B6%D8%A7_%D9%86%DB%8C%DA%A9%E2%80%8C%D9%BE%DB%8C,,Death,Death,3825,423.85423728813566
علی نشاط,1358,1,22,https://fa.wikipedia.org/wiki/%D8%B9%D9%84%DB%8C_%D9%86%D8%B4%D8%A7%D8%B7,,Death,Death,1359,-2042.1457627118643
حسینعلی بیات,1358,1,22,https://fa.wikipedia.org/wiki/%D8%AD%D8%B3%DB%8C%D9%86%D8%B9%D9%84%DB%8C_%D8%A8%DB%8C%D8%A7%D8%AA,,Death,Death,879,-2522.1457627118643
علی حجت کاشانی,1358,1,22,https://fa.wikipedia.org/wiki/%D8%B9%D9%84%DB%8C_%D8%AD%D8%AC%D8%AA_%DA%A9%D8%A7%D8%B4%D8%A7%D9%86%DB%8C,,Death,Death,2157,-1244.1457627118643
عباسعلی خلعتبری,1358,1,22,https://fa.wikipedia.org/wiki/%D8%B9%D8%A8%D8%A7%D8%B3%D8%B9%D9%84%DB%8C_%D8%AE%D9%84%D8%B9%D8%AA%D8%A8%D8%B1%DB%8C,,Death,Death,2960,-441.14576271186434
منصور روحانی,1358,1,22,https://fa.wikipedia.org/wiki/%D9%85%D9%86%D8%B5%D9%88%D8%B1_%D8%B1%D9%88%D8%AD%D8%A7%D9%86%DB%8C,,Death,Death,2070,-1331.1457627118643
محمدتقی مجیدی,1358,1,22,https://fa.wikipedia.org/wiki/%D9%85%D8%AD%D9%85%D8%AF%D8%AA%D9%82%DB%8C_%D9%85%D8%AC%DB%8C%D8%AF%DB%8C,,Death,Death,1185,-2216.1457627118643
حسن پاکروان,1358,1,22,https://fa.wikipedia.org/wiki/%D8%AD%D8%B3%D9%86_%D9%BE%D8%A7%DA%A9%D8%B1%D9%88%D8%A7%D9%86,,Death,Death,4748,1346.8542372881357
حسین نوری,1359,1,13,https://fa.wikipedia.org/wiki/%D8%AD%D8%B3%DB%8C%D9%86_%D9%86%D9%88%D8%B1%DB%8C_(%DA%A9%D8%B4%D8%AA%DB%8C%E2%80%8C%DA%AF%DB%8C%D8%B1_%D8%A2%D8%B2%D8%A7%D8%AF%DA%A9%D8%A7%D8%B1),,Death,Death,468,-2933.1457627118643
قطع رسمی روابط سیاسی ایالات متحده آمریکا و ایران,1359,1,20,https://fa.wikipedia.org/wiki/%D8%B1%D9%88%D8%A7%D8%A8%D8%B7_%D8%A7%DB%8C%D8%A7%D9%84%D8%A7%D8%AA_%D9%85%D8%AA%D8%AD%D8%AF%D9%87_%D8%A2%D9%85%D8%B1%DB%8C%DA%A9%D8%A7_%D9%88_%D8%A7%DB%8C%D8%B1%D8%A7%D9%86,,Event,Event,19302,15900.854237288135
عبدالرحیم ربانی شیرازی,1360,1,8,https://fa.wikipedia.org/wiki/%D8%B9%D8%A8%D8%AF%D8%A7%D9%84%D8%B1%D8%AD%DB%8C%D9%85_%D8%B1%D8%A8%D8%A7%D9%86%DB%8C_%D8%B4%DB%8C%D8%B1%D8%A7%D8%B2%DB%8C,,Event,Event,1393,-2008.1457627118643
عملیات اچ۳,1360,1,15,https://fa.wikipedia.org/wiki/%D8%B9%D9%85%D9%84%DB%8C%D8%A7%D8%AA_%D8%A7%DA%86%DB%B3,,Event,Event,5965,2563.8542372881357
آزادسازی ۲۰ فروردین ۱۳۶۰ قصر شیرین از نظامیان عراق,1360,1,20,https://fa.wikipedia.org/wiki/%D9%82%D8%B5%D8%B1_%D8%B4%DB%8C%D8%B1%DB%8C%D9%86,,Event,Event,4873,1471.8542372881357
آغاز عملیات فتح‌المبین,1361,1,2,https://fa.wikipedia.org/wiki/%D8%B9%D9%85%D9%84%DB%8C%D8%A7%D8%AA_%D9%81%D8%AA%D8%AD%E2%80%8C%D8%A7%D9%84%D9%85%D8%A8%DB%8C%D9%86,,Event,Event,3794,392.85423728813566
اسماعیل ادیب خوانساری,1361,1,6,https://fa.wikipedia.org/wiki/%D8%A7%D8%B3%D9%85%D8%A7%D8%B9%DB%8C%D9%84_%D8%A7%D8%AF%DB%8C%D8%A8_%D8%AE%D9%88%D8%A7%D9%86%D8%B3%D8%A7%D8%B1%DB%8C,,Death,Death,3386,-15.145762711864336
آغاز مرحله سوم عملیات فتح‌المبین,1361,1,7,https://fa.wikipedia.org/wiki/%D8%B9%D9%85%D9%84%DB%8C%D8%A7%D8%AA_%D9%81%D8%AA%D8%AD%E2%80%8C%D8%A7%D9%84%D9%85%D8%A8%DB%8C%D9%86,,Event,Event,3794,392.85423728813566
برگزاری انتخابات دوره دوم مجلس شورای اسلامی,1363,1,26,https://fa.wikipedia.org/wiki/%D8%AF%D9%88%D8%B1%D9%87_%D8%AF%D9%88%D9%85_%D9%85%D8%AC%D9%84%D8%B3_%D8%B4%D9%88%D8%B1%D8%A7%DB%8C_%D8%A7%D8%B3%D9%84%D8%A7%D9%85%DB%8C,,Event,Event,1320,-2081.1457627118643
تقی محمدی,1365,1,19,https://fa.wikipedia.org/wiki/%D8%AA%D9%82%DB%8C_%D9%85%D8%AD%D9%85%D8%AF%DB%8C,,Death,Death,735,-2666.1457627118643
عبدالله دهش,1366,1,5,https://fa.wikipedia.org/wiki/%D8%B9%D8%A8%D8%AF%D8%A7%D9%84%D9%84%D9%87_%D8%AF%D9%87%D8%B4,,Death,Death,4743,1341.8542372881357
جنگ ایران و عراق,1366,1,18,https://fa.wikipedia.org/wiki/%D8%AC%D9%86%DA%AF_%D8%A7%DB%8C%D8%B1%D8%A7%D9%86_%D9%88_%D8%B9%D8%B1%D8%A7%D9%82,,Event,Event,40245,36843.854237288135
عملیات کربلای ۹,1366,1,20,https://fa.wikipedia.org/wiki/%D8%B9%D9%85%D9%84%DB%8C%D8%A7%D8%AA_%DA%A9%D8%B1%D8%A8%D9%84%D8%A7%DB%8C_%DB%B9,,Event,Event,1779,-1622.1457627118643
آغاز عملیات کربلای ۱۰,1366,1,25,https://fa.wikipedia.org/wiki/%D8%B9%D9%85%D9%84%DB%8C%D8%A7%D8%AA_%DA%A9%D8%B1%D8%A8%D9%84%D8%A7%DB%8C_%DB%B1%DB%B0,,Event,Event,2097,-1304.1457627118643
محمدتقی شریعتی,1366,1,31,https://fa.wikipedia.org/wiki/%D9%85%D8%AD%D9%85%D8%AF%D8%AA%D9%82%DB%8C_%D8%B4%D8%B1%DB%8C%D8%B9%D8%AA%DB%8C,,Death,Death,3325,-76.14576271186434
آغاز عملیات بیت‌المقدس ۴,1367,1,5,https://fa.wikipedia.org/wiki/%D8%B9%D9%85%D9%84%DB%8C%D8%A7%D8%AA_%D8%A8%DB%8C%D8%AA%E2%80%8C%D8%A7%D9%84%D9%85%D9%82%D8%AF%D8%B3_%DB%B4,,Event,Event,2187,-1214.1457627118643
توافق‌نامه ژنو,1367,1,25,https://fa.wikipedia.org/wiki/%D8%AA%D9%88%D8%A7%D9%81%D9%82%D9%86%D8%A7%D9%85%D9%87_%DA%98%D9%86%D9%88_(%DB%B1%DB%B9%DB%B8%DB%B8),,Event,Event,761,-2640.1457627118643
پارسا تویسرکانی,1369,1,2,https://fa.wikipedia.org/wiki/%D9%BE%D8%A7%D8%B1%D8%B3%D8%A7_%D8%AA%D9%88%DB%8C%D8%B3%D8%B1%DA%A9%D8%A7%D9%86%DB%8C,,Death,Death,906,-2495.1457627118643
علی دریابیگی,1370,1,1,https://fa.wikipedia.org/wiki/%D8%B9%D9%84%DB%8C_%D8%AF%D8%B1%DB%8C%D8%A7%D8%A8%DB%8C%DA%AF%DB%8C,,Death,Death,1094,-2307.1457627118643
همدم‌السلطنه پهلوی,1371,1,16,https://fa.wikipedia.org/wiki/%D9%87%D9%85%D8%AF%D9%85%E2%80%8C%D8%A7%D9%84%D8%B3%D9%84%D8%B7%D9%86%D9%87_%D9%BE%D9%87%D9%84%D9%88%DB%8C,,Death,Death,1169,-2232.1457627118643
علیرضا افضلی‌پور,1372,1,18,https://fa.wikipedia.org/wiki/%D8%B9%D9%84%DB%8C%D8%B1%D8%B6%D8%A7_%D8%A7%D9%81%D8%B6%D9%84%DB%8C%E2%80%8C%D9%BE%D9%88%D8%B1,,Death,Death,1185,-2216.1457627118643
سید مرتضی آوینی,1372,1,20,https://fa.wikipedia.org/wiki/%D8%B3%DB%8C%D8%AF_%D9%85%D8%B1%D8%AA%D8%B6%DB%8C_%D8%A2%D9%88%DB%8C%D9%86%DB%8C,,Death,Death,6239,2837.8542372881357
حسین سرشار,1374,1,20,https://fa.wikipedia.org/wiki/%D8%AD%D8%B3%DB%8C%D9%86_%D8%B3%D8%B1%D8%B4%D8%A7%D8%B1,,Death,Death,2021,-1380.1457627118643
کلارا آبکار,1375,1,1,https://fa.wikipedia.org/wiki/%DA%A9%D9%84%D8%A7%D8%B1%D8%A7_%D8%A2%D8%A8%DA%A9%D8%A7%D8%B1,,Death,Death,1670,-1731.1457627118643
محمداسماعیل رضوانی,1375,1,5,https://fa.wikipedia.org/wiki/%D9%85%D8%AD%D9%85%D8%AF%D8%A7%D8%B3%D9%85%D8%A7%D8%B9%DB%8C%D9%84_%D8%B1%D8%B6%D9%88%D8%A7%D9%86%DB%8C,,Death,Death,2463,-938.1457627118643
جلال مقدم,1375,1,29,https://fa.wikipedia.org/wiki/%D8%AC%D9%84%D8%A7%D9%84_%D9%85%D9%82%D8%AF%D9%85,,Death,Death,861,-2540.1457627118643
مازیار,1376,1,16,https://fa.wikipedia.org/wiki/%D9%85%D8%A7%D8%B2%DB%8C%D8%A7%D8%B1_(%D8%AE%D9%88%D8%A7%D9%86%D9%86%D8%AF%D9%87),,Death,Death,2302,-1099.1457627118643
لرتا,1377,1,7,https://fa.wikipedia.org/wiki/%D9%84%D8%B1%D8%AA%D8%A7,,Death,Death,5115,1713.8542372881357
ثبت رسمی خانه آیت‌الله مدرس با شماره ثبت ملی ۱۹۷۴ به‌عنوان یکی از آثار ملی ایران,1377,1,16,https://fa.wikipedia.org/wiki/%D8%AE%D8%A7%D9%86%D9%87_%D8%A2%DB%8C%D8%AA%E2%80%8C%D8%A7%D9%84%D9%84%D9%87_%D9%85%D8%AF%D8%B1%D8%B3_(%D8%A7%D8%B1%D8%AF%D8%B3%D8%AA%D8%A7%D9%86),,Event,Event,393,-3008.1457627118643
سیروس قایقران,1377,1,18,https://fa.wikipedia.org/wiki/%D8%B3%DB%8C%D8%B1%D9%88%D8%B3_%D9%82%D8%A7%DB%8C%D9%82%D8%B1%D8%A7%D9%86,,Death,Death,1406,-1995.1457627118643
عفت تجارت‌چی,1378,1,19,https://fa.wikipedia.org/wiki/%D8%B9%D9%81%D8%AA_%D8%AA%D8%AC%D8%A7%D8%B1%D8%AA%E2%80%8C%DA%86%DB%8C,,Death,Death,1722,-1679.1457627118643
علی صیاد شیرازی,1378,1,21,https://fa.wikipedia.org/wiki/%D8%B9%D9%84%DB%8C_%D8%B5%DB%8C%D8%A7%D8%AF_%D8%B4%DB%8C%D8%B1%D8%A7%D8%B2%DB%8C,,Death,Death,4745,1343.8542372881357
رافیک آرزومانیان,1379,1,4,https://fa.wikipedia.org/wiki/%D8%B1%D8%A7%D9%81%DB%8C%DA%A9_%D8%A2%D8%B1%D8%B2%D9%88%D9%85%D8%A7%D9%86%DB%8C%D8%A7%D9%86,,Death,Death,767,-2634.1457627118643
رقابت ۱۴ فروردین ۱۳۷۹ تیم ملی فوتبال ایران با تیم ملی فوتبال سوریه در جام ملت‌های آسیا ۲۰۰۰,1379,1,14,https://fa.wikipedia.org/wiki/%D8%AF%DB%8C%D8%AF%D8%A7%D8%B1%D9%87%D8%A7%DB%8C_%D9%81%D9%88%D8%AA%D8%A8%D8%A7%D9%84_%D8%A7%DB%8C%D8%B1%D8%A7%D9%86_%D9%88_%D8%B3%D9%88%D8%B1%DB%8C%D9%87,,Event,Event,2289,-1112.1457627118643
نعمت‌الله گرجی,1379,1,17,https://fa.wikipedia.org/wiki/%D9%86%D8%B9%D9%85%D8%AA%E2%80%8C%D8%A7%D9%84%D9%84%D9%87_%DA%AF%D8%B1%D8%AC%DB%8C,,Death,Death,1832,-1569.1457627118643
فردین,1379,1,18,https://fa.wikipedia.org/wiki/%D9%81%D8%B1%D8%AF%DB%8C%D9%86,,Death,Death,4792,1390.8542372881357
آغاز برگزاری کنفرانس برلین,1379,1,19,https://fa.wikipedia.org/wiki/%DA%A9%D9%86%D9%81%D8%B1%D8%A7%D9%86%D8%B3_%D8%A8%D8%B1%D9%84%DB%8C%D9%86,,Event,Event,1961,-1440.1457627118643
رقابت ۲۳ فروردین ۱۳۷۹ تیم ملی فوتبال ایران با تیم ملی فوتبال سوریه در جام ملت‌های آسیا ۲۰۰۰,1379,1,23,https://fa.wikipedia.org/wiki/%D8%AF%DB%8C%D8%AF%D8%A7%D8%B1%D9%87%D8%A7%DB%8C_%D9%81%D9%88%D8%AA%D8%A8%D8%A7%D9%84_%D8%A7%DB%8C%D8%B1%D8%A7%D9%86_%D9%88_%D8%B3%D9%88%D8%B1%DB%8C%D9%87,,Event,Event,2289,-1112.1457627118643
جلیل زندی,1380,1,12,https://fa.wikipedia.org/wiki/%D8%AC%D9%84%DB%8C%D9%84_%D8%B2%D9%86%D8%AF%DB%8C,,Death,Death,1762,-1639.1457627118643
میدان باغ کرمان,1380,1,28,https://fa.wikipedia.org/wiki/%D9%85%DB%8C%D8%AF%D8%A7%D9%86_%D8%A8%D8%A7%D8%BA_(%D8%A7%D8%B1%DA%AF),,Event,Event,430,-2971.1457627118643
جمشید اسماعیل‌خانی,1381,1,18,https://fa.wikipedia.org/wiki/%D8%AC%D9%85%D8%B4%DB%8C%D8%AF_%D8%A7%D8%B3%D9%85%D8%A7%D8%B9%DB%8C%D9%84%E2%80%8C%D8%AE%D8%A7%D9%86%DB%8C,,Death,Death,1094,-2307.1457627118643
سعید حنایی,1381,1,28,https://fa.wikipedia.org/wiki/%D8%B3%D8%B9%DB%8C%D8%AF_%D8%AD%D9%86%D8%A7%DB%8C%DB%8C,,Death,Death,2925,-476.14576271186434
محسن نوربخش,1382,1,11,https://fa.wikipedia.org/wiki/%D9%85%D8%AD%D8%B3%D9%86_%D9%86%D9%88%D8%B1%D8%A8%D8%AE%D8%B4,,Death,Death,3298,-103.14576271186434
کاوه گلستان,1382,1,13,https://fa.wikipedia.org/wiki/%DA%A9%D8%A7%D9%88%D9%87_%DA%AF%D9%84%D8%B3%D8%AA%D8%A7%D9%86,,Death,Death,1094,-2307.1457627118643
واهان بیجانیان,1382,1,20,https://fa.wikipedia.org/wiki/%D9%88%D8%A7%D9%87%D8%A7%D9%86_%D8%A8%DB%8C%D8%AC%D8%A7%D9%86%DB%8C%D8%A7%D9%86,,Death,Death,794,-2607.1457627118643
سید حسن حسینی,1383,1,9,https://fa.wikipedia.org/wiki/%D8%B3%DB%8C%D8%AF_%D8%AD%D8%B3%D9%86_%D8%AD%D8%B3%DB%8C%D9%86%DB%8C,,Death,Death,4747,1345.8542372881357
دولت ایران,1383,1,11,https://fa.wikipedia.org/wiki/%D9%82%D9%88%D9%87_%D9%85%D8%AC%D8%B1%DB%8C%D9%87_%D8%AC%D9%85%D9%87%D9%88%D8%B1%DB%8C_%D8%A7%D8%B3%D9%84%D8%A7%D9%85%DB%8C_%D8%A7%DB%8C%D8%B1%D8%A7%D9%86,,Event,Event,1269,-2132.1457627118643
ژاله کاظمی,1383,1,12,https://fa.wikipedia.org/wiki/%DA%98%D8%A7%D9%84%D9%87_%DA%A9%D8%A7%D8%B8%D9%85%DB%8C,,Death,Death,4768,1366.8542372881357
سید جلال‌الدین میری آشتیانی,1384,1,3,https://fa.wikipedia.org/wiki/%D8%B3%DB%8C%D8%AF_%D8%AC%D9%84%D8%A7%D9%84%E2%80%8C%D8%A7%D9%84%D8%AF%DB%8C%D9%86_%D9%85%DB%8C%D8%B1%DB%8C_%D8%A2%D8%B4%D8%AA%DB%8C%D8%A7%D9%86%DB%8C,,Death,Death,5766,2364.8542372881357
محمد مددپور,1384,1,4,https://fa.wikipedia.org/wiki/%D9%85%D8%AD%D9%85%D8%AF_%D9%85%D8%AF%D8%AF%D9%BE%D9%88%D8%B1,,Death,Death,1855,-1546.1457627118643
آغاز ناآرامی‌های ۱۳۸۴ اهواز,1384,1,26,https://fa.wikipedia.org/wiki/%D9%86%D8%A7%D8%A2%D8%B1%D8%A7%D9%85%DB%8C%E2%80%8C%D9%87%D8%A7%DB%8C_%DB%B1%DB%B3%DB%B8%DB%B4_%D8%A7%D9%87%D9%88%D8%A7%D8%B2,,Event,Event,1362,-2039.1457627118643
حادثه ۳۱ فروردین ۱۳۸۴ فروند بوئینگ ۷۰۷ هواپیمایی ساها,1384,1,31,https://fa.wikipedia.org/wiki/%D9%81%D9%87%D8%B1%D8%B3%D8%AA_%D8%B3%D8%A7%D9%86%D8%AD%D9%87%E2%80%8C%D9%87%D8%A7%DB%8C_%D9%87%D9%88%D8%A7%DB%8C%DB%8C_%D8%AF%D8%B1_%D8%A7%DB%8C%D8%B1%D8%A7%D9%86,,Event,Event,10626,7224.854237288136
سروش خلیلی,1385,1,1,https://fa.wikipedia.org/wiki/%D8%B3%D8%B1%D9%88%D8%B4_%D8%AE%D9%84%DB%8C%D9%84%DB%8C,,Death,Death,1792,-1609.1457627118643
منوچهر همایون‌پور,1385,1,6,https://fa.wikipedia.org/wiki/%D9%85%D9%86%D9%88%DA%86%D9%87%D8%B1_%D9%87%D9%85%D8%A7%DB%8C%D9%88%D9%86%E2%80%8C%D9%BE%D9%88%D8%B1,,Death,Death,687,-2714.1457627118643
منوچهر همایون‌پور,1385,1,7,https://fa.wikipedia.org/wiki/%D9%85%D9%86%D9%88%DA%86%D9%87%D8%B1_%D9%87%D9%85%D8%A7%DB%8C%D9%88%D9%86%E2%80%8C%D9%BE%D9%88%D8%B1,,Death,Death,687,-2714.1457627118643
حادثه سقوط ۸ فروردین ۱۳۸۵ هواگرد باری آنتونوف ای‌ان-۱۲,1385,1,8,https://fa.wikipedia.org/wiki/%D9%81%D9%87%D8%B1%D8%B3%D8%AA_%D8%B3%D8%A7%D9%86%D8%AD%D9%87%E2%80%8C%D9%87%D8%A7%DB%8C_%D9%87%D9%88%D8%A7%DB%8C%DB%8C_%D8%AF%D8%B1_%D8%A7%DB%8C%D8%B1%D8%A7%D9%86,,Event,Event,10626,7224.854237288136
زمین‌لرزه ۱۳۸۵ بروجرد,1385,1,11,https://fa.wikipedia.org/wiki/%D8%B2%D9%85%DB%8C%D9%86%E2%80%8C%D9%84%D8%B1%D8%B2%D9%87_%DB%B1%DB%B3%DB%B8%DB%B5_%D8%A8%D8%B1%D9%88%D8%AC%D8%B1%D8%AF,,Event,Event,1249,-2152.1457627118643
علی‌اکبر صنعتی,1385,1,13,https://fa.wikipedia.org/wiki/%D8%B9%D9%84%DB%8C%E2%80%8C%D8%A7%DA%A9%D8%A8%D8%B1_%D8%B5%D9%86%D8%B9%D8%AA%DB%8C,,Death,Death,2062,-1339.1457627118643
پوپک گلدره,1385,1,27,https://fa.wikipedia.org/wiki/%D9%BE%D9%88%D9%BE%DA%A9_%DA%AF%D9%84%D8%AF%D8%B1%D9%87,,Death,Death,1683,-1718.1457627118643
موزه هنرهای معاصر فلسطین,1385,1,28,https://fa.wikipedia.org/wiki/%D9%85%D9%88%D8%B2%D9%87_%D9%87%D9%86%D8%B1%D9%87%D8%A7%DB%8C_%D9%85%D8%B9%D8%A7%D8%B5%D8%B1_%D9%81%D9%84%D8%B3%D8%B7%DB%8C%D9%86,,Event,Event,513,-2888.1457627118643
سید هادی میرمیران,1385,1,29,https://fa.wikipedia.org/wiki/%D8%B3%DB%8C%D8%AF_%D9%87%D8%A7%D8%AF%DB%8C_%D9%85%DB%8C%D8%B1%D9%85%DB%8C%D8%B1%D8%A7%D9%86,,Death,Death,2606,-795.1457627118643
یدالله بهزاد,1386,1,5,https://fa.wikipedia.org/wiki/%DB%8C%D8%AF%D8%A7%D9%84%D9%84%D9%87_%D8%A8%D9%87%D8%B2%D8%A7%D8%AF,,Death,Death,2168,-1233.1457627118643
حادثه ۲۳ فروردین ۱۳۸۶ هواگرد آموزشی,1386,1,23,https://fa.wikipedia.org/wiki/%D9%81%D9%87%D8%B1%D8%B3%D8%AA_%D8%B3%D8%A7%D9%86%D8%AD%D9%87%E2%80%8C%D9%87%D8%A7%DB%8C_%D9%87%D9%88%D8%A7%DB%8C%DB%8C_%D8%AF%D8%B1_%D8%A7%DB%8C%D8%B1%D8%A7%D9%86,,Event,Event,10626,7224.854237288136
رسانه‌های ایران به نقل از دادستان ماهشهر گزارش کردند که دست و پای یک زندانی که همدست یک سارق مسلح اعدام شده در این شهر بود، قطع شده‌ است,1386,1,26,https://fa.wikipedia.org/wiki/%D9%82%D8%B7%D8%B9_%D8%AF%D8%B3%D8%AA_%D8%AF%D8%B1_%D8%AC%D9%85%D9%87%D9%88%D8%B1%DB%8C_%D8%A7%D8%B3%D9%84%D8%A7%D9%85%DB%8C_%D8%A7%DB%8C%D8%B1%D8%A7%D9%86,,Event,Event,1955,-1446.1457627118643
داوود اسدی,1387,1,3,https://fa.wikipedia.org/wiki/%D8%AF%D8%A7%D9%88%D9%88%D8%AF_%D8%A7%D8%B3%D8%AF%DB%8C,,Death,Death,741,-2660.1457627118643
شاهرخ سخایی,1387,1,3,https://fa.wikipedia.org/wiki/%D8%B4%D8%A7%D9%87%D8%B1%D8%AE_%D8%B3%D8%AE%D8%A7%DB%8C%DB%8C,,Death,Death,438,-2963.1457627118643
رقابت ۷ فروردین ۱۳۸۷ تیم ملی فوتبال ایران با تیم ملی فوتبال کویت در مرحله مقدماتی جام جهانی فوتبال ۲۰۱۰ (آسیا),1387,1,7,https://fa.wikipedia.org/wiki/%D8%AF%DB%8C%D8%AF%D8%A7%D8%B1%D9%87%D8%A7%DB%8C_%D9%81%D9%88%D8%AA%D8%A8%D8%A7%D9%84_%D8%A7%DB%8C%D8%B1%D8%A7%D9%86_%D9%88_%DA%A9%D9%88%DB%8C%D8%AA,,Event,Event,3074,-327.14576271186434
حادثه ۹ فروردین ۱۳۸۷ هلیکوپتر نیروی انتظامی آذربایجان شرقی,1387,1,9,https://fa.wikipedia.org/wiki/%D9%81%D9%87%D8%B1%D8%B3%D8%AA_%D8%B3%D8%A7%D9%86%D8%AD%D9%87%E2%80%8C%D9%87%D8%A7%DB%8C_%D9%87%D9%88%D8%A7%DB%8C%DB%8C_%D8%AF%D8%B1_%D8%A7%DB%8C%D8%B1%D8%A7%D9%86,,Event,Event,10626,7224.854237288136
عباس کاتوزیان,1387,1,22,https://fa.wikipedia.org/wiki/%D8%B9%D8%A8%D8%A7%D8%B3_%DA%A9%D8%A7%D8%AA%D9%88%D8%B2%DB%8C%D8%A7%D9%86,,Death,Death,979,-2422.1457627118643
حادثه ۲۶ فروردین ۱۳۸۷ فروند سوخو-۲۴ نهاجا,1387,1,26,https://fa.wikipedia.org/wiki/%D9%81%D9%87%D8%B1%D8%B3%D8%AA_%D8%B3%D8%A7%D9%86%D8%AD%D9%87%E2%80%8C%D9%87%D8%A7%DB%8C_%D9%87%D9%88%D8%A7%DB%8C%DB%8C_%D8%AF%D8%B1_%D8%A7%DB%8C%D8%B1%D8%A7%D9%86,,Event,Event,10626,7224.854237288136
پروین دولت‌آبادی,1387,1,27,https://fa.wikipedia.org/wiki/%D9%BE%D8%B1%D9%88%DB%8C%D9%86_%D8%AF%D9%88%D9%84%D8%AA%E2%80%8C%D8%A2%D8%A8%D8%A7%D8%AF%DB%8C,,Death,Death,2894,-507.14576271186434
خدیجه ثقفی,1388,1,1,https://fa.wikipedia.org/wiki/%D8%AE%D8%AF%DB%8C%D8%AC%D9%87_%D8%AB%D9%82%D9%81%DB%8C,,Death,Death,1223,-2178.1457627118643
سیل ۱۳۸۸ قم,1388,1,5,https://fa.wikipedia.org/wiki/%D8%B3%DB%8C%D9%84_%DB%B1%DB%B3%DB%B8%DB%B8_%D9%82%D9%85,,Event,Event,660,-2741.1457627118643
رقابت ۸ فروردین ۱۳۸۸ تیم ملی فوتبال ایران با تیم ملی فوتبال عربستان در مرحله مقدماتی جام جهانی فوتبال ۲۰۱۰ (آسیا),1388,1,8,https://fa.wikipedia.org/wiki/%D8%AF%DB%8C%D8%AF%D8%A7%D8%B1%D9%87%D8%A7%DB%8C_%D9%81%D9%88%D8%AA%D8%A8%D8%A7%D9%84_%D8%A7%DB%8C%D8%B1%D8%A7%D9%86_%D9%88_%D8%B9%D8%B1%D8%A8%D8%B3%D8%AA%D8%A7%D9%86,,Event,Event,1931,-1470.1457627118643
رضا فاضلی,1388,1,24,https://fa.wikipedia.org/wiki/%D8%B1%D8%B6%D8%A7_%D9%81%D8%A7%D8%B6%D9%84%DB%8C,,Death,Death,1363,-2038.1457627118643
حادثه معدن باب نیزو,1388,1,30,https://fa.wikipedia.org/wiki/%D8%AD%D8%A7%D8%AF%D8%AB%D9%87_%D9%85%D8%B9%D8%AF%D9%86_%D8%A8%D8%A7%D8%A8_%D9%86%DB%8C%D8%B2%D9%88,,Event,Event,964,-2437.1457627118643
ماه‌سلطان ربانی,1389,1,6,https://fa.wikipedia.org/wiki/%D9%85%D8%A7%D9%87%E2%80%8C%D8%B3%D9%84%D8%B7%D8%A7%D9%86_%D8%B1%D8%A8%D8%A7%D9%86%DB%8C,,Death,Death,1563,-1838.1457627118643
برگزاری نخستین دوره جشن جهانی نوروز در تهران,1389,1,7,https://fa.wikipedia.org/wiki/%D8%AC%D8%B4%D9%86_%D8%AC%D9%87%D8%A7%D9%86%DB%8C_%D9%86%D9%88%D8%B1%D9%88%D8%B2,,Event,Event,1784,-1617.1457627118643
محمدعلی ابن‌الرضا خوانساری,1389,1,10,https://fa.wikipedia.org/wiki/%D9%85%D8%AD%D9%85%D8%AF%D8%B9%D9%84%DB%8C_%D8%A7%D8%A8%D9%86%E2%80%8C%D8%A7%D9%84%D8%B1%D8%B6%D8%A7_%D8%AE%D9%88%D8%A7%D9%86%D8%B3%D8%A7%D8%B1%DB%8C,,Death,Death,1046,-2355.1457627118643
محمدرضا جلالی نائینی,1389,1,11,https://fa.wikipedia.org/wiki/%D9%85%D8%AD%D9%85%D8%AF%D8%B1%D8%B6%D8%A7_%D8%AC%D9%84%D8%A7%D9%84%DB%8C_%D9%86%D8%A7%D8%A6%DB%8C%D9%86%DB%8C,,Death,Death,1285,-2116.1457627118643
محمود بنفشه‌خواه,1389,1,18,https://fa.wikipedia.org/wiki/%D9%85%D8%AD%D9%85%D9%88%D8%AF_%D8%A8%D9%86%D9%81%D8%B4%D9%87%E2%80%8C%D8%AE%D9%88%D8%A7%D9%87,,Death,Death,1298,-2103.1457627118643
کیومرث ملک‌مطیعی,1389,1,21,https://fa.wikipedia.org/wiki/%DA%A9%DB%8C%D9%88%D9%85%D8%B1%D8%AB_%D9%85%D9%84%DA%A9%E2%80%8C%D9%85%D8%B7%DB%8C%D8%B9%DB%8C,,Death,Death,2261,-1140.1457627118643
جهان,1389,1,22,https://fa.wikipedia.org/wiki/%D8%AC%D9%87%D8%A7%D9%86_(%D8%AE%D9%88%D8%A7%D9%86%D9%86%D8%AF%D9%87),,Death,Death,1684,-1717.1457627118643
انحلال سازمان مجاهدین انقلاب اسلامی ایران,1389,1,23,https://fa.wikipedia.org/wiki/%D8%B3%D8%A7%D8%B2%D9%85%D8%A7%D9%86_%D9%85%D8%AC%D8%A7%D9%87%D8%AF%DB%8C%D9%86_%D8%A7%D9%86%D9%82%D9%84%D8%A7%D8%A8_%D8%A7%D8%B3%D9%84%D8%A7%D9%85%DB%8C_%D8%A7%DB%8C%D8%B1%D8%A7%D9%86,,Event,Event,3863,461.85423728813566
شجاع‌الدین شفا,1389,1,27,https://fa.wikipedia.org/wiki/%D8%B4%D8%AC%D8%A7%D8%B9%E2%80%8C%D8%A7%D9%84%D8%AF%DB%8C%D9%86_%D8%B4%D9%81%D8%A7,,Death,Death,2254,-1147.1457627118643
حمیده خیرآبادی,1389,1,31,https://fa.wikipedia.org/wiki/%D8%AD%D9%85%DB%8C%D8%AF%D9%87_%D8%AE%DB%8C%D8%B1%D8%A2%D8%A8%D8%A7%D8%AF%DB%8C,,Death,Death,2126,-1275.1457627118643
محمد صادقی تهرانی,1390,1,1,https://fa.wikipedia.org/wiki/%D9%85%D8%AD%D9%85%D8%AF_%D8%B5%D8%A7%D8%AF%D9%82%DB%8C_%D8%AA%D9%87%D8%B1%D8%A7%D9%86%DB%8C,,Death,Death,5498,2096.8542372881357
مسعود استیلی,1390,1,7,https://fa.wikipedia.org/wiki/%D9%85%D8%B3%D8%B9%D9%88%D8%AF_%D8%A7%D8%B3%D8%AA%DB%8C%D9%84%DB%8C,,Death,Death,491,-2910.1457627118643
محمدعلی ورشوچی,1390,1,9,https://fa.wikipedia.org/wiki/%D9%85%D8%AD%D9%85%D8%AF%D8%B9%D9%84%DB%8C_%D9%88%D8%B1%D8%B4%D9%88%DA%86%DB%8C,,Death,Death,1775,-1626.1457627118643
شعبان بابااولادی,1390,1,22,https://fa.wikipedia.org/wiki/%D8%B4%D8%B9%D8%A8%D8%A7%D9%86_%D8%A8%D8%A7%D8%A8%D8%A7%D8%A7%D9%88%D9%84%D8%A7%D8%AF%DB%8C,,Death,Death,502,-2899.1457627118643
آغاز اعتراضات ۱۳۹۰ خوزستان,1390,1,26,https://fa.wikipedia.org/wiki/%D8%A7%D8%B9%D8%AA%D8%B1%D8%A7%D8%B6%D8%A7%D8%AA_%DB%B1%DB%B3%DB%B9%DB%B0_%D8%AE%D9%88%D8%B2%D8%B3%D8%AA%D8%A7%D9%86,,Event,Event,1587,-1814.1457627118643
حسین گنجینه,1390,1,31,https://fa.wikipedia.org/wiki/%D8%AD%D8%B3%DB%8C%D9%86_%DA%AF%D9%86%D8%AC%DB%8C%D9%86%D9%87,,Death,Death,994,-2407.1457627118643
غلامحسین سمندری,1391,1,3,https://fa.wikipedia.org/wiki/%D8%BA%D9%84%D8%A7%D9%85%D8%AD%D8%B3%DB%8C%D9%86_%D8%B3%D9%85%D9%86%D8%AF%D8%B1%DB%8C,,Death,Death,1734,-1667.1457627118643
پروین‌دخت یزدانیان,1391,1,5,https://fa.wikipedia.org/wiki/%D9%BE%D8%B1%D9%88%DB%8C%D9%86%E2%80%8C%D8%AF%D8%AE%D8%AA_%DB%8C%D8%B2%D8%AF%D8%A7%D9%86%DB%8C%D8%A7%D9%86,,Death,Death,665,-2736.1457627118643
فاطمه طاهری,1391,1,17,https://fa.wikipedia.org/wiki/%D9%81%D8%A7%D8%B7%D9%85%D9%87_%D8%B7%D8%A7%D9%87%D8%B1%DB%8C,,Death,Death,1560,-1841.1457627118643
ایرج بقایی کرمانی,1391,1,19,https://fa.wikipedia.org/wiki/%D8%A7%DB%8C%D8%B1%D8%AC_%D8%A8%D9%82%D8%A7%DB%8C%DB%8C_%DA%A9%D8%B1%D9%85%D8%A7%D9%86%DB%8C,,Death,Death,807,-2594.1457627118643
رسوایی جنسی دیپلمات جمهوری اسلامی در برزیل,1391,1,26,https://fa.wikipedia.org/wiki/%D8%B1%D8%B3%D9%88%D8%A7%DB%8C%DB%8C_%D8%AC%D9%86%D8%B3%DB%8C_%D8%AF%DB%8C%D9%BE%D9%84%D9%85%D8%A7%D8%AA_%D8%AC%D9%85%D9%87%D9%88%D8%B1%DB%8C_%D8%A7%D8%B3%D9%84%D8%A7%D9%85%DB%8C_%D8%AF%D8%B1_%D8%A8%D8%B1%D8%B2%DB%8C%D9%84,,Event,Event,1513,-1888.1457627118643
ایلوش خوشابه,1391,1,29,https://fa.wikipedia.org/wiki/%D8%A7%DB%8C%D9%84%D9%88%D8%B4_%D8%AE%D9%88%D8%B4%D8%A7%D8%A8%D9%87,,Death,Death,1118,-2283.1457627118643
هوشنگ کاووسی,1392,1,2,https://fa.wikipedia.org/wiki/%D9%87%D9%88%D8%B4%D9%86%DA%AF_%DA%A9%D8%A7%D9%88%D9%88%D8%B3%DB%8C,,Death,Death,4877,1475.8542372881357
غلامرضا اسلامی بیدگلی,1392,1,9,https://fa.wikipedia.org/wiki/%D8%BA%D9%84%D8%A7%D9%85%D8%B1%D8%B6%D8%A7_%D8%A7%D8%B3%D9%84%D8%A7%D9%85%DB%8C_%D8%A8%DB%8C%D8%AF%DA%AF%D9%84%DB%8C,,Death,Death,1787,-1614.1457627118643
احمد صدر حاج‌سیدجوادی,1392,1,11,https://fa.wikipedia.org/wiki/%D8%A7%D8%AD%D9%85%D8%AF_%D8%B5%D8%AF%D8%B1_%D8%AD%D8%A7%D8%AC%E2%80%8C%D8%B3%DB%8C%D8%AF%D8%AC%D9%88%D8%A7%D8%AF%DB%8C,,Death,Death,6602,3200.8542372881357
محمود عبادیان,1392,1,12,https://fa.wikipedia.org/wiki/%D9%85%D8%AD%D9%85%D9%88%D8%AF_%D8%B9%D8%A8%D8%A7%D8%AF%DB%8C%D8%A7%D9%86,,Death,Death,2231,-1170.1457627118643
عسل بدیعی,1392,1,12,https://fa.wikipedia.org/wiki/%D8%B9%D8%B3%D9%84_%D8%A8%D8%AF%DB%8C%D8%B9%DB%8C,,Death,Death,1853,-1548.1457627118643
سید جلال یحیی‌زاده فیروزآبادی,1392,1,20,https://fa.wikipedia.org/wiki/%D8%B3%DB%8C%D8%AF_%D8%AC%D9%84%D8%A7%D9%84_%DB%8C%D8%AD%DB%8C%DB%8C%E2%80%8C%D8%B2%D8%A7%D8%AF%D9%87_%D9%81%DB%8C%D8%B1%D9%88%D8%B2%D8%A2%D8%A8%D8%A7%D8%AF%DB%8C,,Death,Death,572,-2829.1457627118643
زمین‌لرزه ۱۳۹۲ دشتی,1392,1,20,https://fa.wikipedia.org/wiki/%D8%B2%D9%85%DB%8C%D9%86%E2%80%8C%D9%84%D8%B1%D8%B2%D9%87_%DB%B1%DB%B3%DB%B9%DB%B2_%D8%AF%D8%B4%D8%AA%DB%8C,,Event,Event,1868,-1533.1457627118643
داریوش صفوت,1392,1,27,https://fa.wikipedia.org/wiki/%D8%AF%D8%A7%D8%B1%DB%8C%D9%88%D8%B4_%D8%B5%D9%81%D9%88%D8%AA,,Death,Death,2664,-737.1457627118643
زمین‌لرزه ۱۳۹۲ سراوان,1392,1,27,https://fa.wikipedia.org/wiki/%D8%B2%D9%85%DB%8C%D9%86%E2%80%8C%D9%84%D8%B1%D8%B2%D9%87_%DB%B1%DB%B3%DB%B9%DB%B2_%D8%B3%D8%B1%D8%A7%D9%88%D8%A7%D9%86,,Event,Event,1785,-1616.1457627118643
غلامرضا رضوانی,1392,1,30,https://fa.wikipedia.org/wiki/%D8%BA%D9%84%D8%A7%D9%85%D8%B1%D8%B6%D8%A7_%D8%B1%D8%B6%D9%88%D8%A7%D9%86%DB%8C,,Death,Death,1004,-2397.1457627118643
جمشید دانایی‌فر,1393,1,3,https://fa.wikipedia.org/wiki/%D8%AC%D9%85%D8%B4%DB%8C%D8%AF_%D8%AF%D8%A7%D9%86%D8%A7%DB%8C%DB%8C%E2%80%8C%D9%81%D8%B1,,Death,Death,1405,-1996.1457627118643
پرویز راجی,1393,1,3,https://fa.wikipedia.org/wiki/%D9%BE%D8%B1%D9%88%DB%8C%D8%B2_%D8%B1%D8%A7%D8%AC%DB%8C,,Death,Death,765,-2636.1457627118643
علی خلیلی,1393,1,4,https://fa.wikipedia.org/wiki/%D9%85%D8%B1%DA%AF_%D8%B9%D9%84%DB%8C_%D8%AE%D9%84%DB%8C%D9%84%DB%8C,,Death,Death,2685,-716.1457627118643
محمدابراهیم باستانی پاریزی,1393,1,5,https://fa.wikipedia.org/wiki/%D9%85%D8%AD%D9%85%D8%AF%D8%A7%D8%A8%D8%B1%D8%A7%D9%87%DB%8C%D9%85_%D8%A8%D8%A7%D8%B3%D8%AA%D8%A7%D9%86%DB%8C_%D9%BE%D8%A7%D8%B1%DB%8C%D8%B2%DB%8C,,Death,Death,7947,4545.854237288136
سومین انتخابات ریاست جمهوری افغانستان,1393,1,16,https://fa.wikipedia.org/wiki/%D8%A7%D9%86%D8%AA%D8%AE%D8%A7%D8%A8%D8%A7%D8%AA_%D8%B1%DB%8C%D8%A7%D8%B3%D8%AA%E2%80%8C%D8%AC%D9%85%D9%87%D9%88%D8%B1%DB%8C_%D8%A7%D9%81%D8%BA%D8%A7%D9%86%D8%B3%D8%AA%D8%A7%D9%86_(%DB%B1%DB%B3%DB%B9%DB%B3),,Event,Event,7092,3690.8542372881357
ناصر گیتی‌جاه,1393,1,20,https://fa.wikipedia.org/wiki/%D9%86%D8%A7%D8%B5%D8%B1_%DA%AF%DB%8C%D8%AA%DB%8C%E2%80%8C%D8%AC%D8%A7%D9%87,,Death,Death,1351,-2050.1457627118643
خسرو جهانبانی,1393,1,28,https://fa.wikipedia.org/wiki/%D8%AE%D8%B3%D8%B1%D9%88_%D8%AC%D9%87%D8%A7%D9%86%D8%A8%D8%A7%D9%86%DB%8C,,Death,Death,1394,-2007.1457627118643
پنج‌شنبه سیاه اوین,1393,1,28,https://fa.wikipedia.org/wiki/%D9%BE%D9%86%D8%AC%E2%80%8C%D8%B4%D9%86%D8%A8%D9%87_%D8%B3%DB%8C%D8%A7%D9%87_%D8%A7%D9%88%DB%8C%D9%86,,Event,Event,3052,-349.14576271186434
یونس عساکره,1394,1,2,https://fa.wikipedia.org/wiki/%DB%8C%D9%88%D9%86%D8%B3_%D8%B9%D8%B3%D8%A7%DA%A9%D8%B1%D9%87,,Death,Death,1218,-2183.1457627118643
نیما پتگر,1394,1,5,https://fa.wikipedia.org/wiki/%D9%86%DB%8C%D9%85%D8%A7_%D9%BE%D8%AA%DA%AF%D8%B1,,Death,Death,1002,-2399.1457627118643
سکینه ضیایی,1394,1,13,https://fa.wikipedia.org/wiki/%D8%B3%DA%A9%DB%8C%D9%86%D9%87_%D8%B6%DB%8C%D8%A7%DB%8C%DB%8C,,Death,Death,892,-2509.1457627118643
علی‌اکبر آقایی مغانجویی,1394,1,20,https://fa.wikipedia.org/wiki/%D8%B9%D9%84%DB%8C%E2%80%8C%D8%A7%DA%A9%D8%A8%D8%B1_%D8%A2%D9%82%D8%A7%DB%8C%DB%8C_%D9%85%D8%BA%D8%A7%D9%86%D8%AC%D9%88%DB%8C%DB%8C,,Death,Death,629,-2772.1457627118643
اصغر ایمانیان,1394,1,28,https://fa.wikipedia.org/wiki/%D8%A7%D8%B5%D8%BA%D8%B1_%D8%A7%DB%8C%D9%85%D8%A7%D9%86%DB%8C%D8%A7%D9%86,,Death,Death,2157,-1244.1457627118643
سیمین صفامهر,1395,1,3,https://fa.wikipedia.org/wiki/%D8%B3%DB%8C%D9%85%DB%8C%D9%86_%D8%B5%D9%81%D8%A7%D9%85%D9%87%D8%B1,,Death,Death,706,-2695.1457627118643
رقابت ۵ فروردین ۱۳۹۵ تیم ملی فوتبال ایران با تیم ملی فوتبال هند در مرحله مقدماتی جام جهانی فوتبال ۲۰۱۸ (آسیا) و جام ملت‌های آسیا ۲۰۱۹,1395,1,5,https://fa.wikipedia.org/wiki/%D8%AF%DB%8C%D8%AF%D8%A7%D8%B1%D9%87%D8%A7%DB%8C_%D9%81%D9%88%D8%AA%D8%A8%D8%A7%D9%84_%D8%A7%DB%8C%D8%B1%D8%A7%D9%86_%D9%88_%D9%87%D9%86%D8%AF,,Event,Event,1570,-1831.1457627118643
حادثه ۶ فروردین ۱۳۹۵ فروند بالگرد اورژانس,1395,1,6,https://fa.wikipedia.org/wiki/%D9%81%D9%87%D8%B1%D8%B3%D8%AA_%D8%B3%D8%A7%D9%86%D8%AD%D9%87%E2%80%8C%D9%87%D8%A7%DB%8C_%D9%87%D9%88%D8%A7%DB%8C%DB%8C_%D8%AF%D8%B1_%D8%A7%DB%8C%D8%B1%D8%A7%D9%86,,Event,Event,10626,7224.854237288136
رقابت ۱۰ فروردین ۱۳۹۵ تیم ملی فوتبال ایران با تیم ملی فوتبال عمان در مرحله مقدماتی جام جهانی فوتبال ۲۰۱۸ (آسیا) و جام ملت‌های آسیا ۲۰۱۹,1395,1,10,https://fa.wikipedia.org/wiki/%D8%AF%DB%8C%D8%AF%D8%A7%D8%B1%D9%87%D8%A7%DB%8C_%D9%81%D9%88%D8%AA%D8%A8%D8%A7%D9%84_%D8%A7%DB%8C%D8%B1%D8%A7%D9%86_%D9%88_%D8%B9%D9%85%D8%A7%D9%86,,Event,Event,1546,-1855.1457627118643
ثریا حکمت,1395,1,20,https://fa.wikipedia.org/wiki/%D8%AB%D8%B1%DB%8C%D8%A7_%D8%AD%DA%A9%D9%85%D8%AA,,Death,Death,967,-2434.1457627118643
مهرداد اولادی,1395,1,31,https://fa.wikipedia.org/wiki/%D9%85%D9%87%D8%B1%D8%AF%D8%A7%D8%AF_%D8%A7%D9%88%D9%84%D8%A7%D8%AF%DB%8C,,Death,Death,1599,-1802.1457627118643
رقابت ۳ فروردین ۱۳۹۶ تیم ملی فوتبال ایران با تیم ملی فوتبال قطر در مرحله مقدماتی جام جهانی فوتبال ۲۰۱۸ (آسیا),1396,1,3,https://fa.wikipedia.org/wiki/%D8%AF%DB%8C%D8%AF%D8%A7%D8%B1%D9%87%D8%A7%DB%8C_%D9%81%D9%88%D8%AA%D8%A8%D8%A7%D9%84_%D8%A7%DB%8C%D8%B1%D8%A7%D9%86_%D9%88_%D9%82%D8%B7%D8%B1,,Event,Event,2290,-1111.1457627118643
رقابت ۸ فروردین ۱۳۹۶ تیم ملی فوتبال ایران با تیم ملی فوتبال چین در مرحله مقدماتی جام جهانی فوتبال ۲۰۱۸ (آسیا),1396,1,8,https://fa.wikipedia.org/wiki/%D8%AF%DB%8C%D8%AF%D8%A7%D8%B1%D9%87%D8%A7%DB%8C_%D9%81%D9%88%D8%AA%D8%A8%D8%A7%D9%84_%D8%A7%DB%8C%D8%B1%D8%A7%D9%86_%D9%88_%DA%86%DB%8C%D9%86,,Event,Event,2137,-1264.1457627118643
حسین توفیق,1396,1,9,https://fa.wikipedia.org/wiki/%D8%AD%D8%B3%DB%8C%D9%86_%D8%AA%D9%88%D9%81%DB%8C%D9%82,,Death,Death,521,-2880.1457627118643
محمد جنتی,1396,1,16,https://fa.wikipedia.org/wiki/%D9%85%D8%AD%D9%85%D8%AF_%D8%AC%D9%86%D8%AA%DB%8C,,Death,Death,581,-2820.1457627118643
زمین‌لرزه ۱۳۹۶ فریمان,1396,1,16,https://fa.wikipedia.org/wiki/%D8%B2%D9%85%DB%8C%D9%86%E2%80%8C%D9%84%D8%B1%D8%B2%D9%87_%DB%B1%DB%B3%DB%B9%DB%B6_%D9%81%D8%B1%DB%8C%D9%85%D8%A7%D9%86,,Event,Event,760,-2641.1457627118643
سیل ۱۳۹۶ شمال غرب ایران,1396,1,25,https://fa.wikipedia.org/wiki/%D8%B3%DB%8C%D9%84_%DB%B1%DB%B3%DB%B9%DB%B6_%D8%B4%D9%85%D8%A7%D9%84_%D8%BA%D8%B1%D8%A8_%D8%A7%DB%8C%D8%B1%D8%A7%D9%86,,Event,Event,2047,-1354.1457627118643
اجرای حکم قطع دست یک متهم به سرقت و قتل در زندان عادل‌آباد شیراز,1396,1,29,https://fa.wikipedia.org/wiki/%D9%82%D8%B7%D8%B9_%D8%AF%D8%B3%D8%AA_%D8%AF%D8%B1_%D8%AC%D9%85%D9%87%D9%88%D8%B1%DB%8C_%D8%A7%D8%B3%D9%84%D8%A7%D9%85%DB%8C_%D8%A7%DB%8C%D8%B1%D8%A7%D9%86,,Event,Event,1955,-1446.1457627118643
طوفان ۱۳۹۷ گلستان,1397,1,1,https://fa.wikipedia.org/wiki/%D8%B7%D9%88%D9%81%D8%A7%D9%86_%DB%B1%DB%B3%DB%B9%DB%B7_%DA%AF%D9%84%D8%B3%D8%AA%D8%A7%D9%86,,Event,Event,575,-2826.1457627118643
داریوش شایگان,1397,1,2,https://fa.wikipedia.org/wiki/%D8%AF%D8%A7%D8%B1%DB%8C%D9%88%D8%B4_%D8%B4%D8%A7%DB%8C%DA%AF%D8%A7%D9%86,,Death,Death,4612,1210.8542372881357
عطامحمد نور,1397,1,2,https://fa.wikipedia.org/wiki/%D8%B9%D8%B7%D8%A7_%D9%85%D8%AD%D9%85%D8%AF_%D9%86%D9%88%D8%B1,,Event,Event,2518,-883.1457627118643
طوفان ۱۳۹۷ اردبیل و ارومیه,1397,1,5,https://fa.wikipedia.org/wiki/%D8%B7%D9%88%D9%81%D8%A7%D9%86_%DB%B1%DB%B3%DB%B9%DB%B7_%D8%A7%D8%B1%D8%AF%D8%A8%DB%8C%D9%84_%D9%88_%D8%A7%D8%B1%D9%88%D9%85%DB%8C%D9%87,,Event,Event,634,-2767.1457627118643
حادثه کافه نوارس اهواز,1397,1,14,https://fa.wikipedia.org/wiki/%D8%AD%D8%A7%D8%AF%D8%AB%D9%87_%DA%A9%D8%A7%D9%81%D9%87_%D9%86%D9%88%D8%A7%D8%B1%D8%B3_%D8%A7%D9%87%D9%88%D8%A7%D8%B2,,Event,Event,1067,-2334.1457627118643
بهرام زند,1397,1,18,https://fa.wikipedia.org/wiki/%D8%A8%D9%87%D8%B1%D8%A7%D9%85_%D8%B2%D9%86%D8%AF,,Death,Death,3241,-160.14576271186434
محمدابراهیم جعفری,1397,1,18,https://fa.wikipedia.org/wiki/%D9%85%D8%AD%D9%85%D8%AF%D8%A7%D8%A8%D8%B1%D8%A7%D9%87%DB%8C%D9%85_%D8%AC%D8%B9%D9%81%D8%B1%DB%8C,,Death,Death,1403,-1998.1457627118643
بزرگ لشگری,1397,1,21,https://fa.wikipedia.org/wiki/%D8%A8%D8%B2%D8%B1%DA%AF_%D9%84%D8%B4%DA%AF%D8%B1%DB%8C,,Death,Death,1065,-2336.1457627118643
غلامحسین صدری‌افشار,1397,1,28,https://fa.wikipedia.org/wiki/%D8%BA%D9%84%D8%A7%D9%85%D8%AD%D8%B3%DB%8C%D9%86_%D8%B5%D8%AF%D8%B1%DB%8C%E2%80%8C%D8%A7%D9%81%D8%B4%D8%A7%D8%B1,,Death,Death,1722,-1679.1457627118643
حادثه ۲۸ فروردین ۱۳۹۷ فروند بالگرد,1397,1,28,https://fa.wikipedia.org/wiki/%D9%81%D9%87%D8%B1%D8%B3%D8%AA_%D8%B3%D8%A7%D9%86%D8%AD%D9%87%E2%80%8C%D9%87%D8%A7%DB%8C_%D9%87%D9%88%D8%A7%DB%8C%DB%8C_%D8%AF%D8%B1_%D8%A7%DB%8C%D8%B1%D8%A7%D9%86,,Event,Event,10626,7224.854237288136
بهمن ورمزیار,1397,1,29,https://fa.wikipedia.org/wiki/%D8%A7%D8%B9%D8%AF%D8%A7%D9%85_%D8%A8%D9%87%D9%85%D9%86_%D9%88%D8%B1%D9%85%D8%B2%DB%8C%D8%A7%D8%B1,,Death,Death,906,-2495.1457627118643
سهیل پرسته,1398,1,3,https://fa.wikipedia.org/wiki/%D8%B3%D9%87%DB%8C%D9%84_%D9%BE%D8%B1%D8%B3%D8%AA%D9%87,,Death,Death,1204,-2197.1457627118643
سیل ۵ فروردین ۱۳۹۸ شیراز,1398,1,5,https://fa.wikipedia.org/wiki/%D8%B3%DB%8C%D9%84_%DB%B1%DB%B3%DB%B9%DB%B8_%D8%B4%DB%8C%D8%B1%D8%A7%D8%B2,,Event,Event,2843,-558.1457627118643
آغاز موج نخست سیل ۱۳۹۸ جنوب و غرب ایران,1398,1,5,https://fa.wikipedia.org/wiki/%D8%B3%DB%8C%D9%84_%DB%B1%DB%B3%DB%B9%DB%B8_%D8%AC%D9%86%D9%88%D8%A8_%D9%88_%D8%BA%D8%B1%D8%A8_%D8%A7%DB%8C%D8%B1%D8%A7%D9%86,,Event,Event,4253,851.8542372881357
آغاز موج نخست سیل ۱۳۹۸ لرستان,1398,1,5,https://fa.wikipedia.org/wiki/%D8%B3%DB%8C%D9%84_%DB%B1%DB%B3%DB%B9%DB%B8_%D9%84%D8%B1%D8%B3%D8%AA%D8%A7%D9%86,,Event,Event,3151,-250.14576271186434
عبدالله حاجیانی,1398,1,6,https://fa.wikipedia.org/wiki/%D8%B9%D8%A8%D8%AF%D8%A7%D9%84%D9%84%D9%87_%D8%AD%D8%A7%D8%AC%DB%8C%D8%A7%D9%86%DB%8C,,Death,Death,518,-2883.1457627118643
سیل ۶ فروردین ۱۳۹۸ شیراز,1398,1,6,https://fa.wikipedia.org/wiki/%D8%B3%DB%8C%D9%84_%DB%B1%DB%B3%DB%B9%DB%B8_%D8%B4%DB%8C%D8%B1%D8%A7%D8%B2,,Event,Event,2843,-558.1457627118643
منصور یاوری,1398,1,11,https://fa.wikipedia.org/wiki/%D9%85%D9%86%D8%B5%D9%88%D8%B1_%DB%8C%D8%A7%D9%88%D8%B1%DB%8C,,Death,Death,493,-2908.1457627118643
موج دوم سیل ۱۳۹۸ جنوب و غرب ایران,1398,1,11,https://fa.wikipedia.org/wiki/%D8%B3%DB%8C%D9%84_%DB%B1%DB%B3%DB%B9%DB%B8_%D8%AC%D9%86%D9%88%D8%A8_%D9%88_%D8%BA%D8%B1%D8%A8_%D8%A7%DB%8C%D8%B1%D8%A7%D9%86,,Event,Event,4253,851.8542372881357
آغاز موج دوم سیل ۱۳۹۸ لرستان,1398,1,11,https://fa.wikipedia.org/wiki/%D8%B3%DB%8C%D9%84_%DB%B1%DB%B3%DB%B9%DB%B8_%D9%84%D8%B1%D8%B3%D8%AA%D8%A7%D9%86,,Event,Event,3151,-250.14576271186434
جمشید مشایخی,1398,1,13,https://fa.wikipedia.org/wiki/%D8%AC%D9%85%D8%B4%DB%8C%D8%AF_%D9%85%D8%B4%D8%A7%DB%8C%D8%AE%DB%8C,,Death,Death,3210,-191.14576271186434
احمد اقتداری,1398,1,27,https://fa.wikipedia.org/wiki/%D8%A7%D8%AD%D9%85%D8%AF_%D8%A7%D9%82%D8%AA%D8%AF%D8%A7%D8%B1%DB%8C,,Death,Death,12611,9209.854237288135
منیر شاهرودی فرمانفرمائیان,1398,1,31,https://fa.wikipedia.org/wiki/%D9%85%D9%86%DB%8C%D8%B1_%D8%B4%D8%A7%D9%87%D8%B1%D9%88%D8%AF%DB%8C_%D9%81%D8%B1%D9%85%D8%A7%D9%86%D9%81%D8%B1%D9%85%D8%A7%D8%A6%DB%8C%D8%A7%D9%86,,Death,Death,2343,-1058.1457627118643
ارسلان فلاح حجت انصاری,1399,1,1,https://fa.wikipedia.org/wiki/%D8%A7%D8%B1%D8%B3%D9%84%D8%A7%D9%86_%D9%81%D9%84%D8%A7%D8%AD_%D8%AD%D8%AC%D8%AA_%D8%A7%D9%86%D8%B5%D8%A7%D8%B1%DB%8C,,Death,Death,601,-2800.1457627118643
ژیلا تقی‌زاده,1399,1,2,https://fa.wikipedia.org/wiki/%DA%98%DB%8C%D9%84%D8%A7_%D8%AA%D9%82%DB%8C%E2%80%8C%D8%B2%D8%A7%D8%AF%D9%87,,Death,Death,1223,-2178.1457627118643
حسن اکبرزاده,1399,1,3,https://fa.wikipedia.org/wiki/%D8%AD%D8%B3%D9%86_%D8%A7%DA%A9%D8%A8%D8%B1%D8%B2%D8%A7%D8%AF%D9%87,,Death,Death,1260,-2141.1457627118643
عباسقلی دانشور,1399,1,4,https://fa.wikipedia.org/wiki/%D8%B9%D8%A8%D8%A7%D8%B3%D9%82%D9%84%DB%8C_%D8%AF%D8%A7%D9%86%D8%B4%D9%88%D8%B1,,Death,Death,2733,-668.1457627118643
فرزانه تأییدی,1399,1,5,https://fa.wikipedia.org/wiki/%D9%81%D8%B1%D8%B2%D8%A7%D9%86%D9%87_%D8%AA%D8%A3%DB%8C%DB%8C%D8%AF%DB%8C,,Death,Death,2116,-1285.1457627118643
ادمان آیوازیان,1399,1,6,https://fa.wikipedia.org/wiki/%D8%A7%D8%AF%D9%85%D8%A7%D9%86_%D8%A2%DB%8C%D9%88%D8%A7%D8%B2%DB%8C%D8%A7%D9%86,,Death,Death,2654,-747.1457627118643
دانیل گورگیزنژاد,1399,1,7,https://fa.wikipedia.org/wiki/%D8%AF%D8%A7%D9%86%DB%8C%D9%84_%DA%AF%D9%88%D8%B1%DA%AF%DB%8C%D8%B2%D9%86%DA%98%D8%A7%D8%AF,,Death,Death,465,-2936.1457627118643
کیومرث درم بخش,1399,1,11,https://fa.wikipedia.org/wiki/%DA%A9%DB%8C%D9%88%D9%85%D8%B1%D8%AB_%D8%AF%D8%B1%D9%85_%D8%A8%D8%AE%D8%B4,,Death,Death,939,-2462.1457627118643
آغاز اعتصاب غذای گسترده زندانیان سیاسی,1400,1,1,https://fa.wikipedia.org/wiki/%D8%A7%D8%B9%D8%AA%D8%B5%D8%A7%D8%A8_%D8%BA%D8%B0%D8%A7%DB%8C_%DA%AF%D8%B3%D8%AA%D8%B1%D8%AF%D9%87_%D8%B2%D9%86%D8%AF%D8%A7%D9%86%DB%8C%D8%A7%D9%86_%D8%B3%DB%8C%D8%A7%D8%B3%DB%8C,,Event,Event,2858,-543.1457627118643
حاجی فیروز,1400,1,2,https://fa.wikipedia.org/wiki/%D8%AD%D8%A7%D8%AC%DB%8C_%D9%81%DB%8C%D8%B1%D9%88%D8%B2,,Event,Event,1893,-1508.1457627118643
آزاده نامداری,1400,1,6,https://fa.wikipedia.org/wiki/%D8%A2%D8%B2%D8%A7%D8%AF%D9%87_%D9%86%D8%A7%D9%85%D8%AF%D8%A7%D8%B1%DB%8C,,Death,Death,3495,93.85423728813566
محمدباقر باقری‌نژادیان‌فرد,1400,1,6,https://fa.wikipedia.org/wiki/%D9%85%D8%AD%D9%85%D8%AF%D8%A8%D8%A7%D9%82%D8%B1_%D8%A8%D8%A7%D9%82%D8%B1%DB%8C%E2%80%8C%D9%86%DA%98%D8%A7%D8%AF%DB%8C%D8%A7%D9%86%E2%80%8C%D9%81%D8%B1%D8%AF,,Death,Death,1306,-2095.1457627118643
محمد ابوالحسنی,1400,1,7,https://fa.wikipedia.org/wiki/%D9%85%D8%AD%D9%85%D8%AF_%D8%A7%D8%A8%D9%88%D8%A7%D9%84%D8%AD%D8%B3%D9%86%DB%8C,,Death,Death,880,-2521.1457627118643
امضا شدن توافقنامه برنامه ۲۵ ساله همکاری‌های مشترک ایران و چین توسط محمدجواد ظریف از نظام جمهوری اسلامی ایران و وانگ یی از چین,1400,1,7,https://fa.wikipedia.org/wiki/%D8%A8%D8%B1%D9%86%D8%A7%D9%85%D9%87_%DB%B2%DB%B5_%D8%B3%D8%A7%D9%84%D9%87_%D9%87%D9%85%DA%A9%D8%A7%D8%B1%DB%8C%E2%80%8C%D9%87%D8%A7%DB%8C_%D9%85%D8%B4%D8%AA%D8%B1%DA%A9_%D8%A7%DB%8C%D8%B1%D8%A7%D9%86_%D9%88_%DA%86%DB%8C%D9%86,,Event,Event,12255,8853.854237288135
محمد کرمی‌راد,1400,1,19,https://fa.wikipedia.org/wiki/%D9%85%D8%AD%D9%85%D8%AF_%DA%A9%D8%B1%D9%85%DB%8C%E2%80%8C%D8%B1%D8%A7%D8%AF,,Death,Death,1094,-2307.1457627118643
حادثه ۱۴۰۰ نطنز,1400,1,21,https://fa.wikipedia.org/wiki/%D8%AD%D8%A7%D8%AF%D8%AB%D9%87_%DB%B1%DB%B4%DB%B0%DB%B0_%D9%86%D8%B7%D9%86%D8%B2,,Event,Event,2466,-935.1457627118643
کشته شدن دو شهروند ایرانی توسط مرزبانی ترکیه,1400,1,26,https://fa.wikipedia.org/wiki/%DA%A9%D8%B4%D8%AA%D9%87_%D8%B4%D8%AF%D9%86_%D8%AF%D9%88_%D8%B4%D9%87%D8%B1%D9%88%D9%86%D8%AF_%D8%A7%DB%8C%D8%B1%D8%A7%D9%86%DB%8C_%D8%AA%D9%88%D8%B3%D8%B7_%D9%85%D8%B1%D8%B2%D8%A8%D8%A7%D9%86%DB%8C_%D8%AA%D8%B1%DA%A9%DB%8C%D9%87,,Event,Event,1043,-2358.1457627118643
سید محمد حجازی,1400,1,29,https://fa.wikipedia.org/wiki/%D8%B3%DB%8C%D8%AF_%D9%85%D8%AD%D9%85%D8%AF_%D8%AD%D8%AC%D8%A7%D8%B2%DB%8C,,Death,Death,1772,-1629.1457627118643
زمین‌لرزه ۱۴۰۰ بندر گناوه,1400,1,29,https://fa.wikipedia.org/wiki/%D8%B2%D9%85%DB%8C%D9%86%E2%80%8C%D9%84%D8%B1%D8%B2%D9%87_%DB%B1%DB%B4%DB%B0%DB%B0_%D8%A8%D9%86%D8%AF%D8%B1_%DA%AF%D9%86%D8%A7%D9%88%D9%87,,Event,Event,1522,-1879.1457627118643
محمد محمدی ری‌شهری,1401,1,1,https://fa.wikipedia.org/wiki/%D9%85%D8%AD%D9%85%D8%AF_%D9%85%D8%AD%D9%85%D8%AF%DB%8C_%D8%B1%DB%8C%E2%80%8C%D8%B4%D9%87%D8%B1%DB%8C,,Death,Death,3947,545.8542372881357
مهرنوش شریعتی,1401,1,1,https://fa.wikipedia.org/wiki/%D9%85%D9%87%D8%B1%D9%86%D9%88%D8%B4_%D8%B4%D8%B1%DB%8C%D8%B9%D8%AA%DB%8C,,Death,Death,914,-2487.1457627118643
سید محمد فقیه,1401,1,2,https://fa.wikipedia.org/wiki/%D8%B3%DB%8C%D8%AF_%D9%85%D8%AD%D9%85%D8%AF_%D9%81%D9%82%DB%8C%D9%87,,Death,Death,403,-2998.1457627118643
علی برجسته,1401,1,3,https://fa.wikipedia.org/wiki/%D8%B9%D9%84%DB%8C_%D8%A8%D8%B1%D8%AC%D8%B3%D8%AA%D9%87,,Death,Death,521,-2880.1457627118643
رقابت ۴ فروردین ۱۴۰۱ تیم ملی فوتبال ایران با تیم ملی فوتبال کره جنوبی در مرحله مقدماتی جام جهانی فوتبال ۲۰۲۲ (آسیا),1401,1,4,https://fa.wikipedia.org/wiki/%D8%AF%DB%8C%D8%AF%D8%A7%D8%B1%D9%87%D8%A7%DB%8C_%D9%81%D9%88%D8%AA%D8%A8%D8%A7%D9%84_%D8%A7%DB%8C%D8%B1%D8%A7%D9%86_%D9%88_%DA%A9%D8%B1%D9%87_%D8%AC%D9%86%D9%88%D8%A8%DB%8C,,Event,Event,2953,-448.14576271186434
رضا براهنی,1401,1,5,https://fa.wikipedia.org/wiki/%D8%B1%D8%B6%D8%A7_%D8%A8%D8%B1%D8%A7%D9%87%D9%86%DB%8C,,Death,Death,5837,2435.8542372881357
رضا تهرانچی,1401,1,6,https://fa.wikipedia.org/wiki/%D8%B1%D8%B6%D8%A7_%D8%AA%D9%87%D8%B1%D8%A7%D9%86%DA%86%DB%8C,,Death,Death,810,-2591.1457627118643
رقابت ۹ فروردین ۱۴۰۱ تیم ملی فوتبال ایران با تیم ملی فوتبال لبنان در مرحله مقدماتی جام جهانی فوتبال ۲۰۲۲ (آسیا),1401,1,9,https://fa.wikipedia.org/wiki/%D8%AF%DB%8C%D8%AF%D8%A7%D8%B1%D9%87%D8%A7%DB%8C_%D9%81%D9%88%D8%AA%D8%A8%D8%A7%D9%84_%D8%A7%DB%8C%D8%B1%D8%A7%D9%86_%D9%88_%D9%84%D8%A8%D9%86%D8%A7%D9%86,,Event,Event,1504,-1897.1457627118643
شعبه دوم بازپرسی شهرستان رامهرمز با انتشار یک پرونده عادل کلاه‌کج را به همراه چند نفر به اختلال‌گری در اقتصاد ایران متهم کرد,1401,1,15,https://fa.wikipedia.org/wiki/%D8%B9%D8%A7%D8%AF%D9%84_%DA%A9%D9%84%D8%A7%D9%87%E2%80%8C%DA%A9%D8%AC,,Event,Event,834,-2567.1457627118643
آغاز اعتراضات ۱۴۰۱ کشاورزان ایران,1401,1,15,https://fa.wikipedia.org/wiki/%D8%A7%D8%B9%D8%AA%D8%B1%D8%A7%D8%B6%D8%A7%D8%AA_%DB%B1%DB%B4%DB%B0%DB%B1_%DA%A9%D8%B4%D8%A7%D9%88%D8%B1%D8%B2%D8%A7%D9%86_%D8%A7%DB%8C%D8%B1%D8%A7%D9%86,,Event,Event,1688,-1713.1457627118643
حادثه ۱۴۰۱ حرم امام رضا,1401,1,16,https://fa.wikipedia.org/wiki/%D8%AD%D8%A7%D8%AF%D8%AB%D9%87_%DB%B1%DB%B4%DB%B0%DB%B1_%D8%AD%D8%B1%D9%85_%D8%A7%D9%85%D8%A7%D9%85_%D8%B1%D8%B6%D8%A7,,Event,Event,702,-2699.1457627118643
محمد فیض سرابی,1401,1,22,https://fa.wikipedia.org/wiki/%D9%85%D8%AD%D9%85%D8%AF_%D9%81%DB%8C%D8%B6_%D8%B3%D8%B1%D8%A7%D8%A8%DB%8C,,Death,Death,614,-2787.1457627118643
حادثه ۲۹ فروردین ۱۴۰۱ فروند بوئینگ ۷۳۷ هواپیمایی کاسپین,1401,1,29,https://fa.wikipedia.org/wiki/%D9%81%D9%87%D8%B1%D8%B3%D8%AA_%D8%B3%D8%A7%D9%86%D8%AD%D9%87%E2%80%8C%D9%87%D8%A7%DB%8C_%D9%87%D9%88%D8%A7%DB%8C%DB%8C_%D8%AF%D8%B1_%D8%A7%DB%8C%D8%B1%D8%A7%D9%86,,Event,Event,10626,7224.854237288136
رسوایی سیسمونی گیت,1401,1,30,https://fa.wikipedia.org/wiki/%D8%B3%DB%8C%D8%B3%D9%85%D9%88%D9%86%DB%8C_%DA%AF%DB%8C%D8%AA,,Event,Event,2045,-1356.1457627118643
آغاز اعتراضات ۱۴۰۱ مالباختگان ایران,1401,1,30,https://fa.wikipedia.org/wiki/%D8%A7%D8%B9%D8%AA%D8%B1%D8%A7%D8%B6%D8%A7%D8%AA_%DB%B1%DB%B4%DB%B0%DB%B1_%D9%85%D8%A7%D9%84%D8%A8%D8%A7%D8%AE%D8%AA%DA%AF%D8%A7%D9%86_%D8%A7%DB%8C%D8%B1%D8%A7%D9%86,,Event,Event,1092,-2309.1457627118643
احمد سمیعی گیلانی,1402,1,2,https://fa.wikipedia.org/wiki/%D8%A7%D8%AD%D9%85%D8%AF_%D8%B3%D9%85%DB%8C%D8%B9%DB%8C_%DA%AF%DB%8C%D9%84%D8%A7%D9%86%DB%8C,,Death,Death,4374,972.8542372881357
زمین‌لرزه ۴ فروردین ۱۴۰۲ آذربایجان غربی,1402,1,4,https://fa.wikipedia.org/wiki/%D8%B2%D9%85%DB%8C%D9%86%E2%80%8C%D9%84%D8%B1%D8%B2%D9%87%E2%80%8C%D9%87%D8%A7%DB%8C_%DB%B1%DB%B4%DB%B0%DB%B1_%D8%A2%D8%B0%D8%B1%D8%A8%D8%A7%DB%8C%D8%AC%D8%A7%D9%86_%D8%BA%D8%B1%D8%A8%DB%8C,,Event,Event,1218,-2183.1457627118643
آغاز اعتراضات ۱۴۰۲ بازنشستگان ایران,1402,1,6,https://fa.wikipedia.org/wiki/%D8%A7%D8%B9%D8%AA%D8%B1%D8%A7%D8%B6%D8%A7%D8%AA_%DB%B1%DB%B4%DB%B0%DB%B2_%D8%A8%D8%A7%D8%B2%D9%86%D8%B4%D8%B3%D8%AA%DA%AF%D8%A7%D9%86_%D8%A7%DB%8C%D8%B1%D8%A7%D9%86,,Event,Event,9334,5932.854237288136
نورمحمد ذوالفقاری,1402,1,7,https://fa.wikipedia.org/wiki/%D9%86%D9%88%D8%B1%D9%85%D8%AD%D9%85%D8%AF_%D8%B0%D9%88%D8%A7%D9%84%D9%81%D9%82%D8%A7%D8%B1%DB%8C,,Death,Death,764,-2637.1457627118643
کیومرث پوراحمد,1402,1,16,https://fa.wikipedia.org/wiki/%DA%A9%DB%8C%D9%88%D9%85%D8%B1%D8%AB_%D9%BE%D9%88%D8%B1%D8%A7%D8%AD%D9%85%D8%AF,,Death,Death,4043,641.8542372881357
حسن تقی‌پور,1402,1,18,https://fa.wikipedia.org/wiki/%D8%AD%D8%B3%D9%86_%D8%AA%D9%82%DB%8C%E2%80%8C%D9%BE%D9%88%D8%B1,,Death,Death,855,-2546.1457627118643
محمد هژبر ابراهیمی,1402,1,27,https://fa.wikipedia.org/wiki/%D9%85%D8%AD%D9%85%D8%AF_%D9%87%DA%98%D8%A8%D8%B1_%D8%A7%D8%A8%D8%B1%D8%A7%D9%87%DB%8C%D9%85%DB%8C,,Death,Death,793,-2608.1457627118643
سهراب مرزبان,1402,1,28,https://fa.wikipedia.org/w/index.php?title=%D8%B3%D9%87%D8%B1%D8%A7%D8%A8_%D9%85%D8%B1%D8%B2%D8%A8%D8%A7%D9%86&action=edit&redlink=1,,Death,Death,0,-3401.1457627118643
خلیل عقاب,1402,1,31,https://fa.wikipedia.org/wiki/%D8%AE%D9%84%DB%8C%D9%84_%D8%B9%D9%82%D8%A7%D8%A8,,Death,Death,1386,-2015.1457627118643
فرامرز اصلانی,1403,1,1,https://fa.wikipedia.org/wiki/%D9%81%D8%B1%D8%A7%D9%85%D8%B1%D8%B2_%D8%A7%D8%B5%D9%84%D8%A7%D9%86%DB%8C,,Death,Death,1978,-1423.1457627118643
تیم ملی فوتبال ترکمنستان,1403,1,2,https://fa.wikipedia.org/wiki/%D8%AA%DB%8C%D9%85_%D9%85%D9%84%DB%8C_%D9%81%D9%88%D8%AA%D8%A8%D8%A7%D9%84_%D8%AA%D8%B1%DA%A9%D9%85%D9%86%D8%B3%D8%AA%D8%A7%D9%86,,Event,Event,1181,-2220.1457627118643
آغاز اعتراضات ۱۴۰۳ بازنشستگان ایران,1403,1,5,https://fa.wikipedia.org/wiki/%D8%A7%D8%B9%D8%AA%D8%B1%D8%A7%D8%B6%D8%A7%D8%AA_%DB%B1%DB%B4%DB%B0%DB%B3_%D8%A8%D8%A7%D8%B2%D9%86%D8%B4%D8%B3%D8%AA%DA%AF%D8%A7%D9%86_%D8%A7%DB%8C%D8%B1%D8%A7%D9%86,,Event,Event,11735,8333.854237288135
کشف پیکر بی‌جان سارا تبریزی,1403,1,5,https://fa.wikipedia.org/wiki/%D8%B3%D8%A7%D8%B1%D8%A7_%D8%AA%D8%A8%D8%B1%DB%8C%D8%B2%DB%8C,,Event,Event,1343,-2058.1457627118643
پرستو بخشی,1403,1,6,https://fa.wikipedia.org/wiki/%D9%BE%D8%B1%D8%B3%D8%AA%D9%88_%D8%A8%D8%AE%D8%B4%DB%8C,,Death,Death,1356,-2045.1457627118643
زهرا شجاعی,1403,1,7,https://fa.wikipedia.org/wiki/%D8%B2%D9%87%D8%B1%D8%A7_%D8%B4%D8%AC%D8%A7%D8%B9%DB%8C,,Death,Death,995,-2406.1457627118643
رقابت ۷ فروردین ۱۴۰۳ تیم ملی فوتبال ایران با تیم ملی فوتبال ترکمنستان در مرحله مقدماتی جام جهانی فوتبال ۲۰۲۶ (آسیا) و مرحله مقدماتی جام ملت‌های آسیا ۲۰۲۷,1403,1,7,https://fa.wikipedia.org/wiki/%D8%AF%DB%8C%D8%AF%D8%A7%D8%B1%D9%87%D8%A7%DB%8C_%D9%81%D9%88%D8%AA%D8%A8%D8%A7%D9%84_%D8%A7%DB%8C%D8%B1%D8%A7%D9%86_%D9%88_%D8%AA%D8%B1%DA%A9%D9%85%D9%86%D8%B3%D8%AA%D8%A7%D9%86,,Event,Event,1454,-1947.1457627118643
رضا داوودنژاد,1403,1,13,https://fa.wikipedia.org/wiki/%D8%B1%D8%B6%D8%A7_%D8%AF%D8%A7%D9%88%D9%88%D8%AF%D9%86%DA%98%D8%A7%D8%AF,,Death,Death,1525,-1876.1457627118643
محمدهادی حاج‌رحیمی,1403,1,13,https://fa.wikipedia.org/wiki/%D9%85%D8%AD%D9%85%D8%AF%D9%87%D8%A7%D8%AF%DB%8C_%D8%AD%D8%A7%D8%AC%E2%80%8C%D8%B1%D8%AD%DB%8C%D9%85%DB%8C,,Death,Death,684,-2717.1457627118643
محمدرضا زاهدی,1403,1,13,https://fa.wikipedia.org/wiki/%D9%85%D8%AD%D9%85%D8%AF%D8%B1%D8%B6%D8%A7_%D8%B2%D8%A7%D9%87%D8%AF%DB%8C,,Death,Death,3780,378.85423728813566
حمله هوایی به کنسولگری ایران در دمشق,1403,1,13,https://fa.wikipedia.org/wiki/%D8%AD%D9%85%D9%84%D9%87_%D9%87%D9%88%D8%A7%DB%8C%DB%8C_%D8%A8%D9%87_%DA%A9%D9%86%D8%B3%D9%88%D9%84%DA%AF%D8%B1%DB%8C_%D8%A7%DB%8C%D8%B1%D8%A7%D9%86_%D8%AF%D8%B1_%D8%AF%D9%85%D8%B4%D9%82,,Event,Event,3832,430.85423728813566
حمله به مقرهای نظامی چابهار، راسک و سرباز,1403,1,16,https://fa.wikipedia.org/wiki/%D8%AD%D9%85%D9%84%D9%87_%D8%A8%D9%87_%D9%85%D9%82%D8%B1%D9%87%D8%A7%DB%8C_%D9%86%D8%B8%D8%A7%D9%85%DB%8C_%DA%86%D8%A7%D8%A8%D9%87%D8%A7%D8%B1%D8%8C_%D8%B1%D8%A7%D8%B3%DA%A9_%D9%88_%D8%B3%D8%B1%D8%A8%D8%A7%D8%B2,,Event,Event,1339,-2062.1457627118643
عبدالحمید مبارز,1403,1,18,https://fa.wikipedia.org/w/index.php?title=%D8%B9%D8%A8%D8%AF%D8%A7%D9%84%D8%AD%D9%85%DB%8C%D8%AF_%D9%85%D8%A8%D8%A7%D8%B1%D8%B2&action=edit&redlink=1,,Death,Death,0,-3401.1457627118643
توقیف کشتی ام‌اس‌سی آریس توسط ایران,1403,1,25,https://fa.wikipedia.org/wiki/%D8%AA%D9%88%D9%82%DB%8C%D9%81_%DA%A9%D8%B4%D8%AA%DB%8C_%D8%A7%D9%85%E2%80%8C%D8%A7%D8%B3%E2%80%8C%D8%B3%DB%8C_%D8%A2%D8%B1%DB%8C%D8%B3_%D8%AA%D9%88%D8%B3%D8%B7_%D8%A7%DB%8C%D8%B1%D8%A7%D9%86,,Event,Event,1688,-1713.1457627118643
حمله هوایی ایران به اسرائیل,1403,1,25,https://fa.wikipedia.org/wiki/%D8%AD%D9%85%D9%84%D9%87_%D8%A2%D9%88%D8%B1%DB%8C%D9%84_%DB%B2%DB%B0%DB%B2%DB%B4_%D8%A7%DB%8C%D8%B1%D8%A7%D9%86_%D8%A8%D9%87_%D8%A7%D8%B3%D8%B1%D8%A7%D8%A6%DB%8C%D9%84,,Event,Event,14260,10858.854237288135
پرویز داودی,1403,1,30,https://fa.wikipedia.org/wiki/%D9%BE%D8%B1%D9%88%DB%8C%D8%B2_%D8%AF%D8%A7%D9%88%D8%AF%DB%8C,,Death,Death,2039,-1362.1457627118643
حمله اسرائیل به ایران,1403,1,31,https://fa.wikipedia.org/wiki/%D8%AD%D9%85%D9%84%D9%87_%D8%A7%D8%B3%D8%B1%D8%A7%D8%A6%DB%8C%D9%84_%D8%A8%D9%87_%D8%A7%DB%8C%D8%B1%D8%A7%D9%86,,Event,Event,326,-3075.1457627118643
پروانه اعتمادی,1404,1,1,https://fa.wikipedia.org/wiki/%D9%BE%D8%B1%D9%88%D8%A7%D9%86%D9%87_%D8%A7%D8%B9%D8%AA%D9%85%D8%A7%D8%AF%DB%8C,,Death,Death,991,-2410.1457627118643
رقابت ۵ فروردین ۱۴۰۴ تیم ملی فوتبال ایران با تیم ملی فوتبال ازبکستان در مرحله مقدماتی جام جهانی فوتبال ۲۰۲۶ (آسیا),1404,1,5,https://fa.wikipedia.org/wiki/%D8%AF%DB%8C%D8%AF%D8%A7%D8%B1%D9%87%D8%A7%DB%8C_%D9%81%D9%88%D8%AA%D8%A8%D8%A7%D9%84_%D8%A7%DB%8C%D8%B1%D8%A7%D9%86_%D9%88_%D8%A7%D8%B2%D8%A8%DA%A9%D8%B3%D8%AA%D8%A7%D9%86,,Event,Event,1432,-1969.1457627118643
ابوالفضل عابدینی,1404,1,6,https://fa.wikipedia.org/wiki/%D8%A7%D8%A8%D9%88%D8%A7%D9%84%D9%81%D8%B6%D9%84_%D8%B9%D8%A7%D8%A8%D8%AF%DB%8C%D9%86%DB%8C,,Death,Death,2268,-1133.1457627118643
فرامرز ظلی,1404,1,12,https://fa.wikipedia.org/wiki/%D9%81%D8%B1%D8%A7%D9%85%D8%B1%D8%B2_%D8%B8%D9%84%DB%8C,,Death,Death,1598,-1803.1457627118643
علیرضا ذکاوتی,1404,1,20,https://fa.wikipedia.org/wiki/%D8%B9%D9%84%DB%8C%D8%B1%D8%B6%D8%A7_%D8%B0%DA%A9%D8%A7%D9%88%D8%AA%DB%8C,,Death,Death,1721,-1680.1457627118643
اکبر اعتماد,1404,1,22,https://fa.wikipedia.org/wiki/%D8%A7%DA%A9%D8%A8%D8%B1_%D8%A7%D8%B9%D8%AA%D9%85%D8%A7%D8%AF,,Death,Death,2170,-1231.1457627118643
آغاز مذاکرات غیرمستقیم ایران و آمریکا با میانجیگری عمان,1404,1,23,https://fa.wikipedia.org/wiki/%D9%85%D8%B0%D8%A7%DA%A9%D8%B1%D8%A7%D8%AA_%D8%A7%DB%8C%D8%B1%D8%A7%D9%86_%D9%88_%D8%A2%D9%85%D8%B1%DB%8C%DA%A9%D8%A7_%DB%B2%DB%B0%DB%B2%DB%B5,,Event,Event,2648,-753.1457627118643
سید محمود حسینی واعظ,1404,1,27,https://fa.wikipedia.org/wiki/%D8%B3%DB%8C%D8%AF_%D9%85%D8%AD%D9%85%D9%88%D8%AF_%D8%AD%D8%B3%DB%8C%D9%86%DB%8C_%D9%88%D8%A7%D8%B9%D8%B8,,Death,Death,366,-3035.1457627118643
سید جعفر حمیدی,1404,1,30,https://fa.wikipedia.org/wiki/%D8%B3%DB%8C%D8%AF_%D8%AC%D8%B9%D9%81%D8%B1_%D8%AD%D9%85%DB%8C%D8%AF%DB%8C,,Death,Death,1065,-2336.1457627118643
