day,month,person,details,year
9.0,7.0,کلنل محمدتقی پسیان فرمانده ژاندارمری خراسان (زادهٔ ۱۲۷۰),,1300
5.0,8.0,حیدرخان عمواوغلی,انقلابی ایرانی و از فعالان مؤثر جنبش مشروطه ایران و از رهبران حزب کمونیست ایران (زادهٔ ۱۲۵۹),1300
7.0,9.0,عباس افندی عبدالبها,در حیفا، سومین شخصیت محوری آیین بهایی (زادهٔ ۱۲۲۳),1300
11.0,9.0,میرزا کوچک خان جنگلی رهبر جنبش جنگل (زادهٔ ۱۲۵۹),,1300
7.0,4.0,حبیب‌الله خان میکده,افسر جزء ژاندارمری و پسر سلیمان خان میکده,1301
14.0,3.0,سید حسین کزازی,نمایندۀ کرمانشاه در مجلس شورای ملی و رئیس ادارۀ معارف کرمانشاه (زادهٔ ۱۲۵۳),1302
7.0,6.0,احمد دریابیگی,نخستین فرماندهٔ نیروی دریایی مدرن ایران در خلیج فارس,1302
23.0,8.0,محمدیعقوب خان,پادشاه افغانستان (زاده ۱۲۲۸),1302
16.0,1.0,محمدعلی شاه,ششمین شاه قاجار (زاده ۱۲۵۱),1304
22.0,12.0,ایرج میرزا,شاعر ایرانی (زاده ۱۲۵۱),1304
10.0,8.0,عبدالمجید عین‌الدوله,صدراعظم مظفرالدین‌شاه (زاده ۱۲۲۴),1306
4.0,10.0,ابوالقاسم ناصرالملک,سیاستمدار ایرانی (زاده ۱۲۴۵),1306
24.0,11.0,محمود پولادین,نظامی ایرانی (زاده ۱۲۶۴),1306
6.0,10.0,جهانشاه‌خان امیرافشار,ملاک بزرگ زنجان (زاده ۱۲۲۰),1307
31.0,1.0,محمد میرزا کاشف السلطنه,سیاستمدار، نویسنده و پدر چای ایران,1308
9.0,12.0,احمدشاه,واپسین پادشاه دودمان قاجار,1308
6.0,6.0,حسن مستوفی,(معروف به مستوفی الممالک) سیاست‌مدار.,1311
16.0,7.0,صولت‌الدوله,قشقایی در زندان قصر درگذشت,1311
16.0,8.0,غلامعلی دولتشاهی,(معروف به مجلل الدوله) پدرزن رضاشاه و رئیس تشریفات دربار پهلوی,1311
9.0,7.0,عبدالحسین تیمورتاش: دولتمرد و وزیر دربار رضاشاه پهلوی.,,1312
1.0,11.0,ابوالقاسم عارف قزوینی,شاعر و تصنیف ساز ایرانی (زادروز ۱۲۵۹),1312
22.0,10.0,سید ابوالقاسم دهکردی,فقیه و مرجع تقلید شیعه (زاده ۱۲۳۴),1313
30.0,11.0,محمود غنی‌زاده,شاعر,1313
29.0,8.0,حسن پیرنیا,معروف به مشیرالدوله، سیاستمدار، نویسنده و مورخ,1314
20.0,11.0,علی‌اکبر داور,از رجال سیاسی دورهٔ رضاشاه (زاده ۱۲۴۶),1315
20.0,6.0,رضا کمال شهرزاد,نمایشنامه نویس,1316
10.0,9.0,سید حسن مدرس,روحانی و نماینده مجلس شورای ملی (زادروز ۱۲۴۹),1316
12.0,10.0,یوسف اعتصامی,مترجم,1316
20.0,10.0,فیروز فیروز,سیاستمدار ایرانی در اواخر دوره قاجار واوایل دوره پهلوی,1316
1.0,2.0,اقبال لاهوری شاعر پاکستانی,,1317
4.0,8.0,یحیی دولت‌آبادی,رجل سیاسی دوران انقلاب مشروطه ایران,1318
30.0,8.0,عبدالحسین میرزا فرمانفرما,سیاستمدار ایرانی در دوره قاجار,1318
14.0,11.0,تقی ارانی,فعال سیاسی کمونیست در ایران,1318
27.0,5.0,محمد غفاری,معروف به کمال‌المُلک نقاش ایرانی,1319
15.0,1.0,پروین اعتصامی,شاعر معاصر ایران,1320
3.0,6.0,غلامعلی بایندر,فرمانده نیروی دریایی,1320
4.0,6.0,یدالله بایندر,ناوسروان نیروی دریایی,1320
9.0,2.0,ناصر دیوان کازرونی,رهبر قیام مردم کازرون و فارس علیه استعمار انگلستان,1321
5.0,9.0,محمد علی فروغی,سیاست‌مدار، نویسنده، مترجم و دانشمند,1321
8.0,10.0,وحید دستگردی,شاعر,1321
24.0,7.0,عباس تربتی معروف به ملاعباس تربتی و حاج آخوند,روحانی و عارف معاصر شیعه,1322
4.0,5.0,رضا شاه پهلوی معروف به سردار سپه,اولین پادشاه دودمان پهلوی در ایران (فوت در شهر ژوهانسبورگ آفریقای جنوبی),1323
29.0,9.0,حسن رشدیه,بنیانگذار آموزش نوین در ایران (زاده ۱۲۳۰),1323
5.0,12.0,حسن اسفندیاری: سیاستمدار ایرانی و رئیس مجلس شورای ملی.,,1323
20.0,12.0,احمد کسروی,تاریخ‌نویس,1324
8.0,11.0,سید علی قاضی,فقیه و عارف شیعه,1325
20.0,4.0,سید جعفر پیشه‌وری: سیاستمدار و مؤسس حزب دموکرات آذربایجان.,,1326
9.0,11.0,ترور مهاتما گاندی: رهبر معنوی و سیاسی هندیان.,,1326
6.0,3.0,محمد قزوینی معروف به علامه قزوینی,ادیب و پژوهشگر تاریخ و فرهنگ ایران.,1328
3.0,9.0,محمدعلی شاه‌آبادی فیلسوف ایرانی,,1328
17.0,4.0,حاج مرزوق عرب حائری,روحانی و مداح عراقی,1329
21.0,4.0,مصطفی عدل,حقوقدان و سیاستمدار,1329
14.0,11.0,حسن وثوق‌الدوله,سیاستمدار ایرانی در اواخر دوره قاجار و اوایل دوره پهلوی و از صدراعظم‌های ایرانی,1329
16.0,12.0,حاجعلی رزم‌آرا,نخست‌وزیر وقت ایران,1329
19.0,1.0,صادق هدایت نویسنده,مترجم و روشنفکر ایرانی.,1330
1.0,2.0,محمدتقی بهار,ملقب به ملک‌الشعرا شاعر، روزنامه‌نگار، ادیب، تاریخ‌نویس، و سیاستمدار ایرانی.,1330
24.0,3.0,میرزا عبدالحسین ذوالریاستین شیرازی (مونسعلیشاه),,1332
19.0,8.0,حسین فاطمی وزیر امور خارجه دولت محمد مصدق,,1333
28.0,4.0,احمد قوام,سیاستمدار ایرانی در دوره قاجار و پهلوی,1334
12.0,6.0,سید حسین طاهرزاده,خواننده موسیقی,1334
21.0,11.0,عباس اقبال آشتیانی,نویسنده، تاریخ‌نگار و استاد دانشگاه,1334
27.0,10.0,نواب صفوی,طلبه و بنیانگذار گروه فدائیان اسلام در ایران,1334
7.0,12.0,علی‌اکبر دهخدا,نویسنده، پژوهشگر و گردآورندهٔ لغت‌نامه دهخدا,1334
28.0,5.0,طغرل افشار,از نخستین پیشگامان نقد سینمایی در ایران و بانی برگزاری اولین جشنواره فیلم در ایران بوده‌است.,1335
1.0,11.0,سید عبدالحسین صدر مشهور به صدرالاسلام – سیاست‌مدار و روحانی شیعه ایرانی بود. (زاده ۱۲۵۰),,1335
23.0,11.0,سید نورالدین الهاشمی شیرازی-فقیه اصولی,فعال سیاسی و یکی از مراجع تقلید شیعه (زاده ۱۲۷۴),1335
20.0,2.0,مرتضی‌قلی بیات,سیاستمدار و نخست‌وزیر ایران در زمان محمدرضاشاه پهلوی.,1336
21.0,10.0,دادشاه,مبارز بلوچ در زمان محمدرضاشاه پهلوی,1336
8.0,12.0,محمدعلی اقبال,نماینده دوره نوزدهم مجلس شورای ملی,1336
11.0,2.0,علی سهیلی,از نخست وزیران دوره پهلوی,1337
2.0,11.0,داریوش رفیعی,خواننده سبک سنتی,1337
11.0,6.0,فضل‌الله زاهدی,نظامی و نخست‌وزیر ایران,1342
21.0,4.0,حسین علاء : سیاستمدار و نخست وزیر ایران در دوره پهلوی,,1343
2.0,11.0,نظام وفا : شاعر ایرانی و استاد نیما یوشیج,,1343
8.0,1.0,عبدالحسین سپنتا,کارگردان,1348
22.0,4.0,خلیل ملکی,سیاستمدار,1348
19.0,5.0,محمود جم,سیاستمدار,1348
6.0,6.0,سید ضیاءالدین طباطبایی,روزنامه‌نگار و نخست‌وزیر ایران در دوران قاجاریه,1348
18.0,6.0,جلال آل احمد,روشنفکر، نویسنده و مترجم,1348
8.0,11.0,سید حسن تقی‌زاده,سیاستمدار و از رهبران انقلاب مشروطه,1348
12.0,12.0,آقابزرگ تهرانی,کتاب‌شناس و پژوهشگر,1348
16.0,2.0,بدیع‌الزمان فروزانفر,ادیب سرشناس ایرانی و استاد زبان و ادبیات فارسی,1349
12.0,4.0,عبدالحسین امینی معروف به علامه امینی,نویسنده کتاب الغدیر,1349
3.0,12.0,ابوالحسن قزوینی,خواننده موسیقی ایرانی و صاحب یکی از قوی‌ترین صداها در آواز ایرانی,1349
6.0,1.0,سید محمدتقی غضنفری خوانساری از فقها قرن چهاردهم,,1350
5.0,4.0,احمد متین دفتری,سیاستمدار ایرانی,1350
13.0,4.0,محمد معین,استاد زبان فارسی و پدیدآورندهٔ فرهنگ معین.,1350
4.0,6.0,علی‌اکبر فیاض,استاد ادبیات فارسی و مصحح تاریخ بیهقی,1350
16.0,7.0,سلطان الواعظین شیرازی اندیشمند,خطیب و از علمای شیعه قرن چهاردهم و نویسنده کتاب شب‌های پیشاور,1350
5.0,4.0,حسن زیرک,خواننده کُرد,1351
4.0,3.0,محمد حنیف نژاد  از بنیانگذاران سازمان مجاهدین خلق,,1351
4.0,3.0,سعید محسن  از بنیانگذاران سازمان مجاهدین خلق,,1351
4.0,3.0,علی اصغر بدیع زادگان  از بنیانگذاران سازمان مجاهدین خلق,,1351
4.0,3.0,رسول مشکین فام  از اعضای کادر مرکزی سازمان مجاهدین خلق,,1351
4.0,3.0,محمود عسگری زاده  از اعضای سازمان مجاهدین خلق,,1351
25.0,2.0,مهدی الهی قمشه ای:فقیه,فیلسوف،عارف،شاعر و مترجم قرآن,1352
19.0,8.0,محمد ساعد,سیاستمدار و نخست وزیر ایران در دوره پهلوی,1352
29.0,11.0,خسرو گلسرخی,شاعر و نویسندهٔ انقلابی که توسط رژیم شاه تیرباران شد.,1352
27.0,7.0,نورعلی الهی - عرف,فیلسوف و قاضی ایرانی,1353
1.0,11.0,محمد قریب - بنیان‌گذار طب نوین کودکان در ایران,,1353
14.0,12.0,عباس شهریاری,عامل ایرانی ساواک,1353
29.0,1.0,بیژن جزنی,فعال سیاسی چپ‌گرای ایرانی,1354
17.0,5.0,سید محمدهادی حسینی میلانی,مرجع تقلید,1354
17.0,5.0,فریدون رهنما,شاعر، روزنامه‌نگار و سینماگر,1354
9.0,12.0,مجید وفادار,آهنگساز و نوازنده ویولن,1354
15.0,1.0,اسدالله علم,نخست‌وزیر و وزیر دربار,1357
23.0,7.0,نورالدین اشنی,فقیه,1357
23.0,11.0,عبدالعلی بدره‌ای,آخرین فرمانده نیروی زمینی شاهنشاهی ایران و فرمانده گارد جاویدان شاهنشاهی بود.,1357
26.0,11.0,نعمت‌الله نصیری,سومین رئیس سازمان ساواک (ز. ۱۲۸۹),1357
26.0,11.0,رضا ناجی,فرماندار نظامی اصفهان,1357
26.0,11.0,منوچهر خسروداد,نظامی و آخرین فرمانده هوانیروز (ز. ۱۳۰۶),1357
17.0,12.0,جعفر قلی صدری,رئیس شهربانی (ز. ۱۲۹۰),1357
22.0,12.0,نادر جهانبانی,نظامی (ز. ۱۳۰۷),1357
18.0,1.0,امیرعباس هویدا,نخست وزیر دوره پهلوی (اعدام),1358
20.0,1.0,منوچهر آزمون,سیاست‌مدار دوره پهلوی (اعدام),1358
22.0,1.0,"غلامرضا نیک‌پی (اعدام), شهردار تهران",,1358
22.0,1.0,"علی نشاط فرمانده (اعدام), گارد جاویدان",,1358
22.0,1.0,حسینعلی بیات (اعدام),نماینده مجلس شورای ملی,1358
22.0,1.0,"علی حجت کاشانی (اعدام), رئیس تربیت بدنی",,1358
22.0,1.0,"عباسعلی خلعتبری (اعدام), وزیر امور خارجه کابینه هویدا و آموزگار",,1358
22.0,1.0,منصور روحانی (اعدام),وزیر برق و کشاورزی کابینه هویدا,1358
22.0,1.0,محمد علی علامه وحیدی (اعدام),نیابت تولیت مدرسه سپهسالار,1358
22.0,1.0,"محمد تقی مجیدی (اعدام), رئیس اسبق دادگاه نظامی",,1358
22.0,1.0,حسن پاکروان (اعدام),دومین رئیس ساواک (زاده ۱۲۹۰),1358
22.0,1.0,ناصر مقدم (اعدام),چهارمین رئیس ساواک,1358
3.0,2.0,محمدولی قرنی (ترور),نخستین رئیس ستاد مشترک ارتش جمهوری اسلامی,1358
11.0,2.0,مرتضی مطهری (ترور),,1358
21.0,4.0,پری بلنده (اعدام),تن‌فروش,1358
24.0,4.0,حسین‌قلی طاطایی,موسیقی‌دان، نوازنده ویولن,1358
18.0,6.0,علی نقی وزیری: آموزگار موسیقی,آهنگساز و موسیقی دان ایرانی.,1358
19.0,6.0,آیت الله طالقانی,از بنیادگذاران نهضت آزادی,1358
2.0,7.0,"ایرج مطبوعی سرلشکر بازنشسته (اعدام) , (زاده ۱۲۷۴)",,1358
21.0,7.0,غلامحسین مصاحب,ریاضی‌دان و فرهنگ‌نویس,1358
10.0,8.0,محمد علی قاضی طباطبایی: روحانی شیعه و اولین امام جمعه تبریز پس از انقلاب.,,1358
16.0,9.0,شهریار شفیق پسر اشرف پهلوی - فرمانده واحد هاورکرافت نیروی دریایی (ترور) (زاده ۱۳۲۳),,1358
27.0,9.0,محمد مفتح,روحانی ایرانی و عضو شورای انقلاب (زاده ۱۳۰۷),1358
10.0,10.0,جواد بدیع زاده,خواننده، موسیقیدان و نواساز (زاده ۱۲۸۱),1358
5.0,12.0,پرویز فنی‌زاده,بازیگر ایرانی (زاده ۱۳۱۶),1358
8.0,2.0,علی‌اکبر شیرودی,از نظامیان و خلبانان معروف ایرانی,1360
31.0,3.0,مصطفی چمران,وزیر دفاع,1360
7.0,4.0,سید محمد بهشتی,روحانی، سیاستمدار و رئیس دیوان عالی کشور,1360
22.0,5.0,موشق سروری,کارگردان، طراح صحنه، تهیه‌کننده و نویسنده ایرانی ارمنی‌تبار,1360
8.0,6.0,محمد جواد باهنر,نخست‌وزیر ایران,1360
8.0,6.0,محمد علی رجایی,رئیس‌جمهور ایران,1360
7.0,7.0,محمد جهان آرا,فرمانده نظامی,1360
7.0,7.0,جواد فکوری,خلبان,1360
7.0,7.0,ولی‌الله فلاحی,سرتیپ نیروی زمینی جمهوری اسلامی ایران,1360
7.0,7.0,یوسف کلاهدوز,نظامی,1360
7.0,7.0,سید موسی نامجو,پنجمین وزیر دفاع حکومت جمهوری اسلامی ایران,1360
7.0,8.0,حسن لاهوتی اشکوری,سیاستمدار,1360
24.0,8.0,سید محمدحسین طباطبایی,معروف به علامه طباطبایی فقیه، فیلسوف و مفسر قرآن شیعه,1360
4.0,9.0,اسماعیل شاهرودی,شاعر,1360
13.0,9.0,تاج اصفهانی,خواننده,1360
20.0,9.0,عبدالحسین دستغیب,مجتهد شیعه,1360
25.0,9.0,نصرالله زرین‌پنجه,نوازنده,1360
1.0,10.0,مجتبی استکی,,1360
7.0,10.0,محمد تقی بشارت,,1360
26.0,10.0,علی دشتی,,1360
6.0,11.0,حسینعلی ترکی,از فرماندهان سپاه پاسداران انقلاب اسلامی و فرمانده تیپ ۱۷ علی ابن ابی طالب,1360
19.0,12.0,تاج الملوک آیرملو,ملکه مادر محمدرضاشاه و همسر بانفوذ رضاشاه پهلوی,1360
2.0,1.0,عبدالله انتظام,سیاستمدار,1362
25.0,1.0,رضا چراغی,نظامی,1362
14.0,5.0,ربابه مراداوا,خواننده شهیر موسیقی مقامی آذربایجانی، ایرانی‌تبار آذربایجانی,1362
15.0,5.0,مصطفی ردانی پور,روحانی و نظامی ایرانی,1362
18.0,5.0,امین‌الله آندره حسین,آهنگساز ایرانی ساکن فرانسه,1362
17.0,10.0,لطف‌الله مفخم پایان,موسیقی‌دان,1362
18.0,11.0,ارتشبد غلامعلی اویسی,ارتشبد نیروی زمینی شاهنشاهی,1362
24.0,11.0,رضا رادمنش,از اعضای حزب توده,1362
6.0,12.0,بهرام افضلی,ناخدا یکم نیروی دریایی ارتش جمهوری اسلامی ایران و فرمانده آن نیرو طی سال‌های ۱۳۵۹ تا ۱۳۶۲,1362
17.0,12.0,محمد ابراهیم همت,نظامی و معلم,1362
13.0,2.0,محمد تقی کهنمویی,بازیگر,1363
24.0,2.0,حبیب یغمایی,شاعر,1363
18.0,5.0,ابوالقاسم پاینده,نویسنده و مترجم,1363
28.0,5.0,آذر اندامی,پژوهشگر انستیتو پاستور ایران؛ که به خاطر خدمات علمی و انسانی او یکی از حفره‌های برخوردی روی سیاره ناهید به نام وی اندامی نامگذاری شده‌است. (زاده ۱۳۰۵),1363
4.0,7.0,محمود تفضلی,مترجم,1363
19.0,7.0,آیت‌الله میرزا خلیل کمره‌ای,نویسنده، محقق و فیلسوف الهی,1363
19.0,7.0,سید کریم امیری فیروزکوهی,شاعر,1363
3.0,9.0,محمود کریمی,موسیقی‌دان,1363
12.0,9.0,بهرام صادقی,نویسنده,1363
20.0,10.0,غلام‌عباس آرام,سیاستمدار و از وزیران امور خارجه ایران در دوره پهلوی.,1363
20.0,10.0,احمد خوانساری,شیعه و مرجع تقلید,1363
22.0,12.0,حسین گل‌گلاب,شاعر,1363
25.0,12.0,مهدی باکری,فرمانده سپاه,1363
26.0,12.0,علی‌اکبر شهنازی,نوازنده,1363
9.0,3.0,فریدون توللی,شاعر,1364
31.0,3.0,بهرام آریانا با نام اصلی حسین معتمدی منوچهری تنکابنی در پاریس ارتشبد نیروی زمینی شاهنشاهی و فرمانده آن نیرو,,1364
17.0,4.0,محمدمهدی ربانی املشی,روحانی و سیاست‌مدار,1364
4.0,8.0,یحیی آرین پور,نویسنده و محقق,1364
2.0,9.0,غلامحسین ساعدی,نویسنده,1364
1.0,12.0,فضل‌الله محلاتی,روحانی و نماینده ولی فقیه در سپاه پاسداران انقلاب اسلامی,1364
1.0,12.0,سید نورالدین رحیمی,روحانی,1364
1.0,12.0,عبدالباقی درویش,خلبان,1364
10.0,12.0,غلامحسین بنان,خواننده,1364
24.0,1.0,غلامحسین بیگجه‌خانی,,1366
2.0,2.0,محمود محمودی خوانساری,خواننده,1366
28.0,2.0,حسین فردوست,نظامی,1366
12.0,3.0,فاطمه پهلوی,,1366
15.0,5.0,عباس بابایی,خلبان,1366
18.0,5.0,مهدی سهیلی,شاعر,1366
6.0,7.0,اعدام سید مهدی هاشمی,از بستگان حسینعلی منتظری بعد از ماجراهای ابتدای دهه شصت,1366
27.0,8.0,مظفر بقایی کرمانی,پزشک و فعال سیاسی.,1366
29.0,10.0,"مهدی برکشلی ,موسیقیدان ایرانی",,1366
11.0,11.0,امیر ناصر افتتاح نوازنده تنبک ایرانی,,1366
16.0,11.0,ابراهیم فخرایی,نویسنده,1366
2.0,12.0,حیدر یغما‎,نویسنده و شاعر,1366
7.0,12.0,مهری آهی,مترجم,1366
19.0,1.0,آذر دانشی,دوبلور (زاده ۱۳۰۸),1367
12.0,2.0,محمدعلی زرندی,بازیگر و دوبلور (زاده ۱۳۰۴),1367
15.0,2.0,حمید میرزا,پسر محمدحسن میرزا و آخرین ولیعهد قاجار (زاده ۱۲۹۷),1367
8.0,3.0,عباس نعلبندیان,نمایشنامه نویس {خودکشی} (زاده ۱۳۲۶),1367
4.0,4.0,شهید علی هاشمی,پاسدار و از فرماندهان سپاه پاسداران و از شهدای جنگ ایران و عراق (زاده ۱۳۴۰),1367
8.0,4.0,میر احمد ثاراللهی,شاعر (زاده ۱۲۸۴),1367
19.0,4.0,هرایر خالاتیان,روزنامه نگار، مترجم و سیاستمدار ایرانی ارمنی تبار (زاده ۱۳۰۸),1367
14.0,5.0,سرتیپ محمدتقی ریاحی,نظامی، از اعضای جبهه ملی ایران و وزیر دفاع در دولت مهدی بازرگان (زاده ۱۲۸۹),1367
10.0,6.0,حسن سجادی‌نژاد,پدر حسابداری ایران (زاده ۱۲۹۶),1367
27.0,6.0,محمدحسین شهریار,شاعر (زاده ۱۲۸۵),1367
3.0,7.0,احمد شیرازی,کارگردان و مدیر فیلم برداری (زاده ۱۳۰۹),1367
16.0,7.0,فتح‌الله امید نجف‌آبادی,مجتهد، روحانی و سیاستمدار و افشا کننده ماجرای مک‌فارلین {اعدام} (زاده ۱۳۲۲),1367
5.0,8.0,آیت الله سید روح‌الله خاتمی,روحانی، فقیه و امام جمعه شهر یزد و پدر سید محمد خاتمی (زاده ۱۲۸۵),1367
4.0,9.0,دکتر کاظم سامی,پزشک و وزیر بهداشت در دولت مهدی بازرگان {ترور} (زاده ۱۳۱۴),1367
13.0,10.0,عزت‌الله مقبلی,دوبلور و بازیگر (زاده ۱۳۱۲),1367
22.0,10.0,سیدغلامرضا سعیدی,نویسنده و مترجم (زاده ۱۲۷۴),1367
1.0,11.0,محمدعلی وارسته,از اعضای اصلی در مذاکرات ملی شدن صنعت نفت ایران و وزیر دارایی (زاده ۱۲۷۳),1367
30.0,11.0,فیروز شیروانلو,نویسنده و مترجم (زاده ۱۳۱۷),1367
14.0,12.0,پروفسور عباس ریاضی کرمانی,ستاره شناس و ریاضی دان (زاده ۱۲۸۶),1367
6.0,1.0,فاطمه مدرسی,مترجم، نویسنده و از اعضای حزب توده ایران (زادهٔ ۱۳۲۷),1368
9.0,2.0,احسان طبری,نویسنده، شاعر، نظریه‌پرداز مارکسیسم-لنینیسم، عضو حزب توده ایران و فیلسوف (زادهٔ ۱۲۹۵),1368
10.0,2.0,یوسف کلانتری,شاعر (زادهٔ ۱۲۸۳),1368
15.0,2.0,حیدرعلی قلمداران,نویسنده و مترجم (زادهٔ ۱۲۹۲),1368
26.0,2.0,لیلا کسری,شاعر، ترانه‌سرا و نویسنده با نام هنری «هدیه» (زادهٔ ۱۳۱۸),1368
1.0,3.0,رضا هوشمند,بازیگر و چهره‌پرداز (زادهٔ ۱۳۰۲),1368
13.0,3.0,سید روح‌الله خمینی,مجتهد، از مراجع تقلید شیعه و رهبر انقلاب ۱۳۵۷ ایران و بنیان‌گذار جمهوری اسلامی و اولین رهبر نظام جمهوری اسلامی ایران (زادهٔ ۱۲۸۱),1368
18.0,3.0,حسین لنکرانی,مدرس حوزه علمیه و سیاستمدار (زادهٔ ۱۲۶۸),1368
7.0,4.0,عبدالعلی وزیری خواننده (زادهٔ ۱۲۹۰),,1368
12.0,4.0,زین‌العابدین رهنما,نویسنده، مترجم و روزنامه‌نگار (زادهٔ ۱۲۷۳),1368
22.0,4.0,عبدالرحمان قاسملو,فعال سیاسی چپ‌گرا و دبیرکل حزب دموکرات کردستان ایران و از قربانیان قتل‌های زنجیره‌ای ایران (زادهٔ ۱۳۰۹),1368
12.0,5.0,محسن بدیع,کارگردان (زادهٔ ۱۲۸۷),1368
13.0,5.0,داوود منشی‌زاده,نویسنده، زبان‌شناس، بنیان‌گذار حزب سومکا و هوادار ایدئولوژی نازیسم (زادهٔ ۱۲۹۴),1368
22.0,5.0,علی سامی,نویسنده، محقق و استاد دانشگاه (زادهٔ ۱۲۸۹),1368
4.0,6.0,غلام کشاورز,عضو اتحاد مبارزان کمونیست و کومله زحمتکشان کردستان و از قربانیان قتل‌های زنجیره‌ای ایران (زادهٔ ۱۳۳۴),1368
11.0,6.0,منوچهر محجوبی,نویسنده، شاعر، طنزنویس و محقق (زادهٔ ۱۳۱۵),1368
13.0,6.0,صدیق کمانگر,فعال سیاسی کمونیست کرد، وکیل، از اعضای بنیانگذار حزب کومله و حزب کمونیست ایران و از قربانیان قتل‌های زنجیره‌ای ایران (زادهٔ ۱۳۲۵),1368
24.0,7.0,مرتضی حنانه,موسیقی‌دان و آهنگساز (زادهٔ ۱۳۰۱),1368
2.0,8.0,میرزا جوادآقا تهرانی,فقیه و مدرس (زادهٔ ۱۲۸۳),1368
7.0,8.0,سید عبدالله ضیایی‌نیا,سیاستمدار (زادهٔ ۱۳۰۲),1368
21.0,9.0,غلامرضا قدسی,شاعر (زادهٔ ۱۳۰۴),1368
28.0,9.0,عباس یمینی‌شریف,نویسنده و مترجم (زادهٔ ۱۲۹۸),1368
22.0,10.0,صدیقه پهلوی,نخستین فرزند رضاشاه (زادهٔ ۱۲۹۵),1368
30.0,10.0,هایده,خواننده (زادهٔ ۱۳۲۱),1368
30.0,10.0,محمود نامجوی,وزنه‌بردار (زادهٔ ۱۲۹۷),1368
10.0,11.0,حسنعلی نجابت,عارف (زادهٔ ۱۲۹۶),1368
20.0,11.0,رضا مشایخی,نویسنده و مترجم (زادهٔ ۱۲۸۴),1368
1.0,12.0,حبیب‌الله ثابت,بازرگان، کارآفرین و پایه‌گذار سازمان رادیو تلویزیون ملی ایران و کارخانه پپسی (زادهٔ ۱۲۸۲),1368
17.0,12.0,حسین قوامی,خواننده (زادهٔ ۱۲۸۸),1368
2.0,1.0,پارسا تویسرکانی,نویسنده و شاعر (زاده ۱۲۸۸),1369
17.0,2.0,احمد ارچنگ,طراح فرش (زاده ۱۲۹۳),1369
6.0,3.0,علی‌اکبر سیاسی,روان‌شناس، سیاستمدار و ششمین رئیس دانشگاه تهران (زاده ۱۲۷۴),1369
15.0,4.0,مجید محسنی,بازیگر تئاتر (زاده ۱۳۰۲),1369
20.0,4.0,آیت‌الله سید مرتضی فیروزآبادی,عارف، محقق و پژوهشگر (زاده ۱۲۸۹),1369
26.0,4.0,کاظم تینا تهرانی,نویسنده (زاده ۱۳۰۸),1369
2.0,5.0,مرتضی نی‌داوود,موسیقدان (زاده ۱۲۷۹),1369
8.0,5.0,ملکه برومند,خواننده و بازیگر اهل ایران بود.,1369
1.0,6.0,پرویز ناتل خانلری,ادیب، سیاستمدار، شاعر، نویسنده و زبانشناس (زاده ۱۲۹۲),1369
4.0,6.0,مهدی اخوان ثالث,شاعر (زاده ۱۳۰۷),1369
5.0,6.0,علی‌اکبر کاوه,خوشنویس (زاده ۱۲۷۳),1369
7.0,6.0,آیت‌الله العظمی سید شهاب‌الدین مرعشی نجفی,مرجع تقلید شیعه (زاده ۱۲۷۶),1369
15.0,6.0,عفت قاضی,عضو حزب دموکرات کردستان ایران و از کشته شدگان قتل‌های زنجیره‌ای ایران (زاده ۱۳۱۴),1369
25.0,6.0,علی‌محمد حیدریان,نقاش (زاده ۱۲۷۵),1369
12.0,7.0,پوران,خواننده و بازیگر (زاده ۱۳۱۲),1369
19.0,7.0,عباسقلی گلشائیان,دوازدهمین شهردار تهران (زاده ۱۲۸۱),1369
1.0,8.0,سیروس الهی,از بنیانگذاران سازمان درفش کاویانی و از کشته شدگان قتل‌های زنجیره‌ای ایران (زاده ؟),1369
7.0,8.0,کاظم حسیبی: سیاستمدار و از اعضای جبههٔ ملی ایران.,,1369
5.0,9.0,سید حسن میرخانی,خوشنویس (زاده ۱۲۹۱),1369
8.0,9.0,محمدهادی سلاحی,نویسنده (زاده ۱۲۸۹),1369
9.0,9.0,مهدی خالدی,موسیقیدان (زاده ۱۲۹۸),1369
14.0,9.0,غلامحسین یوسفی,نویسنده و مترجم (زاده ۱۳۰۶),1369
1.0,11.0,ایرج صادق‌پور,کارگردان (زاده ۱۳۱۹),1369
30.0,11.0,مصطفی زمانی نجف‌آبادی,نویسنده و ناشر (زاده ۱۳۱۳),1369
2.0,12.0,عبدالرحمان شرفکندی,شاعر، نویسنده، اسلام‌شناس، محقق و عکاس (زاده ۱۳۰۰),1369
6.0,12.0,زهرا کیا,پژوهشگر و نویسنده (زاده ۱۲۹۴),1369
21.0,12.0,هوشنگ طاهری,نویسنده و منتقد (زاده ۱۳۱۳),1369
1.0,1.0,علی دریابیگی,کارگردان (زاده ۱۲۸۲),1370
29.0,1.0,عبدالرحمان برومند,فعال سیاسی و عضو نهضت مقاومت ملی ایران و از کشته شدگان قتل‌های زنجیره‌ای ایران (زاده ۱۳۰۶),1370
14.0,2.0,سپهبد نادر باتمانقلیچ,سیاستمدار، نظامی و از چهره‌های تأثیرگذار در کودتای ۲۸ مرداد (زاده ۱۲۸۲),1370
17.0,2.0,مهرداد اوستا,نویسنده و شاعر (زاده ۱۳۰۸),1370
29.0,4.0,ایرج جهانشاهی,نویسنده (زاده ۱۳۰۵),1370
15.0,5.0,شاپور بختیار,هفتاد و سومین نخست‌وزیر ایران، دبیرکل حزب ایران، عضو جبهه ملی ایران و بنیانگذار نهضت مقاومت ملی ایران و از کشته شدگان قتل‌های زنجیره‌ای ایران (زاده ۱۲۹۳),1370
21.0,5.0,نیر سعیدی,نویسنده، روزنامه‌نگار و مترجم (زاده ۱۲۹۹),1370
10.0,7.0,عزت‌الله وثوق,بازیگر (زاده ۱۲۹۳),1370
19.0,7.0,حسین شیخ,نقاش (زاده ۱۲۸۹),1370
10.0,8.0,هوشنگ بهشتی,بازیگر (زاده ۱۳۰۲),1370
15.0,8.0,عطاءالله زاهد,بازیگر (زاده ۱۲۹۴),1370
20.0,8.0,منوچهر شیبانی,شاعر و نقاش (زاده ۱۳۰۳),1370
30.0,8.0,سبکتکین سالور,مقاله‌نویس و از شاهزادگان قاجاریان (زاده ۱۳۰۲),1370
29.0,10.0,محمود فروغی,دیپلمات و فرزند محمدعلی فروغی (زاده ۱۲۹۰),1370
9.0,12.0,تقی ظهوری,بازیگر (زاده ۱۲۹۱),1370
24.0,12.0,حسین امیرفضلی,بازیگر و پدر ارژنگ امیرفضلی (زاده ۱۲۹۹),1370
16.0,1.0,همدم السلطنه پهلوی,نخستین فرزند رضاشاه پهلوی,1371
9.0,2.0,علی‌اصغر زند وکیلی,نوازنده و خواننده (زاده ۱۳۲۰),1371
24.0,2.0,حسن کامکار,موسیقیدان (زاده ۱۳۰۲),1371
28.0,2.0,محمدحسین میمندی‌نژاد,دامپزشک و رئیس دانشکده دامپزشکی دانشگاه تهران (زاده ۱۲۸۹),1371
29.0,2.0,غلامحسین صدیقی,استاد دانشگاه تهران و وزیر کشور در دولت دوم محمد مصدق (زاده ۱۲۸۴),1371
29.0,2.0,مهدی فلاحت پور,خبرنگار و تصویر بردار (زاده ۱۳۴۳),1371
4.0,3.0,عباس مهرپویا,آهنگساز، خواننده، نوازنده و جهانگرد (زاده ۱۳۰۶),1371
8.0,3.0,بهرام فره‌وشی,زبانشناس (زاده ۱۳۰۴),1371
9.0,3.0,عباس کرباسیون,طراح فرش و کاشی (زاده ۱۳۰۱),1371
14.0,3.0,عباسعلی ادیب حبیب‌آبادی,ادیب، منجم و فقیه (زاده ۱۳۱۵),1371
21.0,4.0,حمیدرضا پهلوی,آخرین فرزند رضاشاه (زاده ۱۳۱۱),1371
27.0,4.0,حسینعلی ملاح,نقاش و موسیقیدان (زاده ۱۳۰۰),1371
4.0,5.0,سید ابوالفضل زنجانی,مجتهد، نویسنده و از اعضای نهضت مقاومت ملی (زاده ۱۲۷۸),1371
16.0,5.0,فریدون فرخزاد,شاعر، خواننده، آهنگساز، برنامه پرداز، برنامه ساز رادیو، مجری، ترانه‌سرا، فعال سیاسی و حقوقدان و برادر فروغ فرخزاد و از قربانیان قتل‌های زنجیره‌ای ایران (زاده ۱۳۱۵),1371
17.0,5.0,سید ابوالقاسم خویی,مرجع تقلید و فقیه (زاده ۱۲۷۸),1371
27.0,5.0,محمد محیط طباطبایی,پژوهشگر ادبی، مورخ، منتقد و ادیب (زاده ۱۲۸۰),1371
30.0,5.0,عباس سعیدی رضوانی,محقق، جغرافیدان و رئیس کتابخانه مرکزی آستان قدس رضوی (زاده ۱۳۰۶),1371
12.0,6.0,پروفسور محمود حسابی,فیزیکدان و پدر فیزیک ایران و بنیانگذار فیزیک دانشگاهی در ایران و وزیر آموزش و پرورش در زمان محمدرضا پهلوی (زاده ۱۲۸۱),1371
26.0,6.0,صادق شرفکندی,فعال سیاسی، استاد دانشگاه و دبیرکل حزب دموکرات کردستان ایران و از کشته شدگان ترور میکونوس (زاده ۱۳۱۶),1371
29.0,6.0,سید محمد علی موحد ابطحی,مرجع تقلید (زاده ۱۳۰۹),1371
27.0,7.0,حبیب‌الله بدیعی,موسیقیدان و نوازنده ویلن (زاده ۱۳۱۲),1371
3.0,8.0,محمدعلی حفیظی,پزشک کودکان (زاده ۱۲۹۴),1371
3.0,8.0,ابوالقاسم حالت,شاعر و طنزپرداز (زاده ۱۲۹۸),1371
3.0,9.0,پرویز دهداری,فوتبالیست و مربی فوتبال (زاده ۱۳۱۲),1371
21.0,9.0,علی امینی,شصت و ششمین نخست‌وزیر ایران (زاده ۱۲۸۴),1371
23.0,10.0,شهدی لنگرودی,شاعر (زاده ۱۳۰۹),1371
12.0,11.0,محراب شاهرخی,فوتبالیست (زاده ۱۳۲۲),1371
20.0,11.0,احمد مفتی‌زاده,متفکر، اسلام‌شناس، مجتهد اهل سنت و فعال سیاسی کرد (زاده ۱۳۱۳),1371
24.0,11.0,سپیده کاشانی,شاعر (زاده ۱۳۱۵),1371
7.0,12.0,میرزا هاشم آملی,مرتجع تقلید و پدر برادران لاریجانی (زاده ۱۲۷۸),1371
14.0,12.0,مهرداد هوشنگی,فوتبالیست (زاده ۱۳۳۶),1371
17.0,12.0,احمد عبادی,نوازنده سه تار و تار (زاده ۱۲۸۵),1371
27.0,12.0,اسماعیل زرین‌فر,موسیقیدان و نوازنده ویلن و کمانچه (زاده ۱۲۸۰),1371
18.0,1.0,علیرضا افضلی‌پور,مهندس شیمی و بنیانگذار دانشگاه کرمان (زاده ۱۲۸۸),1372
20.0,1.0,شهید مرتضی آوینی,کارگردان، مستندساز، نویسنده و عکاس (زاده ۱۳۲۶),1372
20.0,1.0,شهید محمدسعید یزدان‌پرست,مستندساز (زاده ۱۳۴۶),1372
6.0,2.0,حسینعلی هروی,نویسنده و مترجم (زاده ۱۲۹۷),1372
15.0,2.0,کیهان رهگذار,بازیگر و نویسنده تئاتر (زاده ۱۳۲۶),1372
16.0,2.0,احمد هاشمی,بازیگر (زاده ۱۳۱۸),1372
4.0,3.0,غلامرضا کیوان سمیعی,ادیب، نویسنده و شاعر (زاده ۱۲۹۲),1372
19.0,3.0,ابوالقاسم جنتی عطایی,نویسنده، مترجم و روزنامه‌نگار (زاده ۱۲۹۶),1372
4.0,4.0,غیرت بستکی,شاعر (زاده ۱۳۰۱),1372
23.0,4.0,عبدالهادی حائری,تاریخنگار و روزنامه نویس (زاده ۱۳۱۴),1372
24.0,4.0,ملک‌جان نعمتی,شاعر (زاده ۱۲۸۵),1372
1.0,5.0,پرویز خطیبی,روزنامه‌نگار، طنزنویس و کارگردان (زاده ۱۳۰۲),1372
9.0,5.0,هادی اسلامی,بازیگر (زاده ۱۳۱۸),1372
20.0,5.0,احمد رائض,نقاش و مینیاتوریست (زاده ۱۲۹۸),1372
25.0,5.0,سید عبدالاعلی سبزواری,فقیه و رئیس حوزه علمیه نجف (زاده ۱۲۸۹),1372
1.0,6.0,پرویز نارنجی‌ها,دوبلور (زاده ۱۳۱۸),1372
3.0,6.0,احمد زیرک‌زاده,عوض جبهه ملی ایران و از پایه‌گذاران حزب ایران (زاده ۱۲۸۶),1372
25.0,6.0,ابوالقاسم انجوی شیرازی,پژوهشگر و نویسنده (زاده ۱۳۰۰),1372
18.0,7.0,محمد آقاتی,قاری قرآن و مؤذن (زاده ۱۳۰۴),1372
20.0,7.0,داوود نوروزی,سردبیر نشریه سوگند (زاده ۱۳۰۳),1372
22.0,8.0,حسین پیرنیا,اقتصاددان (زاده ۱۲۹۲),1372
27.0,8.0,محمدخان ضرابی,بازیگر (زاده ۱۲۸۵),1372
16.0,9.0,جواد معروفی,آهنگساز و نوازنده پیانو (زاده ۱۲۹۱),1372
18.0,9.0,محمد رضا گلپایگانی مرجع تقلید جهان تشییع (زاده ۱۲۷۸),,1372
20.0,9.0,حسین کریمان,نویسنده، ادیب، مورخ و جغرافیدان (زاده ۱۲۹۲),1372
24.0,11.0,مصطفی سلیمی,هشتمین رئیس فدراسیون فوتبال ایران (زاده ۱۲۸۲),1372
1.0,12.0,ابراهیم فخار,بازیگر (زاده ۱۳۰۴),1372
2.0,12.0,هما دارابی,پزشک و در اعتراض به حجاب اجباری در میدان تجریش تهران اقدام به خودسوزی کرد (زاده ۱۳۱۸),1372
26.0,12.0,تهمینه اردکانی,کارگردان (زاده ۱۳۳۹),1372
1.0,2.0,سید صدرالدین بلاغی,روحانی شیعه (زاده ۱۲۹۰),1373
2.0,2.0,کمال‌الحق سلامی,نویسنده، مجری و گوینده (زاده ۱۳۲۷),1373
4.0,2.0,علامه محمد زاهد ضیایی پاوه‌ای,فعال سیاسی کرد (زاده ۱۲۸۵),1373
13.0,2.0,فرهاد غبرایی,مترجم (زاده ۱۳۲۸),1373
9.0,3.0,مهدی آذر,وزیر فرهنگ در کابینه دوم محمد مصدق (زاده ۱۲۸۰),1373
15.0,3.0,ارسلان پوریا,فیلسوف، تاریخ‌نگار، نمایشنامه نویس (زاده ۱۳۰۸),1373
22.0,3.0,علی‌محمد ساکی,محقق و مترجم (زاده ۱۳۱۴),1373
8.0,4.0,طاطاوس میکائیلیان,رئیس شورای کشیشان پروتستان و یکی از قربانیان قتل‌های زنجیره‌ای ایران (زاده ۱۳۱۱),1373
31.0,4.0,نظام فاطمی,کارگردان، فیلمنامه‌نویس و شاعر (زاده ۱۳۱۰),1373
3.0,5.0,هوشنگ پورکریم,مردم‌شناس (زاده ۱۳۱۱),1373
2.0,5.0,توران امیرسلیمانی,همسر سوم رضاشاه (زاده ۱۲۸۳),1373
8.0,5.0,ابراهیم زرین‌قلم,خوشنویس (زاده ۱۲۸۴),1373
25.0,5.0,سید احمد فردید,فیلسوف و متفکر (زاده ۱۲۸۹),1373
1.0,6.0,امیرمهدی بدیع,نویسنده و تاریخ‌نگار (زاده ۱۲۹۴),1373
14.0,6.0,فرهنگ مهرپرور,بازیگر (زاده ۱۳۲۴),1373
15.0,6.0,محمدرضا ایرانی,طراح و نقاش (زاده ۱۳۳۳),1373
26.0,7.0,علی سجادی حسینی,کارگردان و فیلمنامه‌نویس (زاده ۱۳۳۳),1373
30.0,7.0,محمدعلی نظران,سیاستمدار و افسر نظامی (زاده ۱۳۱۱),1373
8.0,8.0,مش اسماعیل,مجسمه‌ساز (زاده ۱۳۰۲),1373
12.0,8.0,سید رضا صدر,برادر بزرگ سید موسی صدر (زاده ۱۳۰۰),1373
22.0,8.0,مهرداد بهار,نویسنده و پژوهشگر و پنجمین فرزند ملک الشعرای بهار (زاده ۱۳۰۹),1373
6.0,9.0,علی‌اکبر سعیدی سیرجانی,ادیب، پژوهشگر و فعال سیاسی (زاده ۱۳۱۰),1373
8.0,9.0,آیت‌الله العظمی محمدعلی اراکی,فقیه و مرجع تقلید (زاده ۱۲۷۳),1373
15.0,9.0,رجبعلی امیری فلاح,خواننده (زاده ۱۲۸۰),1373
10.0,10.0,رقیه چهره‌آزاد,هنرپیشه تئاتر و سینما (زاده ۱۲۸۶),1373
15.0,10.0,شهید امیر سرلشکر منصور ستاری,از فرماندگان نیروی هوایی ارتش جمهوری اسلامی ایران و رزمنده جنگ ایران و عراق (زاده ۱۳۲۷),1373
15.0,10.0,شهید سرلشکر خلبان مصطفی اردستانی,از فرماندگان نیروی هوایی ارتش جمهوری اسلامی ایران و رزمنده جنگ ایران و عراق (زاده ۱۳۲۸),1373
15.0,10.0,شهید سرلشکر علیرضا یاسینی,خلبان و رزمنده جنگ ایران و عراق (زاده ۱۳۳۰),1373
26.0,10.0,مرتضی عبدالرسولی,خوشنویس (زاده ۱۲۸۴),1373
1.0,11.0,مهدی بازرگان,سیاستمدار، هفتاد و پنجمین نخست‌وزیر ایران، عضو جبهه ملی ایران، مؤسس نهضت آزادی ایران، استاد دانشگاه و رئیس دانشکده فنی دانشگاه تهران (زاده ۱۲۸۶),1373
14.0,11.0,عباس زریاب خویی,مورخ، ادیب، نویسنده و مترجم (زاده ۱۲۹۸),1373
15.0,11.0,نادر بیات,بازیگر (زاده ۱۳۱۸),1373
15.0,12.0,محمد زهری,شاعر (زاده ۱۳۰۵),1373
25.0,12.0,سید احمد خمینی,دومین پسر سید روح‌الله خمینی (زاده ۱۳۲۴),1373
20.0,1.0,حسین سرشار,خواننده اپرا (زاده ۱۳۱۳),1374
20.0,1.0,پیمان سنندجی‌زاده,بازیگر (زاده ۱۳۵۲),1374
25.0,1.0,محمدجواد مشکور,زبانشناس و نویسنده (زاده ۱۲۹۷),1374
17.0,2.0,گیتی پاشایی,خواننده و بازیگر (زاده ۱۳۱۹),1374
22.0,2.0,رضا عبده,کارگردان تئاتر (زاده ۱۳۴۱),1374
29.0,2.0,علامه شیخ محمدتقی شوشتری,فقیه  (زادهٔ ۱۳۲۰ هـ.ق.),1374
20.0,3.0,علی اصغر بهاری,نوازنده کمانچه (زاده ۱۲۸۴),1374
4.0,4.0,مصلح‌الدین مهدوی,اصفهانشناس، نویسنده، پژوهشگر و تارینگار (زاده ۱۲۹۴),1374
13.0,4.0,کریم سنجابی,رهبر جبهه ملی ایران، وزیر فرهنگ در دولت محمد مصدق و نود و سومین وزیر خارجه ایران در دولت مهدی بازرگان (زاده ۱۲۸۳),1374
17.0,4.0,آیت‌الله سید محمدحسین حسینی طهرانی,فیلسوف، عارف و فقیه شیعه (زاده ۱۳۰۵),1374
3.0,5.0,عصمت دولتشاهی,ملکه ایران و آخرین همسر رضاشاه (زاده ۱۲۸۴),1374
6.0,5.0,اکبر محسنی,آهنگساز (زاده ۱۲۹۱),1374
12.0,5.0,دکتر اسفندیار اسفندیاری,پژوهشگر، گیاه شناس، قارچ‌شناس و استاد دانشگاه (زاده ۱۲۸۸),1374
13.0,6.0,عبدالله سوری,سیاستمدار (زاده ۱۳۰۰),1374
15.0,6.0,رضا گنجه‌ای,نویسنده و روزنامه نگار (زاده ۱۲۸۶),1374
23.0,6.0,فرهاد فریدپاک,بنیان‌گذار شیلات شمال ایران (زاده ۱۲۸۹),1374
7.0,7.0,آیت‌الله حسن صافی اصفهانی,فقیه (زاده ۱۲۹۸),1374
12.0,7.0,هژیر داریوش,کارگردان سینما (زاده ۱۳۱۷),1374
2.0,8.0,احمد میر علائی,محقق و مترجم (زاده ۱۳۲۱),1374
19.0,8.0,هنریک تمرز,وزنه‌بردار ایرانی ارمنی تبار (زاده ۱۳۱۴),1374
21.0,8.0,حمید دیرین,خوشنویس (زاده ۱۳۱۵),1374
6.0,9.0,سید صادق گوهرین,نویسنده، محقق و مصحح (زاده ۱۲۹۳),1374
20.0,9.0,ابوالحسن صدیقی,نقاش و مجسمه ساز (زاده ۱۲۷۳),1374
2.0,10.0,منوچهر  حامدی,بازیگر (زاده ۱۳۱۸),1374
8.0,10.0,مهدی امیرقاسم خانی,کارگردان و فیلم بردار (زاده ۱۳۰۶),1374
6.0,11.0,شیخ جعفر مجتهدی,عارف (زاده ۱۳۰۳),1374
6.0,11.0,سیروس آتابای,مترجم، شاعر و نویسنده و نوه رضاشاه پهلوی (زاده ۱۳۰۸),1374
8.0,11.0,محقق طباطبایی,محقق و کتابشناس (زاده ۱۳۰۸),1374
15.0,11.0,نصرت‌الله کاسمی,پزشک و سیاستمدار (زاده ۱۲۹۰),1374
19.0,11.0,سیاوش کسرایی,شاعر، نقاش و از اعضای کانون نویسندگان ایران (زاده ۱۳۰۵),1374
27.0,11.0,محمدجعفر محجوب,نویسنده، محقق و فرهنگ‌نویس (زاده ۱۳۰۳),1374
10.0,12.0,یونس دردشتی,خواننده (زاده ۱۲۸۸),1374
10.0,12.0,شمس پهلوی,دومین فرزنده رضاشاه (زاده ۱۲۹۶),1374
12.0,12.0,امیر بیداریان‌نژاد,نوازنده تمبک (زاده ۱۳۱۱),1374
26.0,12.0,ایران دفتری,از بازیگران زن پیشگام سینمای ایران (زاده ۱۲۸۶),1374
1.0,1.0,کلارا آبکار,نگارگر، مینیاتوریست و تذهیب کار ایرانی ارمنی‌تبار (زاده ۱۲۹۴),1375
5.0,1.0,دکتر محمداسماعیل رضوانی,استاد تاریخ معاصر ایران (زاده ۱۳۰۰),1375
29.0,1.0,جلال مقدم,منتقد و بازیگر سینما. (زاده ۱۳۰۸),1375
2.0,2.0,غزاله علیزاده,داستان‌نویس ایرانی. (زاده ۱۳۲۷),1375
8.0,2.0,جعفر روحبخش,از نقاشان مکتب سقاخانه (زاده ۱۳۱۷),1375
15.0,2.0,حسین کاظمی (نقاش),نقاش (زاده ۱۳۰۳),1375
19.0,2.0,محمدصادق سعیدی,عالم شیعه (زاده ۱۳۱۲),1375
25.0,2.0,میرزا سروش لهراسب,نویسنده و شاعر زرتشتی (زاده ۱۲۸۳),1375
31.0,2.0,عیسی صفایی,بازیگر (زاده ۱۳۰۵),1375
7.0,3.0,رضا مظلومان,از اعضای سازمان درفش کاویانی و از قربانیان قتل‌های زنجیره‌ای ایران (زاده ۱۳۱۴),1375
17.0,3.0,اکبر جنتی شیرازی,بازیگر (زاده ۱۳۰۰),1375
18.0,3.0,غلامحسین نقشینه,بازیگر (زاده ۱۲۸۷),1375
5.0,4.0,فیروز آذرگشسپ,موبد و نویسنده (زاده ۱۲۸۴),1375
9.0,4.0,نریمان شیری‌فرد,بازیگر (زاده ۱۳۱۲),1375
3.0,5.0,سید ضیاءالدین سجادی,استاد دانشگاه، پژوهشگر، مترجم و مصحح (زاده ۱۲۹۹),1375
7.0,5.0,عبدالله فرادی,خوشنویس (زاده ۱۳۰۶),1375
7.0,6.0,کریم فکور,حقوقدان، شاعر و ترانه‌سرا (زاده ۱۳۰۴),1375
19.0,6.0,ولی‌الله خاکدان,طراح صحنه (زاده ۱۳۰۲),1375
21.0,6.0,چنگیز شهوق,نقاش و مجسمه‌ساز (زاده ۱۳۱۲),1375
9.0,7.0,محمد مقدم,زبانشناس (زاده ۱۲۸۷),1375
1.0,8.0,فرزین مقصودلو,یکی از قربانیان قتل‌های زنجیره‌ای ایران,1375
8.0,8.0,عبدالله جهان‌پناه,موسیقیدان (زاده ۱۲۹۶),1375
13.0,8.0,سیامک سنجری,یکی از قربانیان قتل‌های زنجیره‌ای ایران (زاده ۱۳۴۷),1375
20.0,8.0,غفار حسینی,شاعر و مترجم و از قربانیان قتل‌های زنجیره‌ای ایران (زاده ۱۳۱۴),1375
22.0,8.0,سید مرتضی پسندیده,برادر سید روح‌الله خمینی (زاده ۱۲۷۵),1375
11.0,9.0,محمد ربیعی,مفتی مذهب شافعی و از قربانیان قتل‌های زنجیره‌ای ایران به قتل رسید (زاده ۱۳۱۱),1375
15.0,9.0,علی حاتمی,فیلمنامه‌نویس و کارگردان (زاده ۱۳۲۳),1375
27.0,9.0,محمد تقی دانش‌پژوه,نویسنده، موسیقیدان و مترجم (زاده ۱۲۹۰),1375
28.0,9.0,سروژ استپانیان,مترجم ایرانی ارمنی‌تبار (زاده ۱۳۰۸),1375
28.0,9.0,حسین عمرانی,بازیگر (زاده ۱۳۲۸),1375
3.0,10.0,جهانشاه صالح,وزبر بهداشت در زمان نخست‌وزیری سپهبد حاج‌علی رزم‌آرا و نهمین رئیس دانشگاه تهران (زاده ۱۲۸۳),1375
7.0,10.0,بهرام ری‌پور,کارگردان و فیلمنامه‌نویس (زاده ۱۳۱۵),1375
7.0,10.0,مژگان پوریگانه,بازیگر (زاده ۱۳۴۹),1375
8.0,10.0,آنیک شفرازیان,بازیگر تئاتر، سینما و تلویزیون ایرانی. (زاده ۱۲۸۹),1375
10.0,10.0,عبدالجواد فلاطوری,اسلام‌شناس (زاده ۱۳۰۴),1375
25.0,10.0,احمد تفضلی,زبانشناس، ایران‌شناس، پژوهشگر و استاد دانشگاه (زاده ۱۳۱۶),1375
14.0,11.0,فیروزه صابری,هنرمند (زاده ۱۳۲۵),1375
21.0,11.0,بزرگ علوی,نویسنده، سیاستمدار چپ‌گرا، روزنامه‌نگار و پدر داستان‌نویسی ایران (زاده ۱۲۸۲),1375
27.0,11.0,باغدان یگانیان,فیلمبردار ایرانی ارمنی‌تبار (زاده ۱۳۰۰),1375
30.0,11.0,شایان حامدی,شاعر (زاده ۱۳۴۴),1375
2.0,12.0,سید محمدعلی رحیمی,رایزن فرهنگی و مسئول خانه فرهنگ جمهوری اسلامی ایران در پاکستان که توسط گروه جنگهوی کشته شد (زاده ۱۳۳۶),1375
2.0,12.0,همتعلی سالم,نوازنده کمانچه (زاده ۱۲۹۶),1375
11.0,12.0,احمد ایزدپناه,از بنیانگذاران ورزش دو و میدانی نوین در ایران (زاده ۱۲۸۹),1375
26.0,12.0,ایرج دوستدار,دوبلور (زاده ۱۳۰۹),1375
16.0,1.0,مازیار (خواننده),خواننده (زاده ۱۳۳۱),1376
2.0,2.0,علی سلیمی,نوازنده تار (زاده ۱۳۰۱),1376
2.0,2.0,تقی مدرسی,نویسنده (زاده ۱۳۱۱),1376
10.0,2.0,روح‌انگیز سامی‌نژاد,بازیگر و اولین بازیگر زن درسینمای ایران در اولین فیلم ناطق سینمای ایران به نام دختر لر (زاده ۱۲۹۵),1376
2.0,3.0,احمد پارسا,نخستین استاد گیاه‌شناسی دانشگاه تهران (زاده ۱۲۸۶),1376
31.0,3.0,سید محمدباقر سلطانی,فقیه (زاده ۱۲۹۲),1376
1.0,4.0,ابراهیم منصفی,شاعر، ترانه سرا، خنیاگر و نویسنده (زاده ۱۳۲۴),1376
10.0,4.0,محمدعلی مجتهدی گیلانی,استاد دانشکده فنی دانشگاه تهران، رئیس دبیرستان البرز و بنیان‌گذار دانشگاه صنعتی شریف (زاده ۱۲۸۷),1376
27.0,4.0,ناصر مهدی‌پور,کارگردان (زاده ۱۳۳۴),1376
28.0,4.0,آیت‌الله سید رضا بهاءالدینی,فقیه و عارف شیعه اهل ایران (زاده ۱۲۸۷),1376
3.0,5.0,آیت‌الله العظمی سید محمد روحانی,فقید و روحانی و از مراجع تقلید شیعه (زاده ۱۲۹۹),1376
23.0,5.0,ناصر فرهنگ فر,نوازنده تنبک (زاده ۱۳۲۶),1376
4.0,6.0,بیژن نجدی,شاعر و داستان‌نویس (زاده ۱۳۲۰),1376
6.0,6.0,سید جلیل سیدزاده,سیاستمدار (زاده ۱۳۱۹),1376
9.0,6.0,استاد محمدکریم پیرنیا,پدر معماری سنتی ایران (زاده ۱۲۹۹),1376
11.0,7.0,منوچهر مطیعی,داستان‌نویس و فیلمنامه‌نویس (زاده ۱۳۰۴),1376
14.0,8.0,بابکن چوگاسزیان,ایران‌شناس و خاورشناس ایرانی ارمنی تبار (زاده ۱۳۰۲),1376
14.0,8.0,علی تابش,گوینده رادیو و کمدین (زاده ۱۳۰۴),1376
15.0,8.0,جهانگیر فروهر,بازیگر و پدر لیلا فروهر (زاده ۱۲۹۵),1376
17.0,8.0,محمدعلی جمال‌زاده,نویسنده و پدر داستان‌نویسی ایران (زاده ۱۲۷۰),1376
17.0,8.0,پروین صوفی,سیاستمدار (زاده ؟),1376
8.0,9.0,غلامحسین فیض اللهی,از برجسته‌ترین میناسازان (زاده ۱۳۰۷),1376
21.0,9.0,مظفر سلطانی,بازیگر (زاده ۱۳۱۸),1376
23.0,9.0,شاه‌میرزا مرادی,نوازنده سرنا (زاده ۱۳۰۷),1376
5.0,10.0,محسن دولو,کاریکاتوریست (زاده ۱۲۹۹),1376
18.0,10.0,عبدالواحد خنجی,روزنامه نگار (زاده ۱۳۰۷),1376
21.0,10.0,کامبیز صمیمی‌مفخم,طراح عروسک، طراح صحنه و لباس، عروسک‌ساز، عروسک گردان و کارگردان (زاده ۱۳۳۱),1376
24.0,10.0,محمد قاضی,مترجم (زاده ۱۲۹۲),1376
26.0,10.0,محمود حلبی,روحانی شیعه (زاده ۱۲۷۹),1376
13.0,11.0,علی تبریزلی,شاعر و نویسنده (زاده ۱۳۰۸),1376
7.0,1.0,لرتا,بازیگر تئاتر و سینما ایرانی ارمنی‌تبار (زاده ۱۲۹۰),1377
14.0,1.0,احمد آرام,مترجم و نویسنده و از تدوین کنندگان دائرةالمعارف فارسی (زاده ۱۲۸۱),1377
18.0,1.0,سیروس قایقران,بازیکن فوتبال (زاده ۱۳۴۰),1377
4.0,3.0,فرشته جنابی,بازیگر (زاده ۱۳۲۷),1377
26.0,3.0,جعفر شریف‌امامی,شصت و پنجمین و هفتاد و یکمین نخست‌وزیر ایران (زاده ۱۲۹۱),1377
10.0,4.0,سهراب شهید ثالث,کارگردان، فیلنامه‌نویس و مترجم (زاده ۱۳۲۳),1377
13.0,4.0,صادق چوبک,نویسنده و پدر داستان‌نویسی ایران (زاده ۱۲۹۵),1377
17.0,5.0,ناصر ریگی,سرکنسول ایران در مزارشریف افغانستان که توسط نیروهای طالبان به قتل رسید (زاده ؟),1377
17.0,5.0,محمود صارمی,خبرنگار ایرانی و مسئول دفتر خبرگزاری جمهوری اسلامی ایران در مزارشریف که توسط نیروهای طالبان به قتل رسید (زاده ۱۳۴۷),1377
25.0,5.0,غلامحسین بیگدلی,شاعر، ادیب، خوشنویس و پژوهشگر (زاده ۱۲۹۷),1377
1.0,6.0,اسدالله لاجوردی,رئیس زندان اوین و دادستان انقلاب تهران که توسط سازمان مجاهدین خلق ایران ترور شد (زاده ۱۳۱۲),1377
6.0,6.0,تیمسار ارتشبد حسن طوفانیان,نظامی (زاده ۱۲۹۲),1377
31.0,6.0,حمید حاجی‌زاده متخلص به سحر,شاعر ایرانی و از قربانیان قتل‌های زنجیره‌ای (زاده ۱۳۲۹),1377
18.0,7.0,مصطفی مقربی,نویسنده، پژوهشگر و زبانشناس (زاده ۱۲۹۳),1377
25.0,8.0,محمدتقی جعفری,فیلسوف، مولوی‌شناس، جامعه‌شناس، روان‌شناس و از مفسران نهج البلاغه (زاده ۱۳۰۴),1377
28.0,8.0,مجید شریف,نویسنده و مترجم و از نویسندگان ماهنامه ایران فردا و از قربانیان قتل‌های زنجیره‌ای ایران (زاده ۱۳۲۹),1377
29.0,8.0,سید ابوالفضل قاضی,حقوقدان، شاعر و نویسنده (زاده ۱۳۱۰),1377
1.0,9.0,داریوش فروهر,دبیرکل حزب ملت ایران و وزیر کار در دولت مهدی بازرگان و از قربانیان قتل‌های زنجیره‌ای ایران و همسر پروانه اسکندری (زاده ۱۳۰۷),1377
1.0,9.0,پروانه اسکندری,عضو جبهه ملی ایران و نخستین زن عضو این جبهه و از قربانیان قتل‌های زنجیره‌ای ایران و همسر داریوش فروهر (زاده ۱۳۱۷),1377
2.0,9.0,وجیه‌الله فاضل,دادستان تهران پیش از انقلاب (زاده ۱۲۸۶),1377
7.0,9.0,حمید مصدق,شاعر و حقوقدان (زاده ۱۳۱۸),1377
10.0,9.0,عایشه عبدالرحمان,نویسنده، شاعر، متفکر و معلم فقه و اخلاق مصری (زاده ۱۲۹۲),1377
12.0,9.0,محمد مختاری,شاعر، نویسنده، مترجم و منتقد چپ‌گرای ایرانی و از فعالینِ کانون نویسندگان ایران که در جریان ترورهای موسوم به قتل‌های زنجیره‌ای ایران توسط عوامل وزارت اطلاعات به قتل رسید (زاده ۱۳۲۱),1377
18.0,9.0,محمد جعفر پوینده,مترجم، نویسنده و جامعه‌شناس و از اعضای کانون نویسندگان ایران که در جریان ترورهای موسوم به قتل‌های زنجیره‌ای ایران توسط عوامل وزارت اطلاعات به قتل رسید (زاده ۱۳۳۳),1377
27.0,9.0,محمدتقی فلسفی,واعظ و از شخصیت‌های مبارز انقلاب اسلامی ایران (زاده ۱۲۸۷),1377
22.0,10.0,جمشید امینی,از بزرگ‌ترین طراحان فرش نوین ایران (زاده ۱۲۸۲),1377
30.0,10.0,شکرالله رفیعی,کارگردان و تهیه‌کننده (زاده ۱۲۹۹),1377
4.0,11.0,ابراهیم صهبا,نویسنده و شاعر و روزنامه‌نگار (زاده ۱۲۹۰),1377
11.0,11.0,احمد آذری قمی,دادستان انقلاب تهران (زاده ۱۳۰۳),1377
12.0,11.0,محمدتقی مسعودیه,موسیقیدان و آهنگساز (زاده ۱۳۰۶),1377
29.0,11.0,آیت‌الله العظمی سید محمد صدر,از مراجع تقلید بنام شیعه عراقی (زاده ۱۳۲۲),1377
6.0,12.0,ابوالحسن ابتهاج,سیاستمدار (زاده ۱۲۷۸),1377
10.0,12.0,جمشیدسروش سروشیان,نویسنده، تاریخدان، زبانشناس، کتابشناس و اوستاپژوه و موبد زرتشتیان کرمان (زاده ۱۲۹۳),1377
14.0,12.0,خانبابا بیانی,نویسنده، استاد دانشگاه، تاریخدان، مترجم و بنیان‌گذار دانشگاه تبریز (زاده ۱۲۸۸),1377
21.0,12.0,آیت‌الله محمود انصاری قمی,عالم شیعه (زاده ۱۳۰۰),1377
25.0,12.0,سیروس طاهباز,نویسنده و مترجم (زاده ۱۳۱۸),1377
14.0,1.0,احمد آرام,مترجم و نویسنده (زاده ۱۲۸۳),1378
19.0,1.0,عفت تجارت‌چی,اولین خلبان زن ایرانی (زاده ۱۲۹۶),1378
21.0,1.0,امیر سپهبد علی صیاد شیرازی,فرمانده نیروی زمینی ارتش جمهوری اسلامی ایران {ترور} (زادهٔ ۱۳۲۳),1378
24.0,1.0,داریوش کوشان,کارگردان (زاده ۱۳۳۰),1378
7.0,2.0,غلامعلی رعدی آذرخشی,شاعر (زادهٔ ۱۲۸۸),1378
8.0,2.0,احمد نجیب‌زاده,فیلمنامه‌نویس و کارگردان (زاده ۱۳۱۹),1378
15.0,2.0,نصرالله خادم,بنیان‌گذار سازمان زمین‌شناسی و اکتشافات معدنی کشور (زاده ۱۲۸۹),1378
2.0,3.0,مرتضی راوندی,تاریخ‌نویس و هنرپیشه (زادهٔ ۱۳۰۹),1378
12.0,3.0,ملکه ملک‌زاده بیانی,باستان‌شناس و سکه‌شناس (زاده ۱۲۸۹),1378
20.0,3.0,ذبیح‌الله صفا,پژوهشگر و نویسنده (زادهٔ ۱۲۹۰),1378
20.0,3.0,سعید امامی,از مأمورین بلندپایه وزارت اطلاعات جمهوری اسلامی ایران و عامل اصلی قتل‌های زنجیره‌ای ایران (زادهٔ ۱۳۳۶),1378
20.0,3.0,عبدالله توکل,مترجم (زادهٔ ۱۳۰۳),1378
20.0,3.0,مهدی تاکستانی,موسیقیدان (زادهٔ ۱۳۰۴),1378
6.0,4.0,گارگین ساروخانیان,پزشک ایرانی ارمنی‌تبار (زاده ۱۳۰۲),1378
18.0,4.0,عزت‌الله ابراهیم‌نژاد,کشته شده در وقایع حمله به کوی دانشگاه تهران (زاده ؟),1378
18.0,4.0,فرشته علیزاده,کشته شده در وقایع حمله به کوی دانشگاه تهران (زاده ؟),1378
18.0,4.0,تامی حامی‌فر,کشته شده در وقایع حمله به کوی دانشگاه تهران (زاده ؟),1378
18.0,4.0,آیت‌الله مهدی حائری یزدی,فیلسوف و فقیه شیعه و اولین سفیر ایران در آمریکا پس از انقلاب (زاده ۱۳۰۲),1378
25.0,4.0,حمید نطقی,نویسنده، مؤلف، شاعر (زاده ۱۲۹۹),1378
8.0,5.0,جلال‌الدین مجتبوی,فیلسوف (زاده ۱۳۰۷),1378
15.0,5.0,پرویز شاپور,نویسنده و طنزپرداز و همسر فروغ فرخزاد (زاده ۱۳۰۲),1378
18.0,5.0,میرزا رحیم سامت,فقیه و عالم (زاده ۱۲۸۱),1378
3.0,6.0,علی قهاری,مجسمه‌ساز (زاده ۱۳۰۵),1378
24.0,6.0,عبدالحسین زرین کوب,عارف، ادیب، تاریخ‌نگار، نویسنده، منتقد ادبی و مترجم (زادهٔ ۱۳۰۱),1378
25.0,6.0,عبدالله توکل,مترجم (زاده ۱۳۰۳),1378
13.0,7.0,روح‌الله امامی,تدوینگر (زادهٔ ۱۳۱۹),1378
13.0,7.0,پهلوان یعقوبعلی شورورزی,کشتی‌گیر (زاده ۱۳۰۲),1378
21.0,7.0,هادی روحانی,امام جمعه بابل (زاده ۱۳۰۲),1378
21.0,7.0,تیمسار سرلشکر قاسمعلی ظهیرنژاد,از فرماندگان بلند مرتبه ارتش ایران (زاده ۱۳۰۳),1378
4.0,8.0,نورالدین کیانوری,از اعضای حزب توده (زادهٔ ۱۲۹۴),1378
4.0,8.0,منصور صارمی,موسیقیدان (زاده ۱۳۱۳),1378
21.0,8.0,جهانگیر پارساخو,روزنامه‌نگار و طراح جدول در مطبوعات ایران (زاده ۱۳۱۳),1378
4.0,9.0,هرمز وحید,گرافیست (زاده ۱۳۰۷),1378
6.0,9.0,جعفر شهری,نویسنده (زادهٔ ۱۲۹۳),1378
17.0,9.0,حسین مکی,روزنامه‌نگار و سیاستمدار (زاده ۱۲۹۰),1378
19.0,9.0,مهدی تاکستانی,نوازنده تار (زاده ۱۳۰۴),1378
25.0,9.0,غلامحسین بهمنیار,بازیگر (زاده ۱۳۰۶),1378
30.0,9.0,جلیل ضیاءپور,نقاش، پژوهشگر و مؤلف (زاده ۱۲۹۹),1378
15.0,10.0,ملوک ضرابی,خواننده موسیقی سنتی ایران (زاده ۱۲۸۶),1378
22.0,10.0,فیروز بهجت محمدی,بازیگر (زادهٔ ۱۳۱۵),1378
24.0,10.0,بیژن جلالی,شاعر (زاده ۱۳۰۶),1378
30.0,10.0,جهانگیر حق‌شناس,وزیر راه در کابینه دوم محمد مصدق (زاده ۱۲۸۹),1378
11.0,11.0,جعفر سلماسی,وزنه‌بردار (زاده ۱۲۹۰),1378
12.0,11.0,شاپور بنیاد,شاعر (زاده ۱۳۲۶),1378
21.0,11.0,علی اردلان,اولین وزیر دارایی جمهوری اسلامی (زاده ۱۲۹۳),1378
29.0,11.0,نادر نادرپور,شاعر معاصر (زادهٔ ۱۳۰۸),1378
4.0,12.0,سید علینقی نقوی,سیاستمدار (زاده ۱۳۱۳),1378
23.0,12.0,رستم شهزادی,از مترجمین گاهان و متونِ مزدیسنا، موبد و موبدان‌موبدِ (زاده ۱۲۹۱),1378
28.0,12.0,بابکن آودیسیان,تهیه‌کننده سینما ایرانی ارمنی‌تبار بود.,1378
4.0,1.0,رافیک آرزومانیان,فیلمبردار و تصویر بردار ایرانی ارمنی‌تبار (زاده ۱۳۲۳),1379
14.0,1.0,عباس سحاب,جغرافی‌دان و نقشه نگار (زاده ۱۳۰۰),1379
17.0,1.0,نعمت‌الله گرجی,بازیگر ایرانی (زادهٔ ۱۳۰۵),1379
18.0,1.0,محمدعلی فردین,بازیگر، کارگردان و کشتی‌گیر آزاد کار (زادهٔ ۱۳۰۹),1379
18.0,1.0,سیروس جراح‌زاده,بازیگر و کارگردان (زاده ۱۳۰۹),1379
28.0,1.0,جواد شیخ‌الاسلامی,تاریخنگار (زاده ۱۳۰۰),1379
29.0,1.0,احمد مندوب هاشمی,بازیگر، دوبلور و مجری ایرانی,1379
8.0,2.0,نورالدین رضوی سروستانی,استاد آواز (زاده ۱۳۱۴),1379
16.0,2.0,عبدالله شیبانی,پانزدهمین رئیس دانشگاه تهران (زاده ۱۲۸۲),1379
16.0,2.0,احمد گلچین معانی,شاعر ایرانی (زادهٔ ۱۲۹۵),1379
21.0,2.0,شیخ علی حجتی کرمانی,خطیب و نویسنده (زاده ۱۳۱۶),1379
12.0,3.0,سید عباس ابوترابی‌فرد,سیاستمدار (زاده ۱۲۹۵),1379
12.0,3.0,سید علی‌اکبر ابوترابی‌فرد,سیاستمدار (زاده ۱۳۱۸),1379
13.0,3.0,آنتونی کوئین,بازیگر آمریکایی (زاده ۱۲۹۴),1379
16.0,3.0,هوشنگ گلشیری,نویسنده ایرانی (زادهٔ ۱۳۱۶),1379
27.0,3.0,نصرت رحمانی,شاعر (زادهٔ ۱۳۰۸),1379
14.0,4.0,مهرانگیز منوچهریان,سیاست‌مدار ایرانی (زادهٔ ۱۲۸۵),1379
18.0,4.0,اف‌ام ۲۰۳۰ (فریدون م اسفندیاری),نویسنده، فیلسوف، نظریه‌پرداز ترابشریت، مشاور و آینده‌پژوه (زاده ۱۳۰۹),1379
24.0,4.0,سعید رابعی,گوینده رادیو (زاده ۱۳۳۳),1379
24.0,4.0,یحیی مهدوی,فیلسوف (زاده ۱۲۸۷),1379
19.0,5.0,عبدالحسین سمیعی,وزیر علوم و آموزش عالی ایران در دولت امیرعباس هویدا (زاده ۱۳۰۹),1379
2.0,5.0,احمد شاملو,شاعر، نویسنده، روزنامه‌نگار، پژوهشگر، مترجم و فرهنگ‌نویس (زادهٔ ۱۳۰۴),1379
21.0,5.0,روبیک منصوری,آهنگ ساز، تنظیم‌کننده موسیقی (زاده ۱۳۱۶),1379
21.0,6.0,میرزا علی احمدی میانجی,روحانی شیعه (زاده ۱۳۰۵),1379
27.0,6.0,محمدتقی شکرایی,بازیگر و تهیه‌کننده (زاده ۱۳۰۴),1379
14.0,7.0,فریدون گرایلی,معلم، پژوهشگر، نویسنده، شاعر (زاده ۱۳۲۱),1379
29.0,8.0,ایرج وامقی,شاعر و زبان‌شناس (زاده ۱۳۱۱),1379
3.0,8.0,فریدون مشیری,شاعر ایرانی (زادهٔ ۱۳۰۵),1379
19.0,8.0,محسن کلهر,صدابردار و صداگذار (زاده ۱۳۱۷),1379
9.0,9.0,فریده قطبی,مادر فرح پهلوی.,1379
11.0,9.0,علی‌اصغر گرمسیری,بازیگر تئاتر (زاده ۱۲۹۰),1379
9.0,10.0,هوشنگ حسامی,روزنامه‌نگار و کارگردان (زاده ۱۳۱۷),1379
28.0,10.0,یحیی ذکا,محقق ایرانی (زادهٔ ۱۲۹۱),1379
6.0,1.0,محمدعلی گویا,شاعر و طنز پرداز (زاده ۱۳۱۳),1380
11.0,1.0,محمدباقر نیو,بنیان‌گذار صنعت کاشی، نساجی جدید، ضرابخانه و چینی‌سازی در ایران و اولین دانش آموخته مهندسی در ایران (زاده ۱۲۸۸),1380
12.0,1.0,سرتیپ دوم جلیل زندی,خلبان (زاده ۱۳۳۰),1380
29.0,1.0,عزت‌الله دامادی,سیاستمدار (زاده ۱۳۲۹),1380
7.0,2.0,ژوزف واعظیان,تهیه‌کننده، نویسنده و کارگردان تئاتر و سینما (زادهٔ ۱۲۹۷),1380
27.0,2.0,اترک طیار,سیاستمدار (زاده ۱۳۳۴),1380
27.0,2.0,رحمان دادمان - وزیر راه و ترابری در دولت محمد خاتمی,,1380
3.0,3.0,جمیله شیخی,هنرپیشه (زادهٔ ۱۳۰۹),1380
14.0,3.0,صادق احسانبخش,امام جمعه رشت (زاده ۱۳۰۹),1380
20.0,3.0,لیلا پهلوی,شاهدخت و پنجمین فرزند محمدرضا پهلوی (زادهٔ ۱۳۴۹),1380
11.0,4.0,هارون شفیقی,شاعر (زاده ۱۲۹۶),1380
28.0,4.0,منصور والامقام,بازیگر و دوبلور (زاده ۱۳۱۵),1380
30.0,4.0,جعفر پورهاشمی,آهنگساز، نوازننده و خواننده (زاده ۱۳۰۵),1380
1.0,5.0,جعفر شعار,قرآن پژوه (زاده ۱۳۰۴),1380
8.0,5.0,امیر حسین آریان پور,نویسنده، فرهنگ‌نویس، مترجم و استاد دانشگاه (زادهٔ ۱۳۰۳),1380
9.0,5.0,جعفر بدیعی,روزنامه‌نگار ایرانی و از بنیان‌گذاران مجله کیهان بچه‌ها (زاده ۱۲۹۴),1380
11.0,5.0,غلامرضا دادبه,ایرانشناس و موسیقی دان (زاده ۱۲۹۹),1380
19.0,5.0,علی‌اصغر عسگریان,کارگردان (زاده ۱۳۲۸),1380
26.0,5.0,علی موحدی ساوجی,سیاستمدار (زاده ۱۳۲۲),1380
9.0,6.0,اسماعیل صالحی مازندرانی,از مراجعه تقلید شیعه (زاده ۱۳۱۲),1380
11.0,6.0,شاپور بخشایی,بازیگر (زاده ۱۳۱۳),1380
18.0,6.0,احمد شاه مسعود,رهبر تاجیکان افغانستان (زادهٔ ۱۳۳۲),1380
23.0,6.0,لیلی قراگوزلو,پرورش دهنده اسب (زاده ۱۳۰۶),1380
11.0,7.0,جواد مناقبی,فقیه و استاد فلسفه (زاده ۱۳۱۰),1380
13.0,7.0,فریدون فروغی,خواننده (زادهٔ ۱۳۲۹),1380
30.0,7.0,ساموئل خاچیکیان,کارگردان، تدوینگر و آهنگساز ایرانی ارمنی تبار (زاده ۱۳۰۲),1380
3.0,8.0,ثریا اسفندیاری,ملکه ایران و دومین همسر محمدرضا پهلوی (زادهٔ ۱۳۱۱),1380
14.0,8.0,ارتشبد غلامرضا ازهاری,نظامی ایرانی و هفتاد و چهارمین نخست وزیر ایران  (زاده ۱۲۹۰).,1380
27.0,8.0,سید خلیل عالی نژاد,عارف، شاعر، آهنگساز، خواننده و نوازنده تار، ستار و دف و از رهبران مذهبی یارسان {ترور} (زادهٔ ۱۳۳۶),1380
6.0,9.0,فریدون ری‌پور,فیلمبردار (زاده ۱۳۱۷),1380
27.0,9.0,سید محمد حسینی شیرازی,مرجع تقلید شیعه و برادر سید صادق حسینی شیرازی (زاده ۱۳۰۷),1380
29.0,9.0,فریدریش لانکامرر,صحاف ایرانی آلمانی تبار (زاده ۱۳۰۲),1380
11.0,11.0,اسدالله ملک,موسیقیدان (زادهٔ ۱۳۱۷),1380
16.0,11.0,عباس اکرامی,مربی فوتبال، بنیان‌گذار مکتب شاهین و پدر باشگاه‌داری نوین ایران (زاده ۱۲۹۴),1380
10.0,12.0,دکتر صادق کیا,زبان‌شناس و تاریخ نگار (زاده ۱۲۹۹),1380
18.0,12.0,محمد پذیرایی,کشتی گیر فرنگی کار (زاده ۱۳۰۸),1380
9.0,1.0,سید حسن حسینی,شاعر، مترجم و نویسنده (زاده ۱۳۳۵),1383
12.0,1.0,ژاله کاظمی,دوبلور، گوینده، مجری تلویزیون و نقاش (زاده ۱۳۲۲),1383
14.0,1.0,محمدحسن ابراهیمی,امام جمعه گویان (زاده ۱۳۴۶),1383
19.0,1.0,علاءالدین پازارگادی,نویسنده و مترجم (زاده ۱۲۹۲),1383
2.0,2.0,سیاوش زندگانی,آهنگساز (زاده ۱۳۲۱),1383
11.0,2.0,کیومرث صابری فومنی,نویسنده با نام هنری گل آقا (زادهٔ ۱۳۲۱),1383
14.0,2.0,سوسن,خواننده (زادهٔ ۱۳۲۲),1383
15.0,2.0,احمد میرفندرسکی,سیاست‌مدار (زادهٔ ۱۲۹۷),1383
16.0,2.0,حسین منزوی,شاعر (زادهٔ ۱۳۲۵),1383
22.0,2.0,عبدالرضا پهلوی,هفتمین فرزند و چهارمین پسر رضا شاه پهلوی (زاده ۱۳۰۳),1383
29.0,2.0,فرزانه نوایی,نوازنده چنگ (زاده ۱۳۳۵),1383
9.0,3.0,مسعود امامی,استاندار قزوین (زاده ۱۳۳۲),1383
13.0,3.0,شاپور جفرودی,شاعر ترانه جان مریم (زاده ۱۳۰۷),1383
21.0,3.0,لوریک میناسیان,هنرپیشه (زادهٔ ۱۳۲۲),1383
31.0,3.0,محمد مهریار (باستان‌شناس),باستانشناس، معمار و مرمتگر (زاده ۱۳۱۸),1383
31.0,3.0,محمدرضا سرهنگی,فیلمنامه‌نویس و تهیه‌کننده (زاده ۱۳۳۴),1383
8.0,4.0,محمد رنجبر,بازیکن فوتبال (زاده ۱۳۱۳),1383
5.0,5.0,علی پهلوانی تهرانی,فقیه و عارف (زاده ۱۳۰۵),1383
14.0,5.0,حسین پناهی,شاعر، نویسنده و بازیگر (زادهٔ ۱۳۳۵),1383
11.0,6.0,دلکش,خواننده (زادهٔ ۱۳۰۳),1383
15.0,6.0,داوود کریمی,از فرماندگان ایرانی جنگ ایران و عراق (زاده ۱۳۲۶),1383
21.0,6.0,ایوب حسین‌نژادی,خلبان (زاده ۱۳۳۲),1383
24.0,6.0,حسین لرزاده,معمار و مجری ساخت آرامگاه فردوسی (زاده ۱۲۸۵),1383
28.0,6.0,غلامعلی عبیدی,بنیان‌گذار لابراتوار داروسازی دکتر عبیدی و پدر صنعت داروسازی ایران (زاده ۱۲۹۹),1383
14.0,7.0,حسنعلی مروارید,فقیه و عالم (زاده ۱۲۹۰),1383
18.0,7.0,عبدالحسین نوایی,نویسنده و تاریخ‌نگار (زاده ۱۳۰۲),1383
22.0,7.0,محمد عبایی خراسانی,از فعالان نهضت اسلامی ایران، نماینده دور اول مجلس خبرگان رهبری و از شاگردان سید روح‌الله خمینی (زاده ۱۳۱۸),1383
1.0,8.0,جهانگیر اوشیدری,موبد موبدان زرتشتیان (زاده ۱۲۹۹),1383
14.0,8.0,شرف‌الدین خراسانی,فیلسوف، مترجم و شاعر (زاده ۱۳۰۶),1383
15.0,9.0,محمود علیقلی,خواننده و مجری رادیو و تلویزیون (زاده ۱۳۳۳),1383
23.0,9.0,غلامحسین غریب,شاعر، نویسنده و موسیقی دان ایرانی. (زاده ۱۳۰۲),1383
23.0,9.0,مجتبی کاشانی,شاعر و نویسنده (زاده ۱۳۲۷),1383
25.0,9.0,ابوالقاسم تفضلی,سیاست‌مدار (زاده ۱۳۰۰),1383
30.0,9.0,رضا نقشینه,دامپزشک (زاده ۱۳۱۳),1383
10.0,10.0,پروفسور سعید شاملو,دکتر روانشناس و بنیان‌گذار روانشناسی بالینی (زاده ۱۳۰۸),1383
11.0,10.0,مسعود حجازی,حقوقدان (زاده ۱۳۰۸),1383
12.0,10.0,محمود مشروطه,بازیگر (زاده ۱۲۹۸),1383
28.0,10.0,نازنین نظام شهیدی,شاعر معاصر ایرانی (زادهٔ ۱۳۳۳),1383
22.0,11.0,شهین‌دخت سرلتی,کارآفرین و همسر همایون صنعتی‌زاده (زاده ۱۳۱۲),1383
8.0,12.0,محمدسعید فاضلی,از علمای اهل سنت منطقه خراسان (زاده ۱۳۳۰),1383
18.0,12.0,گاگیک هواکیمیان,سیاست‌مدار و روزنامه‌نگار (زاده ۱۲۹۱),1383
25.0,12.0,پرویز اتابکی,مترجم و دیپلمات (زاده ۱۳۰۷),1383
3.0,1.0,سید جلال‌الدین آشتیانی,فیلسوف (زاده ۱۳۰۴),1384
4.0,1.0,محمد مددپور,نویسنده، محقق و فیلسوف (زاده ۱۳۳۴),1384
4.0,1.0,محمدمهدی مظلوم‌زاده,محقق و نویسنده (زاده ۱۳۲۷),1384
13.0,1.0,فضل‌الله اکبری,عضو هیئت علمی و رئیس دانشکده مدیریت دانشگاه تهران (زاده ۱۳۰۰),1384
14.0,1.0,کامران داروغه,نوازنده کمانچه (زاده ۱۳۲۱),1384
19.0,1.0,اسماعیل نواب صفا,نویسنده، محقق، شاعر و ترانه سرا (زاده ۱۳۰۳),1384
23.0,1.0,شاهرخ مسکوب,محقق، نویسنده و مترجم (زادهٔ ۱۳۰۴),1384
26.0,1.0,علی زاهدی,بازیگر {بازیگر نقش قوچعلی در مجموعه‌های تلویزیونی صمد} (زاده ۱۳۲۸),1384
4.0,2.0,عزر وایزمن,رئیس‌جمهور اسرائیل (زادهٔ ۱۳۰۳),1384
7.0,2.0,ناصر پیروی,جنگلبان و رئیس اداره,1384
1.0,1.0,خدیجه ثقفی,همسر روح‌الله خمینی. (زاده ۱۲۹۲),1388
3.0,1.0,اردشیر کشاورزی,نویسنده و مترجم ایرانی (زاده ۱۳۲۴),1388
24.0,1.0,رضا فاضلی,بازیگر و مجری برنامه‌های تلویزیون. (زاده ۱۳۱۴),1388
26.0,1.0,فرح‌بخش ستودی نمین,مورخ ایرانی. (زاده ۱۳۲۱),1388
31.0,1.0,نصرت‌الله امینی,سیاست‌مدار ایرانی (زاده ۱۲۹۴),1388
4.0,2.0,بیژن ترقی,شاعر و ترانه‌سرای ایرانی. (زاده ۱۳۰۸),1388
10.0,2.0,عزیز دولت‌آبادی,شاعر ایرانی (زاده ۱۳۰۱),1388
11.0,2.0,رضا سیدحسینی,نویسنده و مترجم ایرانی. (زاده ۱۳۰۵),1388
16.0,2.0,پیمان ابدی,بدلکار ایرانی، در حین ایفای یک صحنهٔ اکشن، جان خود را از دست داد. (زاده ۱۳۵۱),1388
18.0,2.0,حسین ببی,نوازنده دایره اهل ایران (زاده ۱۳۱۵),1388
25.0,2.0,محمدامین ریاحی: ادیب,مورخ و پژوهشگر ایرانی (زاده ۱۳۰۲).,1388
27.0,2.0,محمدتقی بهجت فومنی,از عرفای به‌نام و از مراجع تقلید شیعه (زاده ۱۲۹۵),1388
31.0,2.0,قاله مره نوازنده شمشال اهل بوکان,,1388
10.0,3.0,حسن شجاعی,خواننده ایرانی (زاده ۱۳۲۰),1388
12.0,3.0,پروین سلیمانی,بازیگر ایرانی. (زاده ۱۳۰۱),1388
19.0,3.0,محمد فرخی,سیاست‌مدار ایرانی (زاده ؟),1388
20.0,3.0,محمدامین میرفندرسکی,معمار ایرانی (زاده ۱۳۱۰),1388
22.0,3.0,مصطفی کاشانی رسا,از کشته شدگان تظاهرات‌ها و اعتراض‌های مردمی پس از انتخابات در ایران (زاده ؟),1388
23.0,3.0,مهین بزرگی,صداپیشه ایرانی (زاده ۱۳۱۴),1388
23.0,3.0,میثم عبادی,از کشته شدگان تظاهرات‌ها و اعتراض‌های مردمی پس از انتخابات در ایران (زاده ۱۳۷۱),1388
7.0,4.0,جعفر بروایه,از کشته شدگان تظاهرات‌ها و اعتراض‌های مردمی پس از انتخابات در ایران (زاده ؟),1388
8.0,4.0,محمد حقوقی,شاعر و منتقد ادبی اهل ایران (زاده ۱۳۱۶),1388
10.0,4.0,یعقوب بروایه,از کشته شدگان تظاهرات‌ها و اعتراض‌های مردمی پس از انتخابات در ایران (زاده ۱۳۶۱),1388
12.0,4.0,جمشید شیبانی,خواننده ایرانی (زاده ۱۳۰۱),1388
15.0,4.0,شهریار فریوسفی,آهنگساز و نوازنده تار و سه تار ایرانی (زاده ۱۳۳۵),1388
18.0,4.0,مهدی آذر یزدی,نویسنده و شاعر ایرانی (زاده ۱۳۰۰),1388
22.0,4.0,فرخ‌لقا هوشمند,بازیگر ایرانی. (زاده ۲۵ اسفند ۱۳۰۷),1388
23.0,4.0,امیر جوادی‌فر,از کشته شده در بازداشتگاه کهریزک (زاده ۱۳۶۳),1388
24.0,4.0,مارتیک درآوانسیان,پدر اورتپدی ایران (زاده ۱۳۱۶),1388
24.0,4.0,لئون داویدیان,روانپزشک و سیاست‌مدار ایرانی (زاده ۱۳۲۳),1388
24.0,4.0,عبدی یمینی,آهنگساز و تنظیم‌کننده (زاده ۱۳۳۲),1388
24.0,4.0,محسن روح‌الامینی,از کشته شدگان در بازداشتگاه کهریزک (زاده ؟),1388
25.0,4.0,اسماعیل فصیح,داستان‌نویس و مترجم ایرانی. (زاده ۱۳۱۳),1388
26.0,4.0,مصطفی کیارستمی,از کشته شدگان تظاهرات‌ها و اعتراض‌های مردمی پس از انتخابات در ایران (زاده ۱۳۶۶),1388
27.0,4.0,رامین قهرمانی,از جانباختگان بازداشتگاه کهریزک (زاده ۱۳۵۸),1388
2.0,5.0,مهدی دادپی,از فرمانده‌های نیروی هوایی ارتش در جنگ ایران و عراق (زاده ۱۳۱۹),1388
6.0,5.0,سیف‌الله داد,تهیه‌کننده، فیلمنامه‌نویس و کارگردان ایرانی (زاده ۱۳۳۴),1388
7.0,5.0,علیرضا داوودی,فعال حقوق کارگران و فعال حقوق زنان (زاده ۱۳۶۲),1388
15.0,5.0,احمد نجاتی کارگر,از معترضین به حکومت جمهوری اسلامی (زاده ۱۳۶۶),1388
19.0,5.0,بهجت صدر,نقاش ایرانی (زاده ۱۳۰۳),1388
19.0,5.0,حسین لشکری,سرلشکر خلبان نیروی هوایی ارتش جمهوری اسلامی ایران و جانباز (زاده ۱۳۳۱),1388
25.0,5.0,حسن یوسف‌زمانی,آهنگساز و موسیقی دان ایرانی (زاده ۱۳۱۰),1388
31.0,5.0,بزرگ محمودی,که فیلم بدون دخترم هرگز، در مورد او و مردم ایران ساخته شد. (زاده ۱۳۱۸),1388
4.0,6.0,همایون صنعتی‌زاده,کارآفرین، نویسنده و مترجم ایرانی (زاده ۱۳۰۴),1388
5.0,6.0,رضا ارشدی,شیمیدان ایرانی (زاده ۱۳۲۲),1388
13.0,6.0,مشفق همدانی,خبرنگار و مترجم ایرانی (زاده ۱۲۹۱),1388
29.0,6.0,پرویز مشکاتیان,آهنگساز، موسیقی‌دان، نوازنده سرشناس سنتور، استاد دانشگاه و پژوهشگر نامی ایران. (زادهٔ ۲۴ اردیبهشت ۱۳۳۴),1388
4.0,7.0,مصطفی گرگین‌زاده,نوازنده ترومپت ایرانی (زاده ۱۳۰۱),1388
7.0,7.0,رزا حسن‌زاده آژیری,خبرنگار ایرانی (زاده ۱۳۶۰),1388
7.0,7.0,امیر زمانی‌فر,خبرنگار ایرانی (زاده ۱۳۵۸),1388
26.0,7.0,نورعلی شوشتری,جانشین فرمانده نیروی زمینی سپاه {ترور} (زاده ۱۳۲۷),1388
26.0,7.0,رجبعلی محمدزاده,فرمانده سپاه استان سیستان و بلوچستان {ترور} (زاده ۱۳۴۰),1388
1.0,8.0,رزا منتظمی,استاد آشپزی و نویسنده کتاب «هنر آشپزی» (زادهٔ ۱۳۰۱),1388
10.0,8.0,مسعود رسام,کارگردان و تهیه‌کننده تلویزیونی ایرانی (زاده ۱۳۳۶),1388
17.0,8.0,محسن آراسته,بازیگر ایرانی (زاده ۱۳۱۵),1388
17.0,8.0,امیر قویدل,فیلمنامه‌نویس و کارگردان ایرانی (زاده ۱۳۲۶),1388
18.0,8.0,مهدی سحابی,نویسنده، نقاش و مترجم ایرانی (زاده ۱۳۲۳),1388
19.0,8.0,رامین پوراندرجانی,پزشک بازداشتگاه کهریزک (زاده ۱۳۶۲),1388
20.0,8.0,احسان فتاحیان,فعال سیاسی کرد {اعدام} (زاده ۱۳۶۰),1388
21.0,8.0,جمشید لایق,بازیگر ایرانی (زاده ۱۳۱۰),1388
22.0,8.0,عباس شباویز,کارگردان ایرانی (زاده ۱۳۰۸),1388
24.0,8.0,مصطفی مهدی‌زاده,خوشنویس ایرانی (زاده ۱۳۲۸),1388
25.0,8.0,سید مرتضی نجومی,قرآن پژوه ایرانی (زاده ۱۳۰۷),1388
26.0,8.0,نیکو خردمند,صداپیشه و بازیگر ایرانی (زاده ۱۳۱۱),1388
1.0,9.0,علی کردان,وزیر استیضاح شده کشور ایران در دولت احمدی‌نژاد. (زاده ۱ آبان ۱۳۳۷),1388
2.0,9.0,مهدی قاضی خرم‌آبادی,نماینده سید روح‌الله خمینی در استان لرستان و مؤسس دانشگاه قم (زاده ۱۳۰۶),1388
18.0,9.0,فرامرز پایور,استاد برجستهٔ موسیقی ایرانی، آهنگ‌ساز و نوازنده سرشناس سنتور اهل ایران (زادهٔ ۱۳۱۱),1388
19.0,9.0,مجید سلیمانی‌پور,سیاست‌مدار ایرانی (زاده ۱۳۳۷),1388
21.0,9.0,محمد عاصمی,شاعر، نویسنده و بنیان‌گذار مجله کاوه (زاده ۱۳۲۰),1388
29.0,9.0,آیت‌الله حسین‌علی منتظری,روحانی ایرانی و مرجع تقلید شیعه (زاده ۱۳۰۱),1388
4.0,10.0,رمضان‌علی تیموری,وزنه‌بردار ایرانی (زاده ؟),1388
5.0,10.0,شبنم سهرابی,در جریان درگیری‌ها و اعتراضات روز عاشورای سال ۱۳۸۸ توسط اتوموبیل نیروی انتظامی زیر گرفته شد (زاده ۱۳۵۴),1388
5.0,10.0,مهدی فرهادی راد,از کشته شدگان تظاهرات‌ها و اعتراض‌های مردمی پس از انتخابات در ایران (زاده  ؟),1388
5.0,10.0,مهین گرجی,خبرنگار حوزه ورزشی (زاده ؟),1388
6.0,10.0,مصطفی کریم بیگی,از کشته شدگان تظاهرات‌ها و اعتراض‌های مردمی پس از انتخابات در ایران (زاده ۱۳۶۲),1388
6.0,10.0,ناصر آقایی (بوکسور),بوکسور ایرانی (زاده ۱۳۲۳),1388
9.0,10.0,خسرو فرشیدورد,زبان‌شناس ایرانی (زاده ۱۳۰۸),1388
11.0,10.0,علی گلزاده غفوری,سیاستمدار، حقوقدان و مجتهد ایرانی (زاده ۱۳۰۲),1388
14.0,10.0,علی صافی گلپایگانی,مجتهد و مرجع تقلید شیعه ایرانی (زاده ۱۲۹۱),1388
16.0,10.0,فصیح یاسمنی,زندانی سیاسی کرد ایرانی {اعدام} (زاده ۱۳۶۰),1388
18.0,10.0,امیر واحدی,پوکر باز حرفه‌ای و رزمنده جنگ ایران و عراق (زاده ۱۳۴۰),1388
19.0,10.0,محمد ایوبی,نویسنده ایرانی (زاده ۱۳۲۰ ),1388
21.0,10.0,سیمین آقارضی,نوازنده قانون ایرانی (زاده ۱۳۱۷),1388
22.0,10.0,مسعود علیمحمدی,فیزیکدان ایرانی {ترور} (زاده ۱۳۳۸),1388
25.0,10.0,بهمن جلالی,عکاس ایرانی (زاده ۱۳۲۳),1388
4.0,11.0,فهیمه محبی,همسر رضا محبی از موسسان هوانیوز ارتش قبل انقلاب و مدیر دانشنامه تشیع (زاده ۱۳۰۹),1388
5.0,11.0,منوچهر فرهنگ,اقتصاددان ایرانی (زاده ۱۲۹۸),1388
8.0,11.0,آرش رحمانی‌پور,,1388
8.0,11.0,محمدرضا علی‌زمانی,,1388
21.0,11.0,محمدرضا فاکر,عضو مجلس خبرگان رهبری (زاده ۱۳۲۴),1388
24.0,11.0,فرنگیس یگانگی,بنیان‌گذار سازمان صنایع دستی ایران (زاده ۱۲۹۵),1388
30.0,11.0,محسن ابراهیم,مترجم، نویسنده و شاعر ایرانی (زاده ۱۳۳۰),1388
1.0,12.0,کمال خان هوت,خواننده ایرانی (زاده ۱۳۲۰),1388
8.0,12.0,فرمان بهبود,پیانیست ایرانی (زاده ۱۳۲۴),1388
9.0,12.0,حسان اگزار چنانی‌زاده,موسیقی دان و خواننده ایرانی (زاده ؟),1388
14.0,12.0,محمد خوانساری,فیلسوف ایرانی (زاده ۱۳۰۰),1388
15.0,12.0,منصور امیرآصفی,فوتبالیست و استعداد یاب فوتبال (زاده ۱۳۱۲),1388
27.0,12.0,منصور خاکسار,شاعر و نویسنده ایرانی (زاده ۱۳۱۸),1388
29.0,12.0,اسدالله آزاد,دانشمند علوم کتابداری و اطلاع رسانی (زاده ۱۳۲۶),1388
2.0,1.0,احمد سمیعی گیلانی,مترجم، ویراستار و نویسنده (زاده ۱۲۹۹),1402
7.0,1.0,نورمحمد ذوالفقاری,بازیگر سینما و تلویزیون (زاده ۱۳۲۹),1402
16.0,1.0,کیومرث پوراحمد,کارگردان، تدوین‌گر و نویسنده (زاده ۱۳۲۸),1402
19.0,1.0,حسن تقی‌پور,شاعر و آهنگساز (زاده ۱۳۱۹),1402
27.0,1.0,محمد هژبر ابراهیمی,مجسمه‌ساز (زاده ۱۳۰۵),1402
31.0,1.0,خلیل عقاب,سیرک‌باز، باستانی کار پهلوان، هنرپیشه بنیان‌گذار سیرک خلیل عقاب و پدر سیرک ایران (زاده ۱۳۰۳),1402
1.0,2.0,رضا زمانی,روان‌شناس و رئیس انجمن روان‌شناسی ایران (زاده ۱۳۱۷),1402
3.0,2.0,ناصر پاکدامن,اقتصاددان و نویسنده (زاده ۱۳۱۱),1402
4.0,2.0,امیرحسین شیرچی,بازیکن فوتبال (زاده ۱۳۷۹),1402
6.0,2.0,عباسعلی سلیمانی,نماینده مجلس خبرگان رهبری (زاده ۱۳۲۶),1402
8.0,2.0,فخری نیکزاد,گوینده و مجری رادیو و تلویزیون (زاده ۱۳۲۰),1402
12.0,2.0,حسام محمودی,بازیگر سینما و تلویزیون (زاده ۱۳۶۵),1402
14.0,2.0,عدنان غریفی,داستان‌نویس عرب ایرانی (زاده ۱۳۲۳). **محمد مقیم، بسکتبالیست و داور بسکتبال (زاده ۱۳۲۳),1402
16.0,2.0,حبیب اسیود,بنیان‌گذار و رهبر جنبش نضال (زاده ۱۳۵۲).,1402
16.0,2.0,امیرحسین فطانت مترجم,نویسنده (زاده ۱۳۲۸),1402
19.0,2.0,سوسن شاکرین,موسیقی دان و آهنگساز (زاده ۱۳۳۳),1402
21.0,2.0,حسین زمان,خواننده و هنرمند ایرانی (زاده ۱۳۳۸),1402
23.0,2.0,رحمت‌الله خسروی,سیاستمدار (زاده ۱۳۲۹),1402
25.0,2.0,محمد بهرامی,طراح، گرافیک و نگارگر (زاده ۱۳۰۵),1402
29.0,2.0,رضا حداد,کارگردان تئاتر (زاده ۱۳۴۸),1402
5.0,3.0,ابوالفضل امیرعطایی معترض ۱۶ ساله ایرانی که توسط نیروی‌های سرکوب جمهوری اسلامی کشته شد,,1402
9.0,3.0,سید عبدالعلی قوام,پژوهشگر، مترجم و استاد علوم سیاسی (زاده ۱۳۲۴),1402
14.0,3.0,منصوره سگوند,همیار پلیس، در خیزش ۱۴۰۱ ایران از نیروی انتظامی استعفا داد و از معترضان حمایت کرد و توسط جمهوری اسلامی به قتل رسید (زاده ۱۳۸۴),1402
15.0,3.0,سپیده فرهان,فعال مدنی و زندانی سیاسی در جریان اعتراضات دی ۱۳۹۶ ایران (زاده ۱۳۷۰),1402
17.0,3.0,شیخ آهنین,کشتی‌گیر حرفه‌ای و بازیگر ایرانی آمریکایی (زاده ۱۳۲۱),1402
19.0,3.0,فیروز نادری,دانشمند ایرانی و از مدیران پیشین ناسا (زاده ۱۳۲۵),1402
20.0,3.0,فخری خوروش,بازیگر سینما (زاده ۱۳۰۸),1402
26.0,3.0,علی عبدلی,پژوهشگر، نویسنده و شاعر (زاده ۱۳۳۰),1402
28.0,3.0,نصرالله ناصح‌پور,خواننده و مدرس آواز (زاده ۱۳۱۹),1402
30.0,3.0,عبدالرضا ترابی,نماینده پیشین مجلس (زاده ۱۳۳۵),1402
31.0,3.0,سینا زند,دوبلور (زاده ۱۳۶۷),1402
2.0,4.0,رضا آشتیانی عراقی,نماینده پیشین مجلس (زاده ۱۳۱۹),1402
5.0,4.0,علی رفیعی علامرودشتی,نویسنده، کتاب‌شناس، مصحح و محقق (زاده ۱۳۳۰),1402
9.0,4.0,فریماه فرجامی,بازیگر سینما و تلویزیون (زاده ۱۳۳۱),1402
11.0,4.0,خسرو حسن‌زاده,نقاش (زاده ۱۳۴۲),1402
12.0,4.0,خان‌محمد آدینه‌پور,موسیقی‌دان (زاده ۱۳۳۰),1402
16.0,4.0,مروت‌الله پرتو,نماینده پیشین مجلس (زاده ۱۳۲۷),1402
20.0,4.0,احمدرضا احمدی,شاعر و نویسنده (زاده ۱۳۱۹),1402
21.0,4.0,ر. اعتمادی,نویسنده، رمان‌نویس و روزنامه‌نگار (زاده ۱۳۱۲),1402
22.0,4.0,علی محمد اشکبوس,دوبلور (زاده ۱۳۲۴),1402
24.0,4.0,خسرو امیرصادقی,بازیگر و تهیه‌کننده (زاده ۱۳۲۷),1402
27.0,4.0,کاظم فیروزمند,نویسنده و مترجم (زاده ۱۳۲۵),1402
28.0,4.0,مازیار بازیاران,دوبلور، بازیگر، فیلم‌نامه‌نویس و کارگردان (زاده ۱۳۱۵),1402
29.0,4.0,ایرج تقی‌پور,تهیه‌کننده (زاده ۱۳۳۷),1402
30.0,4.0,حسن صانعی,روحانی و سیاستمدار (زاده ۱۳۱۳),1402
2.0,5.0,امیرتیمور پورتراب,موسیقی‌دان (زاده ۱۳۰۸),1402
5.0,5.0,اسماعیل خوشنویس,نماینده پیشین مجلس (زاده ۱۳۲۷),1402
11.0,5.0,حمید منوچهری,گوینده، دوبلور و بازیگر (زاده ۱۳۲۰),1402
12.0,5.0,منوچهر مؤتمنی طباطبایی,حقوقدان و وکیل (زاده ۱۳۰۳),1402
15.0,5.0,ماه‌بانو تاتا,خیرین دانشگاه و مادر علم آمار (زاده ۱۳۲۱),1402
19.0,5.0,پروین,خواننده (زاده ۱۳۱۷),1402
20.0,5.0,کورش صفوی,زبان‌شناس و مترجم (زاده ۱۳۳۵),1402
22.0,5.0,محمد اسماعیلی,موسیقی‌دان و نوازنده تنبک (زاده ۱۳۱۳),1402
26.0,5.0,جلال شباهنگی,گرافیست، نقاش و مجسمه‌ساز (زاده ۱۳۱۴),1402
31.0,5.0,ابراهیم گلستان,نویسنده و فیلم‌ساز (زاده ۱۳۰۱),1402
6.0,6.0,منوچهر بی‌بی‌یان,روزنامه‌نگار و تهیه‌کننده موسیقی (زاده ۱۳۱۲),1402
10.0,6.0,کاوه گوهرین,نویسنده، شاعر و پژوهشگر (زاده ۱۳۳۴),1402
9.0,6.0,جواد روحی معترض کشته‌شده توسط جمهوری اسلامی,,1402
11.0,6.0,مرتضی پورصمدی,فیلمبردار و عکاس (زاده ۱۳۳۱),1402
12.0,6.0,سید مجتبی عرفانی,نماینده مجلس شورای اسلامی (زاده ۱۳۳۴),1402
14.0,6.0,محمدحسن رهنوردی,پزشک، سیاست‌مدار و کشتی‌گیر (زاده ۱۳۰۶),1402
17.0,6.0,شمس آقاجانی نویسنده و منتقد ادبی (زاده ۱۳۴۷),,1402
23.0,6.0,محمد محمدعلی,نویسنده (زاده ۱۳۲۷),1402
26.0,6.0,علی‌اصغر رحمانی خلیلی,نماینده مجلس شورای اسلامی (زاده ۱۳۲۳),1402
29.0,6.0,یدالله درخشانی,نقاش ایرانی (زاده ۱۳۱۷),1402
31.0,6.0,نعمت احمدی,حقوقدان و وکیل دادگستری (زاده ۱۳۳۴),1402
5.0,7.0,امرالله صابری,بازیگر (زاده ۱۳۲۰),1402
8.0,7.0,محمود ضرابی,خلبان (زاده ۱۳۲۵),1402
9.0,7.0,فردوس کاویانی,بازیگر تئاتر و سینما (زاده ۱۳۲۰),1402
14.0,7.0,آتیلا پسیانی,بازیگر تئاتر، سینما و تلویزیون (زاده ۱۳۳۶),1402
16.0,7.0,محمدکاظم صبوری,نماینده سابق مجلس (زاده ۱۳۳۱),1402
20.0,7.0,میر شمس‌الدین ادیب‌سلطانی,مترجم و فیلسوف (زاده ۱۳۱۰),1402
22.0,7.0,داریوش مهرجویی,فیلم‌ساز و نویسنده (زاده ۱۳۱۸),1402
22.0,7.0,وحیده محمدی‌فر,فیلمنامه‌نویس، طراح لباس و دستیار کارگردان (زاده ۱۳۴۷),1402
24.0,7.0,حمزه حدادی بابادی,بازیکن فوتبال (زاده ۱۳۶۵),1402
26.0,7.0,اکبر قدمی,بازیگر سینما و تلویزیون (زاده ۱۳۳۰),1402
28.0,7.0,محمدحسن زالی,مجتهد شیعه و نماینده استان تهران در دوره پنجم مجلس خبرگان رهبری (زاده ۱۳۲۷),1402
1.0,8.0,حمید سیدمهدوی اقدم,نماینده پیشین مجلس (زاده ۱۳۳۱),1402
2.0,8.0,لیلی افشار,موسیقی‌دان و نوازنده (زاده ۱۳۳۸),1402
6.0,8.0,آرمیتا گراوند,شهروند ایرانی (زاده ۱۳۸۵),1402
8.0,8.0,جاوید صلاحی,حقوق‌دان، جرم‌شناس و شاعر (زاده ۱۳۱۱),1402
9.0,8.0,محمد کلباسی,داستان‌نویس (زاده ۱۳۲۲),1402
12.0,8.0,مینا فتحی,بازیکن و مربی والیبال (زاده ۱۳۲۵),1402
14.0,8.0,حمیدرضا مرادی,بازیگر و چهره‌پرداز (زاده ۱۳۵۶),1402
18.0,8.0,علی نیاکانی,بازیکن فوتبال (زاده ۱۳۲۹),1402
21.0,8.0,داوود هرمیداس باوند,دیپلمات، استاد حقوق بین‌الملل و روابط بین‌الملل (زاده ۱۳۱۳),1402
23.0,8.0,صابر راستی‌کردار,برنامه‌نویس، طراح فونت و مخترع (زاده ۱۳۶۶),1402
4.0,9.0,بیتا فرهی,بازیگر (زاده ۱۳۳۷),1402
6.0,9.0,پروانه معصومی,بازیگر (زاده ۱۳۲۳),1402
9.0,9.0,محمدرضا جودت,معمار، نقاش و مترجم (زاده ۱۳۱۸),1402
12.0,9.0,شاهرخ شاهید,خواننده (زاده ۱۳۲۸),1402
16.0,9.0,بیژن عالی‌پور,کارشناس نفت و مدیر اجرایی (زاده ۱۳۲۸),1402
25.0,9.0,علی نظمی تبریزی,شاعر و ادیب (زاده ۱۳۰۶),1402
26.0,9.0,رضا صفایی‌پور,بازیگر (زاده ۱۳۲۸),1402
28.0,9.0,توران مهرزاد,بازیگر تئاتر، دوبلور و گوینده رادیو (زاده ۱۳۰۹),1402
29.0,9.0,محسن افتاده,نوازنده ساز فاگوت (زاده ۱۳۲۵),1402
1.0,10.0,ناصر طهماسب,دوبلور و نویسنده (زاده ۱۳۱۸). *۱ دی - احمد مدان عکاس و هنرمند (زاده ۱۳۱۵),1402
3.0,10.0,ملیکا محمدی,بازیکن فوتبال (زاده ۱۳۷۹),1402
4.0,10.0,سید رضی موسوی,از سربازان بدون مرز و اعضای نیروی قدس سپاه پاسداران (زاده ۱۳۴۲),1402
10.0,10.0,امیربانو کریمی,شاعر (زاده ۱۳۱۰),1402
11.0,10.0,تورج پورمروت,فیلم‌بردار (زاده ۱۳۲۲). **کامیلا باتمانقلیچ نیکوکار ایرانی (زاده ۱۹۶۳) *۱۳دی - فریدون دائمی دوبلور (زاده ۱۳۲۰),1402
18.0,10.0,شهلا لاهیجی,ناشر و نویسنده (زاده ۱۳۲۱),1402
19.0,10.0,فرید جواهرکلام,مترجم و نویسنده (زاده ۱۳۰۴),1402
21.0,10.0,سید محمدتقی محصل همدانی,نماینده ادوار مجلس (زاده ۱۳۱۴),1402
25.0,10.0,کریم مجتهدی,فیلسوف (زاده ۱۳۰۹),1402
30.0,10.0,زین‌العابدین رضوی خرم,سیاستمدار (زاده ۱۳۴۵),1402
8.0,11.0,عبدالنبی نمازی,روحانی و نماینده ادوار مجلس خبرگان (زاده ۱۳۲۷),1402
15.0,11.0,غضنفر آذرفر,سرتیپ تکاور ارتش (زاده ۱۳۱۸),1402
16.0,11.0,سید محمد خادم حقیقت,کشتی‌گیر، داور کشتی و مدیر ورزشی (زاده ۱۳۰۸),1402
1.0,12.0,عبدالقائم شوشتری,مجتهد و عارف (زاده ۱۳۲۵),1402
3.0,12.0,پردیس افکاری,بازیگر سینما و تلویزیون (زاده ۱۳۴۷),1402
9.0,12.0,محمد توکل,پیشکسوت کشتی (زاده ۱۳۱۳),1402
12.0,12.0,محمد امامی کاشانی,روحانی و سیاستمدار (زاده ۱۳۱۰),1402
15.0,12.0,جمشید عندلیبی,آهنگساز و نوازنده (زاده ۱۳۳۶),1402
19.0,12.0,حمید بهبهانی,سیاستمدار (زاده ۱۳۱۹),1402
29.0,12.0,آذر فخر,بازیگر سینما (زاده ۱۳۱۹),1402
