,title,year,month,day,link,description,category
0,کلنل فضل‌الله خان,1299,1.0,1.0,https://fa.wikipedia.org/wiki/%DA%A9%D9%84%D9%86%D9%84_%D9%81%D8%B6%D9%84%E2%80%8C%D8%A7%D9%84%D9%84%D9%87_%D8%AE%D8%A7%D9%86,,Death
1,مرتضی محجوبی,1344,1.0,1.0,https://fa.wikipedia.org/wiki/%D9%85%D8%B1%D8%AA%D8%B6%DB%8C_%D9%85%D8%AD%D8%AC%D9%88%D8%A8%DB%8C,,Death
2,سروش خلیلی,1385,1.0,1.0,https://fa.wikipedia.org/wiki/%D8%B3%D8%B1%D9%88%D8%B4_%D8%AE%D9%84%DB%8C%D9%84%DB%8C,,Death
3,محمد صادقی تهرانی,1390,1.0,1.0,https://fa.wikipedia.org/wiki/%D9%85%D8%AD%D9%85%D8%AF_%D8%B5%D8%A7%D8%AF%D9%82%DB%8C_%D8%AA%D9%87%D8%B1%D8%A7%D9%86%DB%8C,,Death
4,ارسلان فلاح حجت انصاری,1399,1.0,1.0,https://fa.wikipedia.org/wiki/%D8%A7%D8%B1%D8%B3%D9%84%D8%A7%D9%86_%D9%81%D9%84%D8%A7%D8%AD_%D8%AD%D8%AC%D8%AA_%D8%A7%D9%86%D8%B5%D8%A7%D8%B1%DB%8C,,Death
5,محمد محمدی ری‌شهری,1401,1.0,1.0,https://fa.wikipedia.org/wiki/%D9%85%D8%AD%D9%85%D8%AF_%D9%85%D8%AD%D9%85%D8%AF%DB%8C_%D8%B1%DB%8C%E2%80%8C%D8%B4%D9%87%D8%B1%DB%8C,,Death
6,مهرنوش شریعتی,1401,1.0,1.0,https://fa.wikipedia.org/wiki/%D9%85%D9%87%D8%B1%D9%86%D9%88%D8%B4_%D8%B4%D8%B1%DB%8C%D8%B9%D8%AA%DB%8C,,Death
7,فرامرز اصلانی,1403,1.0,1.0,https://fa.wikipedia.org/wiki/%D9%81%D8%B1%D8%A7%D9%85%D8%B1%D8%B2_%D8%A7%D8%B5%D9%84%D8%A7%D9%86%DB%8C,,Death
8,پروانه اعتمادی,1404,1.0,1.0,https://fa.wikipedia.org/wiki/%D9%BE%D8%B1%D9%88%D8%A7%D9%86%D9%87_%D8%A7%D8%B9%D8%AA%D9%85%D8%A7%D8%AF%DB%8C,,Death
9,محمدباقر شفتی,1223,1.0,2.0,https://fa.wikipedia.org/wiki/%D9%85%D8%AD%D9%85%D8%AF%D8%A8%D8%A7%D9%82%D8%B1_%D8%B4%D9%81%D8%AA%DB%8C,,Death
10,حسین کاشی‌پز,1341,1.0,2.0,https://fa.wikipedia.org/wiki/%D8%AD%D8%B3%DB%8C%D9%86_%DA%A9%D8%A7%D8%B4%DB%8C%E2%80%8C%D9%BE%D8%B2,,Death
11,هوشنگ کاووسی,1392,1.0,2.0,https://fa.wikipedia.org/wiki/%D9%87%D9%88%D8%B4%D9%86%DA%AF_%DA%A9%D8%A7%D9%88%D9%88%D8%B3%DB%8C,,Death
12,یونس عساکره,1394,1.0,2.0,https://fa.wikipedia.org/wiki/%DB%8C%D9%88%D9%86%D8%B3_%D8%B9%D8%B3%D8%A7%DA%A9%D8%B1%D9%87,,Death
13,داریوش شایگان,1397,1.0,2.0,https://fa.wikipedia.org/wiki/%D8%AF%D8%A7%D8%B1%DB%8C%D9%88%D8%B4_%D8%B4%D8%A7%DB%8C%DA%AF%D8%A7%D9%86,,Death
14,ژیلا تقی‌زاده,1399,1.0,2.0,https://fa.wikipedia.org/wiki/%DA%98%DB%8C%D9%84%D8%A7_%D8%AA%D9%82%DB%8C%E2%80%8C%D8%B2%D8%A7%D8%AF%D9%87,,Death
15,سید محمد فقیه,1401,1.0,2.0,https://fa.wikipedia.org/wiki/%D8%B3%DB%8C%D8%AF_%D9%85%D8%AD%D9%85%D8%AF_%D9%81%D9%82%DB%8C%D9%87,,Death
16,احمد سمیعی گیلانی,1402,1.0,2.0,https://fa.wikipedia.org/wiki/%D8%A7%D8%AD%D9%85%D8%AF_%D8%B3%D9%85%DB%8C%D8%B9%DB%8C_%DA%AF%DB%8C%D9%84%D8%A7%D9%86%DB%8C,,Death
17,عبدالعظیم قریب,1344,1.0,3.0,https://fa.wikipedia.org/wiki/%D8%B9%D8%A8%D8%AF%D8%A7%D9%84%D8%B9%D8%B8%DB%8C%D9%85_%D9%82%D8%B1%DB%8C%D8%A8,,Death
18,احمد ناظرزاده کرمانی,1355,1.0,3.0,https://fa.wikipedia.org/wiki/%D8%A7%D8%AD%D9%85%D8%AF_%D9%86%D8%A7%D8%B8%D8%B1%D8%B2%D8%A7%D8%AF%D9%87_%DA%A9%D8%B1%D9%85%D8%A7%D9%86%DB%8C,,Death
19,داوود اسدی,1387,1.0,3.0,https://fa.wikipedia.org/wiki/%D8%AF%D8%A7%D9%88%D9%88%D8%AF_%D8%A7%D8%B3%D8%AF%DB%8C,,Death
20,شاهرخ سخایی,1387,1.0,3.0,https://fa.wikipedia.org/wiki/%D8%B4%D8%A7%D9%87%D8%B1%D8%AE_%D8%B3%D8%AE%D8%A7%DB%8C%DB%8C,,Death
21,غلامحسین سمندری,1391,1.0,3.0,https://fa.wikipedia.org/wiki/%D8%BA%D9%84%D8%A7%D9%85%D8%AD%D8%B3%DB%8C%D9%86_%D8%B3%D9%85%D9%86%D8%AF%D8%B1%DB%8C,,Death
22,جمشید دانایی‌فر,1393,1.0,3.0,https://fa.wikipedia.org/wiki/%D8%AC%D9%85%D8%B4%DB%8C%D8%AF_%D8%AF%D8%A7%D9%86%D8%A7%DB%8C%DB%8C%E2%80%8C%D9%81%D8%B1,,Death
23,پرویز راجی,1393,1.0,3.0,https://fa.wikipedia.org/wiki/%D9%BE%D8%B1%D9%88%DB%8C%D8%B2_%D8%B1%D8%A7%D8%AC%DB%8C,,Death
24,سیمین صفامهر,1395,1.0,3.0,https://fa.wikipedia.org/wiki/%D8%B3%DB%8C%D9%85%DB%8C%D9%86_%D8%B5%D9%81%D8%A7%D9%85%D9%87%D8%B1,,Death
25,سهیل پرسته,1398,1.0,3.0,https://fa.wikipedia.org/wiki/%D8%B3%D9%87%DB%8C%D9%84_%D9%BE%D8%B1%D8%B3%D8%AA%D9%87,,Death
26,حسن اکبرزاده,1399,1.0,3.0,https://fa.wikipedia.org/wiki/%D8%AD%D8%B3%D9%86_%D8%A7%DA%A9%D8%A8%D8%B1%D8%B2%D8%A7%D8%AF%D9%87,,Death
27,علی برجسته,1401,1.0,3.0,https://fa.wikipedia.org/wiki/%D8%B9%D9%84%DB%8C_%D8%A8%D8%B1%D8%AC%D8%B3%D8%AA%D9%87,,Death
28,امین‌الدین بلیانی,724,1.0,4.0,https://fa.wikipedia.org/wiki/%D8%A7%D9%85%DB%8C%D9%86%E2%80%8C%D8%A7%D9%84%D8%AF%DB%8C%D9%86_%D8%A8%D9%84%DB%8C%D8%A7%D9%86%DB%8C,,Death
29,مهدی نوایی,1326,1.0,4.0,https://fa.wikipedia.org/wiki/%D9%85%D9%87%D8%AF%DB%8C_%D9%86%D9%88%D8%A7%DB%8C%DB%8C,,Death
30,علی خلیلی,1393,1.0,4.0,https://fa.wikipedia.org/wiki/%D9%85%D8%B1%DA%AF_%D8%B9%D9%84%DB%8C_%D8%AE%D9%84%DB%8C%D9%84%DB%8C,,Death
31,عباسقلی دانشور,1399,1.0,4.0,https://fa.wikipedia.org/wiki/%D8%B9%D8%A8%D8%A7%D8%B3%D9%82%D9%84%DB%8C_%D8%AF%D8%A7%D9%86%D8%B4%D9%88%D8%B1,,Death
32,میر مهنا,1148,1.0,5.0,https://fa.wikipedia.org/wiki/%D9%85%DB%8C%D8%B1_%D9%85%D9%87%D9%86%D8%A7,,Death
33,محمدحسن ممقانی,1284,1.0,5.0,https://fa.wikipedia.org/wiki/%D9%85%D8%AD%D9%85%D8%AF%D8%AD%D8%B3%D9%86_%D9%85%D9%85%D9%82%D8%A7%D9%86%DB%8C,,Death
34,محمود نریمان,1340,1.0,5.0,https://fa.wikipedia.org/wiki/%D9%85%D8%AD%D9%85%D9%88%D8%AF_%D9%86%D8%B1%DB%8C%D9%85%D8%A7%D9%86,,Death
35,عبدالله دهش,1366,1.0,5.0,https://fa.wikipedia.org/wiki/%D8%B9%D8%A8%D8%AF%D8%A7%D9%84%D9%84%D9%87_%D8%AF%D9%87%D8%B4,,Death
36,محمداسماعیل رضوانی,1375,1.0,5.0,https://fa.wikipedia.org/wiki/%D9%85%D8%AD%D9%85%D8%AF%D8%A7%D8%B3%D9%85%D8%A7%D8%B9%DB%8C%D9%84_%D8%B1%D8%B6%D9%88%D8%A7%D9%86%DB%8C,,Death
37,یدالله بهزاد,1386,1.0,5.0,https://fa.wikipedia.org/wiki/%DB%8C%D8%AF%D8%A7%D9%84%D9%84%D9%87_%D8%A8%D9%87%D8%B2%D8%A7%D8%AF,,Death
38,پروین‌دخت یزدانیان,1391,1.0,5.0,https://fa.wikipedia.org/wiki/%D9%BE%D8%B1%D9%88%DB%8C%D9%86%E2%80%8C%D8%AF%D8%AE%D8%AA_%DB%8C%D8%B2%D8%AF%D8%A7%D9%86%DB%8C%D8%A7%D9%86,,Death
39,محمدابراهیم باستانی پاریزی,1393,1.0,5.0,https://fa.wikipedia.org/wiki/%D9%85%D8%AD%D9%85%D8%AF%D8%A7%D8%A8%D8%B1%D8%A7%D9%87%DB%8C%D9%85_%D8%A8%D8%A7%D8%B3%D8%AA%D8%A7%D9%86%DB%8C_%D9%BE%D8%A7%D8%B1%DB%8C%D8%B2%DB%8C,,Death
40,نیما پتگر,1394,1.0,5.0,https://fa.wikipedia.org/wiki/%D9%86%DB%8C%D9%85%D8%A7_%D9%BE%D8%AA%DA%AF%D8%B1,,Death
41,فرزانه تأییدی,1399,1.0,5.0,https://fa.wikipedia.org/wiki/%D9%81%D8%B1%D8%B2%D8%A7%D9%86%D9%87_%D8%AA%D8%A3%DB%8C%DB%8C%D8%AF%DB%8C,,Death
42,رضا براهنی,1401,1.0,5.0,https://fa.wikipedia.org/wiki/%D8%B1%D8%B6%D8%A7_%D8%A8%D8%B1%D8%A7%D9%87%D9%86%DB%8C,,Death
43,اسماعیل ادیب خوانساری,1361,1.0,6.0,https://fa.wikipedia.org/wiki/%D8%A7%D8%B3%D9%85%D8%A7%D8%B9%DB%8C%D9%84_%D8%A7%D8%AF%DB%8C%D8%A8_%D8%AE%D9%88%D8%A7%D9%86%D8%B3%D8%A7%D8%B1%DB%8C,,Death
44,منوچهر همایون‌پور,1385,1.0,6.0,https://fa.wikipedia.org/wiki/%D9%85%D9%86%D9%88%DA%86%D9%87%D8%B1_%D9%87%D9%85%D8%A7%DB%8C%D9%88%D9%86%E2%80%8C%D9%BE%D9%88%D8%B1,,Death
45,ماه‌سلطان ربانی,1389,1.0,6.0,https://fa.wikipedia.org/wiki/%D9%85%D8%A7%D9%87%E2%80%8C%D8%B3%D9%84%D8%B7%D8%A7%D9%86_%D8%B1%D8%A8%D8%A7%D9%86%DB%8C,,Death
46,عبدالله حاجیانی,1398,1.0,6.0,https://fa.wikipedia.org/wiki/%D8%B9%D8%A8%D8%AF%D8%A7%D9%84%D9%84%D9%87_%D8%AD%D8%A7%D8%AC%DB%8C%D8%A7%D9%86%DB%8C,,Death
47,ادمان آیوازیان,1399,1.0,6.0,https://fa.wikipedia.org/wiki/%D8%A7%D8%AF%D9%85%D8%A7%D9%86_%D8%A2%DB%8C%D9%88%D8%A7%D8%B2%DB%8C%D8%A7%D9%86,,Death
48,آزاده نامداری,1400,1.0,6.0,https://fa.wikipedia.org/wiki/%D8%A2%D8%B2%D8%A7%D8%AF%D9%87_%D9%86%D8%A7%D9%85%D8%AF%D8%A7%D8%B1%DB%8C,,Death
49,محمدباقر باقری‌نژادیان‌فرد,1400,1.0,6.0,https://fa.wikipedia.org/wiki/%D9%85%D8%AD%D9%85%D8%AF%D8%A8%D8%A7%D9%82%D8%B1_%D8%A8%D8%A7%D9%82%D8%B1%DB%8C%E2%80%8C%D9%86%DA%98%D8%A7%D8%AF%DB%8C%D8%A7%D9%86%E2%80%8C%D9%81%D8%B1%D8%AF,,Death
50,رضا تهرانچی,1401,1.0,6.0,https://fa.wikipedia.org/wiki/%D8%B1%D8%B6%D8%A7_%D8%AA%D9%87%D8%B1%D8%A7%D9%86%DA%86%DB%8C,,Death
51,پرستو بخشی,1403,1.0,6.0,https://fa.wikipedia.org/wiki/%D9%BE%D8%B1%D8%B3%D8%AA%D9%88_%D8%A8%D8%AE%D8%B4%DB%8C,,Death
52,ابوالفضل عابدینی,1404,1.0,6.0,https://fa.wikipedia.org/wiki/%D8%A7%D8%A8%D9%88%D8%A7%D9%84%D9%81%D8%B6%D9%84_%D8%B9%D8%A7%D8%A8%D8%AF%DB%8C%D9%86%DB%8C,,Death
53,خلیل ثقفی,1323,1.0,7.0,https://fa.wikipedia.org/wiki/%D8%AE%D9%84%DB%8C%D9%84_%D8%AB%D9%82%D9%81%DB%8C,,Death
54,جواد امامی,1337,1.0,7.0,https://fa.wikipedia.org/wiki/%D8%AC%D9%88%D8%A7%D8%AF_%D8%A7%D9%85%D8%A7%D9%85%DB%8C,,Death
55,علی‌اکبر درخشانی,1357,1.0,7.0,https://fa.wikipedia.org/wiki/%D8%B9%D9%84%DB%8C%E2%80%8C%D8%A7%DA%A9%D8%A8%D8%B1_%D8%AF%D8%B1%D8%AE%D8%B4%D8%A7%D9%86%DB%8C,,Death
56,عبدالرسول خیام‌پور,1358,1.0,7.0,https://fa.wikipedia.org/wiki/%D8%B9%D8%A8%D8%AF%D8%A7%D9%84%D8%B1%D8%B3%D9%88%D9%84_%D8%AE%DB%8C%D8%A7%D9%85%E2%80%8C%D9%BE%D9%88%D8%B1,,Death
57,منوچهر همایون‌پور,1385,1.0,7.0,https://fa.wikipedia.org/wiki/%D9%85%D9%86%D9%88%DA%86%D9%87%D8%B1_%D9%87%D9%85%D8%A7%DB%8C%D9%88%D9%86%E2%80%8C%D9%BE%D9%88%D8%B1,,Death
58,مسعود استیلی,1390,1.0,7.0,https://fa.wikipedia.org/wiki/%D9%85%D8%B3%D8%B9%D9%88%D8%AF_%D8%A7%D8%B3%D8%AA%DB%8C%D9%84%DB%8C,,Death
59,دانیل گورگیزنژاد,1399,1.0,7.0,https://fa.wikipedia.org/wiki/%D8%AF%D8%A7%D9%86%DB%8C%D9%84_%DA%AF%D9%88%D8%B1%DA%AF%DB%8C%D8%B2%D9%86%DA%98%D8%A7%D8%AF,,Death
60,محمد ابوالحسنی,1400,1.0,7.0,https://fa.wikipedia.org/wiki/%D9%85%D8%AD%D9%85%D8%AF_%D8%A7%D8%A8%D9%88%D8%A7%D9%84%D8%AD%D8%B3%D9%86%DB%8C,,Death
61,زهرا شجاعی,1403,1.0,7.0,https://fa.wikipedia.org/wiki/%D8%B2%D9%87%D8%B1%D8%A7_%D8%B4%D8%AC%D8%A7%D8%B9%DB%8C,,Death
62,قاسم غنی,1331,1.0,9.0,https://fa.wikipedia.org/wiki/%D9%82%D8%A7%D8%B3%D9%85_%D8%BA%D9%86%DB%8C,,Death
63,سید حسن حسینی,1383,1.0,9.0,https://fa.wikipedia.org/wiki/%D8%B3%DB%8C%D8%AF_%D8%AD%D8%B3%D9%86_%D8%AD%D8%B3%DB%8C%D9%86%DB%8C,,Death
64,محمدعلی ورشوچی,1390,1.0,9.0,https://fa.wikipedia.org/wiki/%D9%85%D8%AD%D9%85%D8%AF%D8%B9%D9%84%DB%8C_%D9%88%D8%B1%D8%B4%D9%88%DA%86%DB%8C,,Death
65,غلامرضا اسلامی بیدگلی,1392,1.0,9.0,https://fa.wikipedia.org/wiki/%D8%BA%D9%84%D8%A7%D9%85%D8%B1%D8%B6%D8%A7_%D8%A7%D8%B3%D9%84%D8%A7%D9%85%DB%8C_%D8%A8%DB%8C%D8%AF%DA%AF%D9%84%DB%8C,,Death
66,حسین توفیق,1396,1.0,9.0,https://fa.wikipedia.org/wiki/%D8%AD%D8%B3%DB%8C%D9%86_%D8%AA%D9%88%D9%81%DB%8C%D9%82,,Death
67,محمدتقی سپهر,1259,1.0,10.0,https://fa.wikipedia.org/wiki/%D9%85%D8%AD%D9%85%D8%AF%D8%AA%D9%82%DB%8C_%D8%B3%D9%BE%D9%87%D8%B1,,Death
68,سید حسین طباطبایی بروجردی,1340,1.0,10.0,https://fa.wikipedia.org/wiki/%D8%B3%DB%8C%D8%AF_%D8%AD%D8%B3%DB%8C%D9%86_%D8%B7%D8%A8%D8%A7%D8%B7%D8%A8%D8%A7%DB%8C%DB%8C_%D8%A8%D8%B1%D9%88%D8%AC%D8%B1%D8%AF%DB%8C,,Death
69,محمدعلی ابن‌الرضا خوانساری,1389,1.0,10.0,https://fa.wikipedia.org/wiki/%D9%85%D8%AD%D9%85%D8%AF%D8%B9%D9%84%DB%8C_%D8%A7%D8%A8%D9%86%E2%80%8C%D8%A7%D9%84%D8%B1%D8%B6%D8%A7_%D8%AE%D9%88%D8%A7%D9%86%D8%B3%D8%A7%D8%B1%DB%8C,,Death
70,محسن نوربخش,1382,1.0,11.0,https://fa.wikipedia.org/wiki/%D9%85%D8%AD%D8%B3%D9%86_%D9%86%D9%88%D8%B1%D8%A8%D8%AE%D8%B4,,Death
71,محمدرضا جلالی نائینی,1389,1.0,11.0,https://fa.wikipedia.org/wiki/%D9%85%D8%AD%D9%85%D8%AF%D8%B1%D8%B6%D8%A7_%D8%AC%D9%84%D8%A7%D9%84%DB%8C_%D9%86%D8%A7%D8%A6%DB%8C%D9%86%DB%8C,,Death
72,احمد صدر حاج‌سیدجوادی,1392,1.0,11.0,https://fa.wikipedia.org/wiki/%D8%A7%D8%AD%D9%85%D8%AF_%D8%B5%D8%AF%D8%B1_%D8%AD%D8%A7%D8%AC%E2%80%8C%D8%B3%DB%8C%D8%AF%D8%AC%D9%88%D8%A7%D8%AF%DB%8C,,Death
73,منصور یاوری,1398,1.0,11.0,https://fa.wikipedia.org/wiki/%D9%85%D9%86%D8%B5%D9%88%D8%B1_%DB%8C%D8%A7%D9%88%D8%B1%DB%8C,,Death
74,کیومرث درم بخش,1399,1.0,11.0,https://fa.wikipedia.org/wiki/%DA%A9%DB%8C%D9%88%D9%85%D8%B1%D8%AB_%D8%AF%D8%B1%D9%85_%D8%A8%D8%AE%D8%B4,,Death
75,محمود عبادیان,1392,1.0,12.0,https://fa.wikipedia.org/wiki/%D9%85%D8%AD%D9%85%D9%88%D8%AF_%D8%B9%D8%A8%D8%A7%D8%AF%DB%8C%D8%A7%D9%86,,Death
76,عسل بدیعی,1392,1.0,12.0,https://fa.wikipedia.org/wiki/%D8%B9%D8%B3%D9%84_%D8%A8%D8%AF%DB%8C%D8%B9%DB%8C,,Death
77,فرامرز ظلی,1404,1.0,12.0,https://fa.wikipedia.org/wiki/%D9%81%D8%B1%D8%A7%D9%85%D8%B1%D8%B2_%D8%B8%D9%84%DB%8C,,Death
78,محمدحسن اعتمادالسلطنه,1275,1.0,13.0,https://fa.wikipedia.org/wiki/%D9%85%D8%AD%D9%85%D8%AF%D8%AD%D8%B3%D9%86_%D8%A7%D8%B9%D8%AA%D9%85%D8%A7%D8%AF%D8%A7%D9%84%D8%B3%D9%84%D8%B7%D9%86%D9%87,,Death
79,حسین نوری,1359,1.0,13.0,https://fa.wikipedia.org/wiki/%D8%AD%D8%B3%DB%8C%D9%86_%D9%86%D9%88%D8%B1%DB%8C_(%DA%A9%D8%B4%D8%AA%DB%8C%E2%80%8C%DA%AF%DB%8C%D8%B1_%D8%A2%D8%B2%D8%A7%D8%AF%DA%A9%D8%A7%D8%B1),,Death
80,کاوه گلستان,1382,1.0,13.0,https://fa.wikipedia.org/wiki/%DA%A9%D8%A7%D9%88%D9%87_%DA%AF%D9%84%D8%B3%D8%AA%D8%A7%D9%86,,Death
81,علی‌اکبر صنعتی,1385,1.0,13.0,https://fa.wikipedia.org/wiki/%D8%B9%D9%84%DB%8C%E2%80%8C%D8%A7%DA%A9%D8%A8%D8%B1_%D8%B5%D9%86%D8%B9%D8%AA%DB%8C,,Death
82,سکینه ضیایی,1394,1.0,13.0,https://fa.wikipedia.org/wiki/%D8%B3%DA%A9%DB%8C%D9%86%D9%87_%D8%B6%DB%8C%D8%A7%DB%8C%DB%8C,,Death
83,جمشید مشایخی,1398,1.0,13.0,https://fa.wikipedia.org/wiki/%D8%AC%D9%85%D8%B4%DB%8C%D8%AF_%D9%85%D8%B4%D8%A7%DB%8C%D8%AE%DB%8C,,Death
84,رضا داوودنژاد,1403,1.0,13.0,https://fa.wikipedia.org/wiki/%D8%B1%D8%B6%D8%A7_%D8%AF%D8%A7%D9%88%D9%88%D8%AF%D9%86%DA%98%D8%A7%D8%AF,,Death
85,محمدهادی حاج‌رحیمی,1403,1.0,13.0,https://fa.wikipedia.org/wiki/%D9%85%D8%AD%D9%85%D8%AF%D9%87%D8%A7%D8%AF%DB%8C_%D8%AD%D8%A7%D8%AC%E2%80%8C%D8%B1%D8%AD%DB%8C%D9%85%DB%8C,,Death
86,محمدرضا زاهدی,1403,1.0,13.0,https://fa.wikipedia.org/wiki/%D9%85%D8%AD%D9%85%D8%AF%D8%B1%D8%B6%D8%A7_%D8%B2%D8%A7%D9%87%D8%AF%DB%8C,,Death
87,ذوالفقار علی بوتو,1358,1.0,15.0,https://fa.wikipedia.org/wiki/%D8%B0%D9%88%D8%A7%D9%84%D9%81%D9%82%D8%A7%D8%B1_%D8%B9%D9%84%DB%8C_%D8%A8%D9%88%D8%AA%D9%88,,Death
88,محمدعلی مدرس خیابانی,1333,1.0,16.0,https://fa.wikipedia.org/wiki/%D9%85%D8%AD%D9%85%D8%AF%D8%B9%D9%84%DB%8C_%D9%85%D8%AF%D8%B1%D8%B3_%D8%AE%DB%8C%D8%A7%D8%A8%D8%A7%D9%86%DB%8C,,Death
89,محمد جنتی,1396,1.0,16.0,https://fa.wikipedia.org/wiki/%D9%85%D8%AD%D9%85%D8%AF_%D8%AC%D9%86%D8%AA%DB%8C,,Death
90,فاطمه طاهری,1391,1.0,17.0,https://fa.wikipedia.org/wiki/%D9%81%D8%A7%D8%B7%D9%85%D9%87_%D8%B7%D8%A7%D9%87%D8%B1%DB%8C,,Death
91,امیرعباس هویدا,1358,1.0,18.0,https://fa.wikipedia.org/wiki/%D8%A7%D9%85%DB%8C%D8%B1%D8%B9%D8%A8%D8%A7%D8%B3_%D9%87%D9%88%DB%8C%D8%AF%D8%A7,,Death
92,جمشید اسماعیل‌خانی,1381,1.0,18.0,https://fa.wikipedia.org/wiki/%D8%AC%D9%85%D8%B4%DB%8C%D8%AF_%D8%A7%D8%B3%D9%85%D8%A7%D8%B9%DB%8C%D9%84%E2%80%8C%D8%AE%D8%A7%D9%86%DB%8C,,Death
93,محمود بنفشه‌خواه,1389,1.0,18.0,https://fa.wikipedia.org/wiki/%D9%85%D8%AD%D9%85%D9%88%D8%AF_%D8%A8%D9%86%D9%81%D8%B4%D9%87%E2%80%8C%D8%AE%D9%88%D8%A7%D9%87,,Death
94,بهرام زند,1397,1.0,18.0,https://fa.wikipedia.org/wiki/%D8%A8%D9%87%D8%B1%D8%A7%D9%85_%D8%B2%D9%86%D8%AF,,Death
95,محمدابراهیم جعفری,1397,1.0,18.0,https://fa.wikipedia.org/wiki/%D9%85%D8%AD%D9%85%D8%AF%D8%A7%D8%A8%D8%B1%D8%A7%D9%87%DB%8C%D9%85_%D8%AC%D8%B9%D9%81%D8%B1%DB%8C,,Death
96,حسن تقی‌پور,1402,1.0,18.0,https://fa.wikipedia.org/wiki/%D8%AD%D8%B3%D9%86_%D8%AA%D9%82%DB%8C%E2%80%8C%D9%BE%D9%88%D8%B1,,Death
97,عبدالحمید مبارز,1403,1.0,18.0,https://fa.wikipedia.org/w/index.php?title=%D8%B9%D8%A8%D8%AF%D8%A7%D9%84%D8%AD%D9%85%DB%8C%D8%AF_%D9%85%D8%A8%D8%A7%D8%B1%D8%B2&action=edit&redlink=1,,Death
98,تقی محمدی,1365,1.0,19.0,https://fa.wikipedia.org/wiki/%D8%AA%D9%82%DB%8C_%D9%85%D8%AD%D9%85%D8%AF%DB%8C,,Death
99,ایرج بقایی کرمانی,1391,1.0,19.0,https://fa.wikipedia.org/wiki/%D8%A7%DB%8C%D8%B1%D8%AC_%D8%A8%D9%82%D8%A7%DB%8C%DB%8C_%DA%A9%D8%B1%D9%85%D8%A7%D9%86%DB%8C,,Death
100,محمد کرمی‌راد,1400,1.0,19.0,https://fa.wikipedia.org/wiki/%D9%85%D8%AD%D9%85%D8%AF_%DA%A9%D8%B1%D9%85%DB%8C%E2%80%8C%D8%B1%D8%A7%D8%AF,,Death
101,امیرحسین ربیعی,1358,1.0,20.0,https://fa.wikipedia.org/wiki/%D8%A7%D9%85%DB%8C%D8%B1%D8%AD%D8%B3%DB%8C%D9%86_%D8%B1%D8%A8%DB%8C%D8%B9%DB%8C,,Death
102,واهان بیجانیان,1382,1.0,20.0,https://fa.wikipedia.org/wiki/%D9%88%D8%A7%D9%87%D8%A7%D9%86_%D8%A8%DB%8C%D8%AC%D8%A7%D9%86%DB%8C%D8%A7%D9%86,,Death
103,سید جلال یحیی‌زاده فیروزآبادی,1392,1.0,20.0,https://fa.wikipedia.org/wiki/%D8%B3%DB%8C%D8%AF_%D8%AC%D9%84%D8%A7%D9%84_%DB%8C%D8%AD%DB%8C%DB%8C%E2%80%8C%D8%B2%D8%A7%D8%AF%D9%87_%D9%81%DB%8C%D8%B1%D9%88%D8%B2%D8%A2%D8%A8%D8%A7%D8%AF%DB%8C,,Death
104,ناصر گیتی‌جاه,1393,1.0,20.0,https://fa.wikipedia.org/wiki/%D9%86%D8%A7%D8%B5%D8%B1_%DA%AF%DB%8C%D8%AA%DB%8C%E2%80%8C%D8%AC%D8%A7%D9%87,,Death
105,علی‌اکبر آقایی مغانجویی,1394,1.0,20.0,https://fa.wikipedia.org/wiki/%D8%B9%D9%84%DB%8C%E2%80%8C%D8%A7%DA%A9%D8%A8%D8%B1_%D8%A2%D9%82%D8%A7%DB%8C%DB%8C_%D9%85%D8%BA%D8%A7%D9%86%D8%AC%D9%88%DB%8C%DB%8C,,Death
106,ثریا حکمت,1395,1.0,20.0,https://fa.wikipedia.org/wiki/%D8%AB%D8%B1%DB%8C%D8%A7_%D8%AD%DA%A9%D9%85%D8%AA,,Death
107,علیرضا ذکاوتی,1404,1.0,20.0,https://fa.wikipedia.org/wiki/%D8%B9%D9%84%DB%8C%D8%B1%D8%B6%D8%A7_%D8%B0%DA%A9%D8%A7%D9%88%D8%AA%DB%8C,,Death
108,رضا شمس‌آبادی,1344,1.0,21.0,https://fa.wikipedia.org/wiki/%D8%B1%D8%B6%D8%A7_%D8%B4%D9%85%D8%B3%E2%80%8C%D8%A2%D8%A8%D8%A7%D8%AF%DB%8C,,Death
109,ناصر مقدم,1358,1.0,21.0,https://fa.wikipedia.org/wiki/%D9%86%D8%A7%D8%B5%D8%B1_%D9%85%D9%82%D8%AF%D9%85,,Death
110,کیومرث ملک‌مطیعی,1389,1.0,21.0,https://fa.wikipedia.org/wiki/%DA%A9%DB%8C%D9%88%D9%85%D8%B1%D8%AB_%D9%85%D9%84%DA%A9%E2%80%8C%D9%85%D8%B7%DB%8C%D8%B9%DB%8C,,Death
111,بزرگ لشگری,1397,1.0,21.0,https://fa.wikipedia.org/wiki/%D8%A8%D8%B2%D8%B1%DA%AF_%D9%84%D8%B4%DA%AF%D8%B1%DB%8C,,Death
112,غلامرضا نیک‌پی,1358,1.0,22.0,https://fa.wikipedia.org/wiki/%D8%BA%D9%84%D8%A7%D9%85%D8%B1%D8%B6%D8%A7_%D9%86%DB%8C%DA%A9%E2%80%8C%D9%BE%DB%8C,,Death
113,علی نشاط,1358,1.0,22.0,https://fa.wikipedia.org/wiki/%D8%B9%D9%84%DB%8C_%D9%86%D8%B4%D8%A7%D8%B7,,Death
114,حسینعلی بیات,1358,1.0,22.0,https://fa.wikipedia.org/wiki/%D8%AD%D8%B3%DB%8C%D9%86%D8%B9%D9%84%DB%8C_%D8%A8%DB%8C%D8%A7%D8%AA,,Death
115,علی حجت کاشانی,1358,1.0,22.0,https://fa.wikipedia.org/wiki/%D8%B9%D9%84%DB%8C_%D8%AD%D8%AC%D8%AA_%DA%A9%D8%A7%D8%B4%D8%A7%D9%86%DB%8C,,Death
116,عباسعلی خلعتبری,1358,1.0,22.0,https://fa.wikipedia.org/wiki/%D8%B9%D8%A8%D8%A7%D8%B3%D8%B9%D9%84%DB%8C_%D8%AE%D9%84%D8%B9%D8%AA%D8%A8%D8%B1%DB%8C,,Death
117,منصور روحانی,1358,1.0,22.0,https://fa.wikipedia.org/wiki/%D9%85%D9%86%D8%B5%D9%88%D8%B1_%D8%B1%D9%88%D8%AD%D8%A7%D9%86%DB%8C,,Death
118,محمدتقی مجیدی,1358,1.0,22.0,https://fa.wikipedia.org/wiki/%D9%85%D8%AD%D9%85%D8%AF%D8%AA%D9%82%DB%8C_%D9%85%D8%AC%DB%8C%D8%AF%DB%8C,,Death
119,حسن پاکروان,1358,1.0,22.0,https://fa.wikipedia.org/wiki/%D8%AD%D8%B3%D9%86_%D9%BE%D8%A7%DA%A9%D8%B1%D9%88%D8%A7%D9%86,,Death
120,عباس کاتوزیان,1387,1.0,22.0,https://fa.wikipedia.org/wiki/%D8%B9%D8%A8%D8%A7%D8%B3_%DA%A9%D8%A7%D8%AA%D9%88%D8%B2%DB%8C%D8%A7%D9%86,,Death
121,جهان,1389,1.0,22.0,https://fa.wikipedia.org/wiki/%D8%AC%D9%87%D8%A7%D9%86_(%D8%AE%D9%88%D8%A7%D9%86%D9%86%D8%AF%D9%87),,Death
122,شعبان بابااولادی,1390,1.0,22.0,https://fa.wikipedia.org/wiki/%D8%B4%D8%B9%D8%A8%D8%A7%D9%86_%D8%A8%D8%A7%D8%A8%D8%A7%D8%A7%D9%88%D9%84%D8%A7%D8%AF%DB%8C,,Death
123,محمد فیض سرابی,1401,1.0,22.0,https://fa.wikipedia.org/wiki/%D9%85%D8%AD%D9%85%D8%AF_%D9%81%DB%8C%D8%B6_%D8%B3%D8%B1%D8%A7%D8%A8%DB%8C,,Death
124,اکبر اعتماد,1404,1.0,22.0,https://fa.wikipedia.org/wiki/%D8%A7%DA%A9%D8%A8%D8%B1_%D8%A7%D8%B9%D8%AA%D9%85%D8%A7%D8%AF,,Death
125,پوپک گلدره,1385,1.0,27.0,https://fa.wikipedia.org/wiki/%D9%BE%D9%88%D9%BE%DA%A9_%DA%AF%D9%84%D8%AF%D8%B1%D9%87,,Death
126,پروین دولت‌آبادی,1387,1.0,27.0,https://fa.wikipedia.org/wiki/%D9%BE%D8%B1%D9%88%DB%8C%D9%86_%D8%AF%D9%88%D9%84%D8%AA%E2%80%8C%D8%A2%D8%A8%D8%A7%D8%AF%DB%8C,,Death
127,شجاع‌الدین شفا,1389,1.0,27.0,https://fa.wikipedia.org/wiki/%D8%B4%D8%AC%D8%A7%D8%B9%E2%80%8C%D8%A7%D9%84%D8%AF%DB%8C%D9%86_%D8%B4%D9%81%D8%A7,,Death
128,داریوش صفوت,1392,1.0,27.0,https://fa.wikipedia.org/wiki/%D8%AF%D8%A7%D8%B1%DB%8C%D9%88%D8%B4_%D8%B5%D9%81%D9%88%D8%AA,,Death
129,احمد اقتداری,1398,1.0,27.0,https://fa.wikipedia.org/wiki/%D8%A7%D8%AD%D9%85%D8%AF_%D8%A7%D9%82%D8%AA%D8%AF%D8%A7%D8%B1%DB%8C,,Death
130,محمد هژبر ابراهیمی,1402,1.0,27.0,https://fa.wikipedia.org/wiki/%D9%85%D8%AD%D9%85%D8%AF_%D9%87%DA%98%D8%A8%D8%B1_%D8%A7%D8%A8%D8%B1%D8%A7%D9%87%DB%8C%D9%85%DB%8C,,Death
131,سید محمود حسینی واعظ,1404,1.0,27.0,https://fa.wikipedia.org/wiki/%D8%B3%DB%8C%D8%AF_%D9%85%D8%AD%D9%85%D9%88%D8%AF_%D8%AD%D8%B3%DB%8C%D9%86%DB%8C_%D9%88%D8%A7%D8%B9%D8%B8,,Death
132,اکبر خیبر,1357,1.0,28.0,https://fa.wikipedia.org/wiki/%D9%85%DB%8C%D8%B1%D8%A7%DA%A9%D8%A8%D8%B1_%D8%AE%DB%8C%D8%A8%D8%B1,,Death
133,سعید حنایی,1381,1.0,28.0,https://fa.wikipedia.org/wiki/%D8%B3%D8%B9%DB%8C%D8%AF_%D8%AD%D9%86%D8%A7%DB%8C%DB%8C,,Death
134,خسرو جهانبانی,1393,1.0,28.0,https://fa.wikipedia.org/wiki/%D8%AE%D8%B3%D8%B1%D9%88_%D8%AC%D9%87%D8%A7%D9%86%D8%A8%D8%A7%D9%86%DB%8C,,Death
135,اصغر ایمانیان,1394,1.0,28.0,https://fa.wikipedia.org/wiki/%D8%A7%D8%B5%D8%BA%D8%B1_%D8%A7%DB%8C%D9%85%D8%A7%D9%86%DB%8C%D8%A7%D9%86,,Death
136,غلامحسین صدری‌افشار,1397,1.0,28.0,https://fa.wikipedia.org/wiki/%D8%BA%D9%84%D8%A7%D9%85%D8%AD%D8%B3%DB%8C%D9%86_%D8%B5%D8%AF%D8%B1%DB%8C%E2%80%8C%D8%A7%D9%81%D8%B4%D8%A7%D8%B1,,Death
137,سهراب مرزبان,1402,1.0,28.0,https://fa.wikipedia.org/w/index.php?title=%D8%B3%D9%87%D8%B1%D8%A7%D8%A8_%D9%85%D8%B1%D8%B2%D8%A8%D8%A7%D9%86&action=edit&redlink=1,,Death
138,سید هادی میرمیران,1385,1.0,29.0,https://fa.wikipedia.org/wiki/%D8%B3%DB%8C%D8%AF_%D9%87%D8%A7%D8%AF%DB%8C_%D9%85%DB%8C%D8%B1%D9%85%DB%8C%D8%B1%D8%A7%D9%86,,Death
139,ایلوش خوشابه,1391,1.0,29.0,https://fa.wikipedia.org/wiki/%D8%A7%DB%8C%D9%84%D9%88%D8%B4_%D8%AE%D9%88%D8%B4%D8%A7%D8%A8%D9%87,,Death
140,بهمن ورمزیار,1397,1.0,29.0,https://fa.wikipedia.org/wiki/%D8%A7%D8%B9%D8%AF%D8%A7%D9%85_%D8%A8%D9%87%D9%85%D9%86_%D9%88%D8%B1%D9%85%D8%B2%DB%8C%D8%A7%D8%B1,,Death
141,سید محمد حجازی,1400,1.0,29.0,https://fa.wikipedia.org/wiki/%D8%B3%DB%8C%D8%AF_%D9%85%D8%AD%D9%85%D8%AF_%D8%AD%D8%AC%D8%A7%D8%B2%DB%8C,,Death
142,هوارد باسکرویل,1288,1.0,30.0,https://fa.wikipedia.org/wiki/%D9%87%D9%88%D8%A7%D8%B1%D8%AF_%D8%A8%D8%A7%D8%B3%DA%A9%D8%B1%D9%88%DB%8C%D9%84,,Death
143,غلامرضا رضوانی,1392,1.0,30.0,https://fa.wikipedia.org/wiki/%D8%BA%D9%84%D8%A7%D9%85%D8%B1%D8%B6%D8%A7_%D8%B1%D8%B6%D9%88%D8%A7%D9%86%DB%8C,,Death
144,پرویز داودی,1403,1.0,30.0,https://fa.wikipedia.org/wiki/%D9%BE%D8%B1%D9%88%DB%8C%D8%B2_%D8%AF%D8%A7%D9%88%D8%AF%DB%8C,,Death
145,سید جعفر حمیدی,1404,1.0,30.0,https://fa.wikipedia.org/wiki/%D8%B3%DB%8C%D8%AF_%D8%AC%D8%B9%D9%81%D8%B1_%D8%AD%D9%85%DB%8C%D8%AF%DB%8C,,Death
146,محمد میرزا کاشف السلطنه,1308,1.0,31.0,https://fa.wikipedia.org/wiki/%D9%85%D8%AD%D9%85%D8%AF_%D9%85%DB%8C%D8%B1%D8%B2%D8%A7_%DA%A9%D8%A7%D8%B4%D9%81_%D8%A7%D9%84%D8%B3%D9%84%D8%B7%D9%86%D9%87,,Death
147,محمدتقی شریعتی,1366,1.0,31.0,https://fa.wikipedia.org/wiki/%D9%85%D8%AD%D9%85%D8%AF%D8%AA%D9%82%DB%8C_%D8%B4%D8%B1%DB%8C%D8%B9%D8%AA%DB%8C,,Death
148,حمیده خیرآبادی,1389,1.0,31.0,https://fa.wikipedia.org/wiki/%D8%AD%D9%85%DB%8C%D8%AF%D9%87_%D8%AE%DB%8C%D8%B1%D8%A2%D8%A8%D8%A7%D8%AF%DB%8C,,Death
149,حسین گنجینه,1390,1.0,31.0,https://fa.wikipedia.org/wiki/%D8%AD%D8%B3%DB%8C%D9%86_%DA%AF%D9%86%D8%AC%DB%8C%D9%86%D9%87,,Death
150,مهرداد اولادی,1395,1.0,31.0,https://fa.wikipedia.org/wiki/%D9%85%D9%87%D8%B1%D8%AF%D8%A7%D8%AF_%D8%A7%D9%88%D9%84%D8%A7%D8%AF%DB%8C,,Death
151,منیر شاهرودی فرمانفرمائیان,1398,1.0,31.0,https://fa.wikipedia.org/wiki/%D9%85%D9%86%DB%8C%D8%B1_%D8%B4%D8%A7%D9%87%D8%B1%D9%88%D8%AF%DB%8C_%D9%81%D8%B1%D9%85%D8%A7%D9%86%D9%81%D8%B1%D9%85%D8%A7%D8%A6%DB%8C%D8%A7%D9%86,,Death
152,–کلنل محمدتقی پسیانفرمانده ژاندارمری خراسان (زادهٔ1270),1300,7.0,9.0,https://fa.wikipedia.org/wiki/%DA%A9%D9%84%D9%86%D9%84_%D9%85%D8%AD%D9%85%D8%AF%D8%AA%D9%82%DB%8C_%D9%BE%D8%B3%DB%8C%D8%A7%D9%86,,Death
153,–حیدرخان عمواوغلی، انقلابی ایرانی و از فعالان مؤثر جنبش مشروطه ایران و از رهبرانحزب کمونیست ایران(زادهٔ 1259),1300,8.0,5.0,https://fa.wikipedia.org/wiki/%D8%AD%DB%8C%D8%AF%D8%B1%D8%AE%D8%A7%D9%86_%D8%B9%D9%85%D9%88%D8%A7%D9%88%D8%BA%D9%84%DB%8C,,Death
154,–عباس افندیعبدالبها، در حیفا، سومین شخصیت محوری آیین بهایی (زادهٔ 1223),1300,9.0,7.0,https://fa.wikipedia.org/wiki/%D8%B9%D8%A8%D8%AF%D8%A7%D9%84%D8%A8%D9%87%D8%A7%D8%A1,,Death
155,–میرزا کوچک خان جنگلیرهبرجنبش جنگل(زادهٔ1259),1300,9.0,11.0,https://fa.wikipedia.org/wiki/%D9%85%DB%8C%D8%B1%D8%B2%D8%A7_%DA%A9%D9%88%DA%86%DA%A9_%D8%AE%D8%A7%D9%86_%D8%AC%D9%86%DA%AF%D9%84%DB%8C,,Death
156,عبدالحسین صنیع همایون، نقاش و تذهیب کار دوره قاجار (زادهٔ1238),1300,,,https://fa.wikipedia.org/wiki/%DB%B1%DB%B2%DB%B3%DB%B8_(%D8%AE%D9%88%D8%B1%D8%B4%DB%8C%D8%AF%DB%8C),,Death
157,بایجانی (زادهٔ1247),1300,,,https://fa.wikipedia.org/wiki/%DB%B1%DB%B2%DB%B4%DB%B7_(%D8%AE%D9%88%D8%B1%D8%B4%DB%8C%D8%AF%DB%8C),,Death
158,خالو قربان هرسینی، از مبارزان جنبش جنگل (زادهٔ1255),1300,,,https://fa.wikipedia.org/wiki/%DB%B1%DB%B2%DB%B5%DB%B5_(%D8%AE%D9%88%D8%B1%D8%B4%DB%8C%D8%AF%DB%8C),,Death
159,نویسندهٔ دورهٔمشروطهو نخستین زن طنزنویس ایرانی,1300,,,https://fa.wikipedia.org/wiki/%D8%AC%D9%86%D8%A8%D8%B4_%D9%85%D8%B4%D8%B1%D9%88%D8%B7%D9%87_%D8%A7%DB%8C%D8%B1%D8%A7%D9%86,,Death
160,–حبیب الله خان میکده، افسر جزء ژاندارمری و پسرسلیمان خان میکده,1301,4.0,7.0,https://fa.wikipedia.org/w/index.php?title=%D8%AD%D8%A8%DB%8C%D8%A8%E2%80%8C%D8%A7%D9%84%D9%84%D9%87_%D8%AE%D8%A7%D9%86_%D9%85%DB%8C%DA%A9%D8%AF%D9%87&action=edit&redlink=1,,Death
161,میرزا ابراهیم خان صحاف باشی، از پیشگامان عکاسی و فیلمبرداری در ایران (زاده1234),1301,,,https://fa.wikipedia.org/wiki/%DB%B1%DB%B2%DB%B3%DB%B4_(%D8%AE%D9%88%D8%B1%D8%B4%DB%8C%D8%AF%DB%8C),,Death
162,زایر خضرخان اهرمی، از همرزمان رئیسعلی دلواری در مبارزه با انگلیسی ها (زاده1241),1301,,,https://fa.wikipedia.org/wiki/%DB%B1%DB%B2%DB%B4%DB%B1_(%D8%AE%D9%88%D8%B1%D8%B4%DB%8C%D8%AF%DB%8C),,Death
163,اسماعیل نوبری، از مبارزین مشروطه و نماینده دور دوم مجلس شورای ملی (زاده1252),1301,,,https://fa.wikipedia.org/wiki/%DB%B1%DB%B2%DB%B5%DB%B2_(%D8%AE%D9%88%D8%B1%D8%B4%DB%8C%D8%AF%DB%8C),,Death
164,–سید حسین کزازی، نمایندۀ کرمانشاه در مجلس شورای ملی و رئیس ادارۀ معارف کرمانشاه (زادهٔ1253),1302,3.0,14.0,https://fa.wikipedia.org/wiki/%D8%B3%DB%8C%D8%AF_%D8%AD%D8%B3%DB%8C%D9%86_%DA%A9%D8%B2%D8%A7%D8%B2%DB%8C,,Death
165,–احمد دریابیگی، نخستین فرماندهٔ نیروی دریایی مدرن ایران در خلیج فارس,1302,6.0,7.0,https://fa.wikipedia.org/wiki/%D8%A7%D8%AD%D9%85%D8%AF_%D8%AF%D8%B1%DB%8C%D8%A7%D8%A8%DB%8C%DA%AF%DB%8C,,Death
166,–محمدیعقوب خان، پادشاه افغانستان (زاده1228),1302,8.0,23.0,https://fa.wikipedia.org/wiki/%D9%85%D8%AD%D9%85%D8%AF%DB%8C%D8%B9%D9%82%D9%88%D8%A8_%D8%AE%D8%A7%D9%86,,Death
167,–سلطان محمد خان سردار اشجع، از رؤسای ایل بختیاری در دوران مشروطه (زاده1241),1302,,,https://fa.wikipedia.org/wiki/%D8%B3%D9%84%D8%B7%D8%A7%D9%86_%D9%85%D8%AD%D9%85%D8%AF_%D8%AE%D8%A7%D9%86_%D8%B3%D8%B1%D8%AF%D8%A7%D8%B1_%D8%A7%D8%B4%D8%AC%D8%B9,,Death
168,محمد اقبال الدوله، از حاکمان کرمانشاه (زادهٔ1227),1302,,,https://fa.wikipedia.org/wiki/%DB%B1%DB%B2%DB%B2%DB%B7_(%D8%AE%D9%88%D8%B1%D8%B4%DB%8C%D8%AF%DB%8C),,Death
169,اسماعیل خان معاضدالملکاز بنیانگذاران آموزش و پرورش نوین در کرمانشاه و نماینده کرمانشاه در دورهٔ دوم مجلس شورای ملی (زادهٔ1253),1302,,,https://fa.wikipedia.org/wiki/%DB%B1%DB%B2%DB%B5%DB%B3_(%D8%AE%D9%88%D8%B1%D8%B4%DB%8C%D8%AF%DB%8C),,Death
170,محترم اسکندری، روزنامه نگار و فعال حقوق زنان (زاده1274),1303,,,https://fa.wikipedia.org/wiki/%DB%B1%DB%B2%DB%B7%DB%B4_(%D8%AE%D9%88%D8%B1%D8%B4%DB%8C%D8%AF%DB%8C),,Death
171,ترورمیرزاده عشقی، شاعر، روزنامه نگار، نویسنده و نمایشنامه نویس (زاده1273),1303,,,https://fa.wikipedia.org/wiki/%DB%B1%DB%B2%DB%B7%DB%B3_(%D8%AE%D9%88%D8%B1%D8%B4%DB%8C%D8%AF%DB%8C),,Death
172,محمدعلی شاه، ششمین شاه قاجار (زاده1251),1304,1.0,16.0,https://fa.wikipedia.org/wiki/%D9%85%D8%AD%D9%85%D8%AF%D8%B9%D9%84%DB%8C_%D8%B4%D8%A7%D9%87,,Death
173,محترم اسکندری، روزنامه نگار و فعال حقوق زنان (زاده1274),1304,,,https://fa.wikipedia.org/wiki/%D9%85%D8%AD%D8%AA%D8%B1%D9%85_%D8%A7%D8%B3%DA%A9%D9%86%D8%AF%D8%B1%DB%8C,,Death
174,حسن مقدم، نمایش نامه نویس ایرانی (زاده1276),1304,,,https://fa.wikipedia.org/wiki/%D8%AD%D8%B3%D9%86_%D9%85%D9%82%D8%AF%D9%85,,Death
175,ایرج میرزا، شاعر ایرانی (زاده1251),1304,12.0,22.0,https://fa.wikipedia.org/wiki/%D8%A7%DB%8C%D8%B1%D8%AC_%D9%85%DB%8C%D8%B1%D8%B2%D8%A7,,Death
176,حاجی سیاح، جهانگرد و فعال سیاسی ایرانی (زاده1215),1304,,,https://fa.wikipedia.org/wiki/%DB%B1%DB%B2%DB%B1%DB%B5_(%D8%AE%D9%88%D8%B1%D8%B4%DB%8C%D8%AF%DB%8C),,Death
177,عبدالله بیگ، شاعر کرد ایرانی (زاده1277),1304,,,https://fa.wikipedia.org/wiki/%DB%B1%DB%B2%DB%B7%DB%B7_(%D8%AE%D9%88%D8%B1%D8%B4%DB%8C%D8%AF%DB%8C),,Death
178,سید محمدرضا مساوات شیرازی، روزنامه نگار و سیاستمدار عصر مشروطه (زاده1244),1304,,,https://fa.wikipedia.org/wiki/%DB%B1%DB%B2%DB%B4%DB%B4_(%D8%AE%D9%88%D8%B1%D8%B4%DB%8C%D8%AF%DB%8C),,Death
179,نایب اسدالله، موسیقی دان و نوازنده ایرانی (زاده1231),1304,,,https://fa.wikipedia.org/wiki/%DB%B1%DB%B2%DB%B3%DB%B1_(%D8%AE%D9%88%D8%B1%D8%B4%DB%8C%D8%AF%DB%8C),,Death
180,ادیب نیشابوری، شاعر ایرانی (زاده1243),1305,3.0,6.0,https://fa.wikipedia.org/wiki/%D8%A7%D8%AF%DB%8C%D8%A8_%D9%86%DB%8C%D8%B4%D8%A7%D8%A8%D9%88%D8%B1%DB%8C,,Death
181,عبدالمجید عین الدوله، صدراعظم مظفرالدین شاه (زاده1224),1306,8.0,10.0,https://fa.wikipedia.org/wiki/%D8%B9%D8%A8%D8%AF%D8%A7%D9%84%D9%85%D8%AC%DB%8C%D8%AF_%D8%B9%DB%8C%D9%86%E2%80%8C%D8%A7%D9%84%D8%AF%D9%88%D9%84%D9%87,,Death
182,ابوالقاسم ناصرالملک، سیاستمدار ایرانی (زاده1245),1306,10.0,4.0,https://fa.wikipedia.org/wiki/%D8%A7%D8%A8%D9%88%D8%A7%D9%84%D9%82%D8%A7%D8%B3%D9%85_%D9%86%D8%A7%D8%B5%D8%B1%D8%A7%D9%84%D9%85%D9%84%DA%A9,,Death
183,ن، نظامی ایرانی (زاده1264),1306,10.0,24.0,https://fa.wikipedia.org/wiki/%D9%85%D8%AD%D9%85%D9%88%D8%AF_%D9%BE%D9%88%D9%84%D8%A7%D8%AF%DB%8C%D9%86,,Death
184,شیخ حسن حسام الاسلام دانشسیاستمدار ایرانی (زاده1256 قمری),1306,,,https://fa.wikipedia.org/wiki/%DB%B1%DB%B2%DB%B5%DB%B6_(%D9%82%D9%85%D8%B1%DB%8C),,Death
185,نورالله نجفی اصفهانی، مرجع تقلید ایرانی و طرفدار مشروطه (زاده1238),1306,,,https://fa.wikipedia.org/wiki/%DB%B1%DB%B2%DB%B3%DB%B8_(%D8%AE%D9%88%D8%B1%D8%B4%DB%8C%D8%AF%DB%8C),,Death
186,جهانشاه خان امیرافشار، ملاک بزرگ زنجان (زاده1220),1307,10.0,6.0,https://fa.wikipedia.org/wiki/%D8%AC%D9%87%D8%A7%D9%86%D8%B4%D8%A7%D9%87%E2%80%8C%D8%AE%D8%A7%D9%86_%D8%A7%D9%85%DB%8C%D8%B1%D8%A7%D9%81%D8%B4%D8%A7%D8%B1,,Death
187,کامران میرزا، شاهزاده قاجار و سیاستمدار ایرانی (زاده1235),1307,,,https://fa.wikipedia.org/wiki/%DB%B1%DB%B2%DB%B3%DB%B5_(%D8%AE%D9%88%D8%B1%D8%B4%DB%8C%D8%AF%DB%8C),,Death
188,آرداشس پادماگریانمعروف به اردشیرخان، از نخستین سینماداران ایران (زاده1242),1307,,,https://fa.wikipedia.org/wiki/%DB%B1%DB%B2%DB%B4%DB%B2_(%D8%AE%D9%88%D8%B1%D8%B4%DB%8C%D8%AF%DB%8C),,Death
189,شاعر و روحانی شیعه ایرانی (زاده1243),1307,,,https://fa.wikipedia.org/wiki/%DB%B1%DB%B2%DB%B4%DB%B3_(%D8%AE%D9%88%D8%B1%D8%B4%DB%8C%D8%AF%DB%8C),,Death
190,محمد میرزا کاشف السلطنه، سیاستمدار، نویسنده و پدر چای ایران,1308,1.0,31.0,https://fa.wikipedia.org/wiki/%D9%85%D8%AD%D9%85%D8%AF_%D9%85%DB%8C%D8%B1%D8%B2%D8%A7_%DA%A9%D8%A7%D8%B4%D9%81_%D8%A7%D9%84%D8%B3%D9%84%D8%B7%D9%86%D9%87,,Death
191,احمدشاه، واپسین پادشاهدودمان قاجار,1308,12.0,9.0,https://fa.wikipedia.org/wiki/%D8%A7%D8%AD%D9%85%D8%AF%D8%B4%D8%A7%D9%87,,Death
192,؛اسماعیل آقامعروف بهسیمیتقوشورشی کرد، در منطقه مرزی ایران و ترکیه کشته شد.,1309,4.0,30.0,https://fa.wikipedia.org/wiki/%D8%B3%DB%8C%D9%85%DB%8C%D8%AA%D9%82%D9%88,,Death
193,سیدجلال الدین کاشانی(معروف به مویدالاسلام) مدیر و نویسنده نشریهحبل المتیندر دورهجنبش مشروطه ایران.,1309,,,https://fa.wikipedia.org/wiki/%D8%B3%DB%8C%D8%AF%D8%AC%D9%84%D8%A7%D9%84%E2%80%8C%D8%A7%D9%84%D8%AF%DB%8C%D9%86_%DA%A9%D8%A7%D8%B4%D8%A7%D9%86%DB%8C,,Death
194,نجف قلی خان بختیاری(معروف به صمصام السلطنه) از سران ایل بختیاری و دو دورهرئیس الوزرایایران.,1309,,,https://fa.wikipedia.org/wiki/%D8%B1%D8%A6%DB%8C%D8%B3%E2%80%8C%D8%A7%D9%84%D9%88%D8%B2%D8%B1%D8%A7,,Death
195,هُوْهانِس آبکاریانمعروف بهیحیی تارساز، سازنده سازتار,1310,,,https://fa.wikipedia.org/wiki/%D8%AA%D8%A7%D8%B1,,Death
196,مقبل السلطنه خراسانی؛ سران و صاحب منصباندورهٔ قاجار,1310,,,https://fa.wikipedia.org/wiki/%D8%A7%DB%8C%D8%B1%D8%A7%D9%86_%D9%82%D8%A7%D8%AC%D8%A7%D8%B1%DB%8C,,Death
197,حسن مستوفی، (معروف به مستوفی الممالک) سیاست مدار.,1311,6.0,6.0,https://fa.wikipedia.org/wiki/%D8%AD%D8%B3%D9%86_%D9%85%D8%B3%D8%AA%D9%88%D9%81%DB%8C,,Death
198,صولت الدوله، قشقایی در زندان قصر درگذشت,1311,7.0,16.0,https://fa.wikipedia.org/wiki/%D8%B5%D9%88%D9%84%D8%AA%E2%80%8C%D8%A7%D9%84%D8%AF%D9%88%D9%84%D9%87,,Death
199,غلامعلی دولتشاهی، (معروف به مجلل الدوله) پدرزنرضاشاهو رئیس تشریفات دربار پهلوی,1311,8.0,16.0,https://fa.wikipedia.org/wiki/%D8%BA%D9%84%D8%A7%D9%85%D8%B9%D9%84%DB%8C_%D8%AF%D9%88%D9%84%D8%AA%D8%B4%D8%A7%D9%87%DB%8C,,Death
200,عبدالحسین تیمورتاش: دولتمرد و وزیر درباررضاشاه پهلوی.,1312,7.0,9.0,https://fa.wikipedia.org/wiki/%D8%B9%D8%A8%D8%AF%D8%A7%D9%84%D8%AD%D8%B3%DB%8C%D9%86_%D8%AA%DB%8C%D9%85%D9%88%D8%B1%D8%AA%D8%A7%D8%B4,,Death
201,ابوالقاسم عارف قزوینی،شاعرو تصنیف سازایرانی(زادروز1259),1312,11.0,1.0,https://fa.wikipedia.org/wiki/%D8%A7%D8%A8%D9%88%D8%A7%D9%84%D9%82%D8%A7%D8%B3%D9%85_%D8%B9%D8%A7%D8%B1%D9%81_%D9%82%D8%B2%D9%88%DB%8C%D9%86%DB%8C,,Death
202,فقیه و مرجع تقلید شیعه (زاده 1234),1313,10.0,22.0,https://fa.wikipedia.org/wiki/%D8%B3%DB%8C%D8%AF_%D8%A7%D8%A8%D9%88%D8%A7%D9%84%D9%82%D8%A7%D8%B3%D9%85_%D8%AF%D9%87%DA%A9%D8%B1%D8%AF%DB%8C,,Death
203,محمود غنی زاده، شاعر,1313,11.0,30.0,https://fa.wikipedia.org/wiki/%D9%85%D8%AD%D9%85%D9%88%D8%AF_%D8%BA%D9%86%DB%8C%E2%80%8C%D8%B2%D8%A7%D8%AF%D9%87,,Death
204,حسن پیرنیا، معروف به مشیرالدوله، سیاستمدار، نویسنده و مورخ,1314,8.0,29.0,https://fa.wikipedia.org/wiki/%D8%AD%D8%B3%D9%86_%D9%BE%DB%8C%D8%B1%D9%86%DB%8C%D8%A7,,Death
205,علی اکبر داور، از رجال سیاسی دورهٔ رضاشاه (زاده 1246),1315,11.0,20.0,https://fa.wikipedia.org/wiki/%D8%B9%D9%84%DB%8C%E2%80%8C%D8%A7%DA%A9%D8%A8%D8%B1_%D8%AF%D8%A7%D9%88%D8%B1,,Death
206,طوبی آزموده، از پیشگامانجنبش زنان در ایران(زاده 1257),1315,,,https://fa.wikipedia.org/wiki/%D8%AC%D9%86%D8%A8%D8%B4_%D8%B2%D9%86%D8%A7%D9%86_%D8%AF%D8%B1_%D8%A7%DB%8C%D8%B1%D8%A7%D9%86,,Death
207,مرجع تقلید شیعه و بنیان گذارحوزه علمیه قم,1315,,,https://fa.wikipedia.org/wiki/%D8%AD%D9%88%D8%B2%D9%87_%D8%B9%D9%84%D9%85%DB%8C%D9%87_%D9%82%D9%85,,Death
208,شیخ خزعل کعبی، حاکم محمرهخرمشهر,1315,,,https://fa.wikipedia.org/wiki/%D8%AE%D8%B1%D9%85%D8%B4%D9%87%D8%B1,,Death
209,رضا کمال شهرزاد، نمایشنامه نویس,1316,6.0,20.0,https://fa.wikipedia.org/wiki/%D8%B1%D8%B6%D8%A7_%DA%A9%D9%85%D8%A7%D9%84_%D8%B4%D9%87%D8%B1%D8%B2%D8%A7%D8%AF,,Death
210,سید حسن مدرس، روحانی و نمایندهمجلس شورای ملی(زادروز 1249),1316,9.0,10.0,https://fa.wikipedia.org/wiki/%D8%B3%DB%8C%D8%AF_%D8%AD%D8%B3%D9%86_%D9%85%D8%AF%D8%B1%D8%B3,,Death
211,یوسف اعتصامی، مترجم,1316,10.0,12.0,https://fa.wikipedia.org/wiki/%DB%8C%D9%88%D8%B3%D9%81_%D8%A7%D8%B9%D8%AA%D8%B5%D8%A7%D9%85%DB%8C,,Death
212,فیروز فیروز، سیاستمدار ایرانی در اواخر دوره قاجار واوایل دوره پهلوی,1316,10.0,20.0,https://fa.wikipedia.org/wiki/%D9%81%DB%8C%D8%B1%D9%88%D8%B2_%D9%81%DB%8C%D8%B1%D9%88%D8%B2,,Death
213,اقبال لاهوریشاعر پاکستانی,1317,2.0,1.0,https://fa.wikipedia.org/wiki/%D8%A7%D9%82%D8%A8%D8%A7%D9%84_%D9%84%D8%A7%D9%87%D9%88%D8%B1%DB%8C,,Death
214,یحیی دولت آبادی، رجل سیاسی دوران انقلاب مشروطه ایران,1318,8.0,4.0,https://fa.wikipedia.org/wiki/%DB%8C%D8%AD%DB%8C%DB%8C_%D8%AF%D9%88%D9%84%D8%AA%E2%80%8C%D8%A2%D8%A8%D8%A7%D8%AF%DB%8C,,Death
215,عبدالحسین میرزا فرمانفرما، سیاستمدار ایرانی در دوره قاجار,1318,8.0,30.0,https://fa.wikipedia.org/wiki/%D8%B9%D8%A8%D8%AF%D8%A7%D9%84%D8%AD%D8%B3%DB%8C%D9%86_%D9%85%DB%8C%D8%B1%D8%B2%D8%A7_%D9%81%D8%B1%D9%85%D8%A7%D9%86%D9%81%D8%B1%D9%85%D8%A7,,Death
216,تقی ارانی، فعال سیاسی کمونیست در ایران,1318,11.0,14.0,https://fa.wikipedia.org/wiki/%D8%AA%D9%82%DB%8C_%D8%A7%D8%B1%D8%A7%D9%86%DB%8C,,Death
217,محمد غفاری، معروف بهکمال المُلکنقاش ایرانی,1319,5.0,27.0,https://fa.wikipedia.org/wiki/%D9%85%D8%AD%D9%85%D8%AF_%D8%BA%D9%81%D8%A7%D8%B1%DB%8C,,Death
218,پروین اعتصامی، شاعر معاصر ایران,1320,1.0,15.0,https://fa.wikipedia.org/wiki/%D9%BE%D8%B1%D9%88%DB%8C%D9%86_%D8%A7%D8%B9%D8%AA%D8%B5%D8%A7%D9%85%DB%8C,,Death
219,غلامعلی بایندر، فرمانده نیروی دریایی,1320,6.0,3.0,https://fa.wikipedia.org/wiki/%D8%BA%D9%84%D8%A7%D9%85%D8%B9%D9%84%DB%8C_%D8%A8%D8%A7%DB%8C%D9%86%D8%AF%D8%B1,,Death
220,یدالله بایندر،ناوسرواننیروی دریایی,1320,6.0,4.0,https://fa.wikipedia.org/wiki/%DB%8C%D8%AF%D8%A7%D9%84%D9%84%D9%87_%D8%A8%D8%A7%DB%8C%D9%86%D8%AF%D8%B1,,Death
221,ناصر دیوان کازرونی، رهبر قیام مردمکازرونوفارسعلیه استعمار انگلستان,1321,2.0,9.0,https://fa.wikipedia.org/wiki/%D9%86%D8%A7%D8%B5%D8%B1_%D8%AF%DB%8C%D9%88%D8%A7%D9%86_%DA%A9%D8%A7%D8%B2%D8%B1%D9%88%D9%86%DB%8C,,Death
222,محمد علی فروغی، سیاست مدار، نویسنده، مترجم و دانشمند,1321,9.0,5.0,https://fa.wikipedia.org/wiki/%D9%85%D8%AD%D9%85%D8%AF_%D8%B9%D9%84%DB%8C_%D9%81%D8%B1%D9%88%D8%BA%DB%8C,,Death
223,شاعر,1321,10.0,8.0,https://fa.wikipedia.org/wiki/%D9%88%D8%AD%DB%8C%D8%AF_%D8%AF%D8%B3%D8%AA%DA%AF%D8%B1%D8%AF%DB%8C,,Death
224,عباس تربتیمعروف به ملاعباس تربتی و حاج آخوند، روحانی و عارف معاصرشیعه,1322,7.0,24.0,https://fa.wikipedia.org/wiki/%D8%B9%D8%A8%D8%A7%D8%B3_%D8%AA%D8%B1%D8%A8%D8%AA%DB%8C,,Death
225,محمدابراهیم علمزمین دار بزرگ و حاکم منطقهقائنات،جنوب خراسانوسیستان، وزیر پست و تلگراف دورانرضاشاه,1322,,,https://fa.wikipedia.org/wiki/%D9%82%D8%A7%D8%A6%D9%86%D8%A7%D8%AA,,Death
226,رضا شاه پهلویمعروف به سردار سپه، اولین پادشاه دودمان پهلوی در ایران (فوت در شهرژوهانسبورگآفریقای جنوبی),1323,5.0,4.0,https://fa.wikipedia.org/wiki/%D8%B1%D8%B6%D8%A7_%D8%B4%D8%A7%D9%87_%D9%BE%D9%87%D9%84%D9%88%DB%8C,,Death
227,حسن رشدیه، بنیانگذار آموزش نوین در ایران (زاده1230),1323,9.0,29.0,https://fa.wikipedia.org/wiki/%D8%AD%D8%B3%D9%86_%D8%B1%D8%B4%D8%AF%DB%8C%D9%87,,Death
228,اری: سیاستمدار ایرانی و رئیس مجلس شورای ملی.,1323,10.0,5.0,https://fa.wikipedia.org/wiki/%D8%AD%D8%B3%D9%86_%D8%A7%D8%B3%D9%81%D9%86%D8%AF%DB%8C%D8%A7%D8%B1%DB%8C,,Death
229,مستوره افشار، فعال حقوق زنان درجمعیت نسوان وطنخواه,1324,,,https://fa.wikipedia.org/wiki/%D8%AC%D9%85%D8%B9%DB%8C%D8%AA_%D9%86%D8%B3%D9%88%D8%A7%D9%86_%D9%88%D8%B7%D9%86%D8%AE%D9%88%D8%A7%D9%87,,Death
230,ب ایرانی,1324,,,#cite_note-1,,Death
231,مستوره افشار، فعال حقوق زنان درجمعیت نسوان وطنخواه,1325,,,https://fa.wikipedia.org/wiki/%D8%AC%D9%85%D8%B9%DB%8C%D8%AA_%D9%86%D8%B3%D9%88%D8%A7%D9%86_%D9%88%D8%B7%D9%86%D8%AE%D9%88%D8%A7%D9%87,,Death
232,سید علی قاضی، فقیه و عارف شیعه,1325,11.0,8.0,https://fa.wikipedia.org/wiki/%D8%B3%DB%8C%D8%AF_%D8%B9%D9%84%DB%8C_%D9%82%D8%A7%D8%B6%DB%8C,,Death
233,سید جعفر پیشه وری: سیاستمدار و مؤسس حزب دموکرات آذربایجان.,1326,4.0,20.0,https://fa.wikipedia.org/wiki/%D8%B3%DB%8C%D8%AF_%D8%AC%D8%B9%D9%81%D8%B1_%D9%BE%DB%8C%D8%B4%D9%87%E2%80%8C%D9%88%D8%B1%DB%8C,,Death
234,ملکه جهان: مادراحمدشاه قاجار.,1326,,,https://fa.wikipedia.org/wiki/%D9%85%D9%84%DA%A9%D9%87_%D8%AC%D9%87%D8%A7%D9%86,,Death
235,ان.,1326,10.0,9.0,https://fa.wikipedia.org/wiki/%D9%85%D9%87%D8%A7%D8%AA%D9%85%D8%A7_%DA%AF%D8%A7%D9%86%D8%AF%DB%8C,,Death
236,هو شاهیمن. (17 فبروری 1948),1326,10.0,27.0,https://fa.wikipedia.org/wiki/%DB%8C%D8%AD%DB%8C%DB%8C_%D8%AD%D9%85%DB%8C%D8%AF%D8%A7%D9%84%D8%AF%DB%8C%D9%86,,Death
237,حسن مشار، سیاستمرد دورهقاجاروپهلوی(زاده1242),1327,,,https://fa.wikipedia.org/wiki/%D9%82%D8%A7%D8%AC%D8%A7%D8%B1,,Death
238,محمد قزوینیمعروف به علامه قزوینی، ادیب و پژوهشگر تاریخ و فرهنگ ایران.,1328,3.0,6.0,https://fa.wikipedia.org/wiki/%D9%85%D8%AD%D9%85%D8%AF_%D9%82%D8%B2%D9%88%DB%8C%D9%86%DB%8C,,Death
239,_ ترورعبدالحسین هژیراز نخست وزیران دوره پهلوی هنگام خروج از مجلس عزاداری در مسجد سپهسالار تهران توسطحسن امامیاز اعضای جمعیت فدائیان اسلام.,1328,8.0,13.0,https://fa.wikipedia.org/wiki/%D8%B9%D8%A8%D8%AF%D8%A7%D9%84%D8%AD%D8%B3%DB%8C%D9%86_%D9%87%DA%98%DB%8C%D8%B1,,Death
240,محمدعلی شاه آبادیفیلسوف ایرانی,1328,9.0,3.0,https://fa.wikipedia.org/wiki/%D9%85%D8%AD%D9%85%D8%AF%D8%B9%D9%84%DB%8C_%D8%B4%D8%A7%D9%87%E2%80%8C%D8%A2%D8%A8%D8%A7%D8%AF%DB%8C,,Death
241,حاج مرزوق عرب حائری، روحانی و مداح عراقی,1329,4.0,17.0,https://fa.wikipedia.org/wiki/%D8%AD%D8%A7%D8%AC_%D9%85%D8%B1%D8%B2%D9%88%D9%82_%D8%B9%D8%B1%D8%A8_%D8%AD%D8%A7%D8%A6%D8%B1%DB%8C,,Death
242,مصطفی عدل، حقوقدان و سیاستمدار,1329,4.0,21.0,https://fa.wikipedia.org/wiki/%D9%85%D8%B5%D8%B7%D9%81%DB%8C_%D8%B9%D8%AF%D9%84,,Death
243,حسن وثوق الدوله، سیاستمدار ایرانی در اواخر دوره قاجار و اوایل دوره پهلوی و از صدراعظم های ایرانی,1329,11.0,14.0,https://fa.wikipedia.org/wiki/%D9%88%D8%AB%D9%88%D9%82%E2%80%8C%D8%A7%D9%84%D8%AF%D9%88%D9%84%D9%87,,Death
244,حاجعلی رزم آرا، نخست وزیر وقت ایران,1329,12.0,16.0,https://fa.wikipedia.org/wiki/%D8%AD%D8%A7%D8%AC%D8%B9%D9%84%DB%8C_%D8%B1%D8%B2%D9%85%E2%80%8C%D8%A2%D8%B1%D8%A7,,Death
245,صادق هدایتنویسنده، مترجم وروشنفکرایرانی.,1330,1.0,19.0,https://fa.wikipedia.org/wiki/%D8%B5%D8%A7%D8%AF%D9%82_%D9%87%D8%AF%D8%A7%DB%8C%D8%AA,,Death
246,محمدتقی بهار، ملقب به ملک الشعرا شاعر، روزنامه نگار، ادیب، تاریخ نویس، و سیاستمدار ایرانی.,1330,2.0,1.0,https://fa.wikipedia.org/wiki/%D9%85%D8%AD%D9%85%D8%AF%D8%AA%D9%82%DB%8C_%D8%A8%D9%87%D8%A7%D8%B1,,Death
247,سرتیپمحمد درگاهی، رئیسنظمیه،رئیس شهربانی کل کشور,1331,,,https://fa.wikipedia.org/wiki/%D9%86%D8%B8%D9%85%DB%8C%D9%87,,Death
248,میرزا عبدالحسین ذوالریاستین شیرازی(مونسعلیشاه),1332,3.0,24.0,https://fa.wikipedia.org/wiki/%D9%85%DB%8C%D8%B1%D8%B2%D8%A7_%D8%B9%D8%A8%D8%AF%D8%A7%D9%84%D8%AD%D8%B3%DB%8C%D9%86_%D8%B0%D9%88%D8%A7%D9%84%D8%B1%DB%8C%D8%A7%D8%B3%D8%AA%DB%8C%D9%86_%D8%B4%DB%8C%D8%B1%D8%A7%D8%B2%DB%8C,,Death
249,حسین فاطمیوزیر امور خارجه دولتمحمد مصدق,1333,8.0,19.0,https://fa.wikipedia.org/wiki/%D8%AD%D8%B3%DB%8C%D9%86_%D9%81%D8%A7%D8%B7%D9%85%DB%8C,,Death
250,احمد قوام، سیاستمدار ایرانی در دوره قاجار و پهلوی,1334,4.0,28.0,https://fa.wikipedia.org/wiki/%D8%A7%D8%AD%D9%85%D8%AF_%D9%82%D9%88%D8%A7%D9%85,,Death
251,سیدحسین طاهرزاده، خواننده موسیقی,1334,6.0,12.0,https://fa.wikipedia.org/wiki/%D8%AD%D8%B3%DB%8C%D9%86_%D8%B7%D8%A7%D9%87%D8%B1%D8%B2%D8%A7%D8%AF%D9%87,,Death
252,عباس اقبال آشتیانی، نویسنده، تاریخ نگار و استاد دانشگاه,1334,11.0,21.0,https://fa.wikipedia.org/wiki/%D8%B9%D8%A8%D8%A7%D8%B3_%D8%A7%D9%82%D8%A8%D8%A7%D9%84_%D8%A2%D8%B4%D8%AA%DB%8C%D8%A7%D9%86%DB%8C,,Death
253,نواب صفوی، طلبه و بنیانگذار گروه فدائیان اسلام در ایران,1334,10.0,27.0,https://fa.wikipedia.org/wiki/%D9%86%D9%88%D8%A7%D8%A8_%D8%B5%D9%81%D9%88%DB%8C,,Death
254,علی اکبر دهخدا، نویسنده، پژوهشگر و گردآورندهٔلغت نامه دهخدا,1334,12.0,7.0,https://fa.wikipedia.org/wiki/%D8%B9%D9%84%DB%8C%E2%80%8C%D8%A7%DA%A9%D8%A8%D8%B1_%D8%AF%D9%87%D8%AE%D8%AF%D8%A7,,Death
255,طغرل افشار، از نخستین پیشگامان نقد سینمایی در ایران و بانی برگزاری اولینجشنواره فیلمدر ایران بوده است.,1335,5.0,28.0,https://fa.wikipedia.org/wiki/%D8%B7%D8%BA%D8%B1%D9%84_%D8%A7%D9%81%D8%B4%D8%A7%D8%B1,,Death
256,مرتضی قلی بیات، سیاستمدار و نخست وزیر ایران در زمانمحمدرضاشاهپهلوی.,1336,2.0,20.0,https://fa.wikipedia.org/wiki/%D9%85%D8%B1%D8%AA%D8%B6%DB%8C%E2%80%8C%D9%82%D9%84%DB%8C_%D8%A8%DB%8C%D8%A7%D8%AA,,Death
257,دادشاه، مبارز بلوچ در زمان محمدرضاشاه پهلوی,1336,10.0,21.0,https://fa.wikipedia.org/wiki/%D8%AF%D8%A7%D8%AF%D8%B4%D8%A7%D9%87,,Death
258,محمدعلی اقبال،نماینده دوره نوزدهم مجلس شورای ملی,1336,12.0,8.0,https://fa.wikipedia.org/wiki/%D9%85%D8%AD%D9%85%D8%AF%D8%B9%D9%84%DB%8C_%D8%A7%D9%82%D8%A8%D8%A7%D9%84,,Death
259,علی سهیلی، از نخست وزیران دوره پهلوی,1337,2.0,11.0,https://fa.wikipedia.org/wiki/%D8%B9%D9%84%DB%8C_%D8%B3%D9%87%DB%8C%D9%84%DB%8C,,Death
260,داریوش رفیعی، خواننده سبک سنتی,1337,11.0,2.0,https://fa.wikipedia.org/wiki/%D8%AF%D8%A7%D8%B1%DB%8C%D9%88%D8%B4_%D8%B1%D9%81%DB%8C%D8%B9%DB%8C,,Death
261,فضل الله دهش، ملقب به عطاءالملک، پدرش حاج محمدحسین شیرازی تاجر شیرازی بود. او در سال 1300 نخستین کارخانهٔ نساجی اصفهان را تأسیس کرد,1338,2.0,2.0,https://fa.wikipedia.org/wiki/%D9%81%D8%B6%D9%84%E2%80%8C%D8%A7%D9%84%D9%84%D9%87_%D8%AF%D9%87%D8%B4,,Death
262,محمدابراهیم محقق، عالم دینی و مرجع تقلید منطقه ای در قزوین,1338,2.0,20.0,https://fa.wikipedia.org/w/index.php?title=%D9%85%D8%AD%D9%85%D8%AF%D8%A7%D8%A8%D8%B1%D8%A7%D9%87%DB%8C%D9%85_%D9%85%D8%AD%D9%82%D9%82&action=edit&redlink=1,,Death
263,قمرالملوک وزیری، خوانندهٔ آوازهای موسیقی سنتی ایرانی,1338,5.0,14.0,https://fa.wikipedia.org/wiki/%D9%82%D9%85%D8%B1%D8%A7%D9%84%D9%85%D9%84%D9%88%DA%A9_%D9%88%D8%B2%DB%8C%D8%B1%DB%8C,,Death
264,ابراهیم حکیمی، سیاستمدار و نخست وزیر دورهٔ محمدرضاشاه پهلوی,1338,7.0,27.0,https://fa.wikipedia.org/wiki/%D8%A7%D8%A8%D8%B1%D8%A7%D9%87%DB%8C%D9%85_%D8%AD%DA%A9%DB%8C%D9%85%DB%8C,,Death
265,نیما یوشیج، شاعر ایرانی، ملقب به «پدر شعر نوِ فارسی»,1338,10.0,13.0,https://fa.wikipedia.org/wiki/%D9%86%DB%8C%D9%85%D8%A7_%DB%8C%D9%88%D8%B4%DB%8C%D8%AC,,Death
266,فضل الله زاهدی، نظامی و نخست وزیر ایران,1342,6.0,11.0,https://fa.wikipedia.org/wiki/%D9%81%D8%B6%D9%84%E2%80%8C%D8%A7%D9%84%D9%84%D9%87_%D8%B2%D8%A7%D9%87%D8%AF%DB%8C,,Death
267,حسین علاء: سیاستمدار و نخست وزیر ایران در دوره پهلوی,1343,4.0,21.0,https://fa.wikipedia.org/wiki/%D8%AD%D8%B3%DB%8C%D9%86_%D8%B9%D9%84%D8%A7%D8%A1,,Death
268,مستوره افشار، فعال حقوق زنان درجمعیت نسوان وطنخواه,1343,,,https://fa.wikipedia.org/wiki/%D9%85%D8%B3%D8%AA%D9%88%D8%B1%D9%87_%D8%A7%D9%81%D8%B4%D8%A7%D8%B1,,Death
269,نظام وفا: شاعر ایرانی و استادنیما یوشیج,1343,11.0,2.0,https://fa.wikipedia.org/wiki/%D9%86%D8%B8%D8%A7%D9%85_%D9%88%D9%81%D8%A7,,Death
270,1-مرتضی محجوبینوازنده پیانو,1344,,,https://fa.wikipedia.org/wiki/%D9%85%D8%B1%D8%AA%D8%B6%DB%8C_%D9%85%D8%AD%D8%AC%D9%88%D8%A8%DB%8C,,Death
271,غلامرضا تختی، کشتی گیر ایرانی (زاده1309),1346,10.0,17.0,https://fa.wikipedia.org/wiki/%D8%BA%D9%84%D8%A7%D9%85%D8%B1%D8%B6%D8%A7_%D8%AA%D8%AE%D8%AA%DB%8C,,Death
272,حسین بهزاد،نقاش,1347,7.0,21.0,https://fa.wikipedia.org/wiki/%D8%AD%D8%B3%DB%8C%D9%86_%D8%A8%D9%87%D8%B2%D8%A7%D8%AF,,Death
273,عین الله محمودی همدانی، پدر صنعت مخابرات ایران,1347,9.0,15.0,https://fa.wikipedia.org/wiki/%D8%B9%DB%8C%D9%86%E2%80%8C%D8%A7%D9%84%D9%84%D9%87_%D9%85%D8%AD%D9%85%D9%88%D8%AF%DB%8C_%D9%87%D9%85%D8%AF%D8%A7%D9%86%DB%8C,,Death
274,حسین یاحقی، موسیقی دان و نوازنده ویولن,1347,8.0,6.0,https://fa.wikipedia.org/wiki/%D8%AD%D8%B3%DB%8C%D9%86_%DB%8C%D8%A7%D8%AD%D9%82%DB%8C,,Death
275,رهی معیری، غزل سرای معاصر,1347,8.0,24.0,https://fa.wikipedia.org/wiki/%D8%B1%D9%87%DB%8C_%D9%85%D8%B9%DB%8C%D8%B1%DB%8C,,Death
276,سید محمد محقق داماد، فقیه و مجتهد,1347,12.0,1.0,https://fa.wikipedia.org/wiki/%D8%B3%DB%8C%D8%AF_%D9%85%D8%AD%D9%85%D8%AF_%D9%85%D8%AD%D9%82%D9%82_%D8%AF%D8%A7%D9%85%D8%A7%D8%AF,,Death
277,عبدالحسین سپنتا،کارگردان,1348,1.0,8.0,https://fa.wikipedia.org/wiki/%D8%B9%D8%A8%D8%AF%D8%A7%D9%84%D8%AD%D8%B3%DB%8C%D9%86_%D8%B3%D9%BE%D9%86%D8%AA%D8%A7,,Death
278,خلیل ملکی، سیاستمدار,1348,4.0,22.0,https://fa.wikipedia.org/wiki/%D8%AE%D9%84%DB%8C%D9%84_%D9%85%D9%84%DA%A9%DB%8C,,Death
279,محمود جم، سیاستمدار,1348,5.0,19.0,https://fa.wikipedia.org/wiki/%D9%85%D8%AD%D9%85%D9%88%D8%AF_%D8%AC%D9%85,,Death
280,سید ضیاءالدین طباطبایی،روزنامه نگارونخست وزیرایران در دورانقاجاریه,1348,6.0,6.0,https://fa.wikipedia.org/wiki/%D8%B3%DB%8C%D8%AF_%D8%B6%DB%8C%D8%A7%D8%A1%D8%A7%D9%84%D8%AF%DB%8C%D9%86_%D8%B7%D8%A8%D8%A7%D8%B7%D8%A8%D8%A7%DB%8C%DB%8C,,Death
281,جلال آل احمد، روشنفکر، نویسنده و مترجم,1348,6.0,18.0,https://fa.wikipedia.org/wiki/%D8%AC%D9%84%D8%A7%D9%84_%D8%A2%D9%84_%D8%A7%D8%AD%D9%85%D8%AF,,Death
282,سید حسن تقی زاده، سیاستمدار و از رهبرانانقلاب مشروطه,1348,11.0,8.0,https://fa.wikipedia.org/wiki/%D8%B3%DB%8C%D8%AF_%D8%AD%D8%B3%D9%86_%D8%AA%D9%82%DB%8C%E2%80%8C%D8%B2%D8%A7%D8%AF%D9%87,,Death
283,آقابزرگ تهرانی، کتاب شناس و پژوهشگر,1348,12.0,12.0,https://fa.wikipedia.org/wiki/%D8%A2%D9%82%D8%A7%D8%A8%D8%B2%D8%B1%DA%AF_%D8%AA%D9%87%D8%B1%D8%A7%D9%86%DB%8C,,Death
284,بدیع الزمان فروزانفر، ادیب سرشناس ایرانی و استاد زبان و ادبیات فارسی,1349,2.0,16.0,https://fa.wikipedia.org/wiki/%D8%A8%D8%AF%DB%8C%D8%B9%E2%80%8C%D8%A7%D9%84%D8%B2%D9%85%D8%A7%D9%86_%D9%81%D8%B1%D9%88%D8%B2%D8%A7%D9%86%D9%81%D8%B1,,Death
285,سید محمدتقی غضنفریخوانساری از فقها قرن چهاردهم,1350,1.0,6.0,https://fa.wikipedia.org/wiki/%D8%B3%DB%8C%D8%AF_%D9%85%D8%AD%D9%85%D8%AF%D8%AA%D9%82%DB%8C_%D8%BA%D8%B6%D9%86%D9%81%D8%B1%DB%8C,,Death
286,احمد متین دفتری، سیاستمدار ایرانی,1350,4.0,5.0,https://fa.wikipedia.org/wiki/%D8%A7%D8%AD%D9%85%D8%AF_%D9%85%D8%AA%DB%8C%D9%86_%D8%AF%D9%81%D8%AA%D8%B1%DB%8C,,Death
287,محمد معین، استاد زبان فارسی و پدیدآورندهٔ فرهنگ معین.,1350,4.0,13.0,https://fa.wikipedia.org/wiki/%D9%85%D8%AD%D9%85%D8%AF_%D9%85%D8%B9%DB%8C%D9%86,,Death
288,علی اکبر فیاض، استاد ادبیات فارسی و مصححتاریخ بیهقی,1350,6.0,4.0,https://fa.wikipedia.org/wiki/%D8%B9%D9%84%DB%8C%E2%80%8C%D8%A7%DA%A9%D8%A8%D8%B1_%D9%81%DB%8C%D8%A7%D8%B6,,Death
289,سلطان الواعظین شیرازیاندیشمند،خطیبو از علمایشیعهقرن چهاردهمو نویسنده کتابشب های پیشاور,1350,7.0,16.0,https://fa.wikipedia.org/wiki/%D8%B3%D9%84%D8%B7%D8%A7%D9%86_%D8%A7%D9%84%D9%88%D8%A7%D8%B9%D8%B8%DB%8C%D9%86_%D8%B4%DB%8C%D8%B1%D8%A7%D8%B2%DB%8C,,Death
290,حسن زیرک، خواننده کُرد,1351,4.0,5.0,https://fa.wikipedia.org/wiki/%D8%AD%D8%B3%D9%86_%D8%B2%DB%8C%D8%B1%DA%A9,,Death
291,محمد حنیف نژاداز بنیانگذاران سازمان مجاهدین خلق,1351,3.0,4.0,https://fa.wikipedia.org/wiki/%D9%85%D8%AD%D9%85%D8%AF_%D8%AD%D9%86%DB%8C%D9%81_%D9%86%DA%98%D8%A7%D8%AF,,Death
292,سعید محسناز بنیانگذاران سازمان مجاهدین خلق,1351,3.0,4.0,https://fa.wikipedia.org/wiki/%D8%B3%D8%B9%DB%8C%D8%AF_%D9%85%D8%AD%D8%B3%D9%86,,Death
293,علی اصغر بدیع زادگاناز بنیانگذاران سازمان مجاهدین خلق,1351,3.0,4.0,https://fa.wikipedia.org/wiki/%D8%B9%D9%84%DB%8C_%D8%A7%D8%B5%D8%BA%D8%B1_%D8%A8%D8%AF%DB%8C%D8%B9_%D8%B2%D8%A7%D8%AF%DA%AF%D8%A7%D9%86,,Death
294,رسول مشکین فاماز اعضای کادر مرکزی سازمان مجاهدین خلق,1351,3.0,4.0,https://fa.wikipedia.org/wiki/%D8%B1%D8%B3%D9%88%D9%84_%D9%85%D8%B4%DA%A9%DB%8C%D9%86_%D9%81%D8%A7%D9%85,,Death
295,محمود عسگری زادهاز اعضای سازمان مجاهدین خلق,1351,3.0,4.0,https://fa.wikipedia.org/wiki/%D9%85%D8%AD%D9%85%D9%88%D8%AF_%D8%B9%D8%B3%DA%AF%D8%B1%DB%8C_%D8%B2%D8%A7%D8%AF%D9%87,,Death
296,شاعر و نوازندهتاروویولن,1352,,,https://fa.wikipedia.org/wiki/%D8%AA%D8%A7%D8%B1,,Death
297,مهدی الهی قمشه ای:فقیه،فیلسوف،عارف،شاعر و مترجم قرآن,1352,2.0,25.0,https://fa.wikipedia.org/wiki/%D9%85%D9%87%D8%AF%DB%8C_%D8%A7%D9%84%D9%87%DB%8C_%D9%82%D9%85%D8%B4%D9%87_%D8%A7%DB%8C,,Death
298,محمد ساعد، سیاستمدار و نخست وزیر ایران در دوره پهلوی,1352,8.0,19.0,https://fa.wikipedia.org/wiki/%D9%85%D8%AD%D9%85%D8%AF_%D8%B3%D8%A7%D8%B9%D8%AF,,Death
299,باران شد.,1352,4.0,29.0,https://fa.wikipedia.org/wiki/%D8%AE%D8%B3%D8%B1%D9%88_%DA%AF%D9%84%D8%B3%D8%B1%D8%AE%DB%8C,,Death
300,نورعلی الهی- عرف، فیلسوف و قاضی ایرانی,1353,7.0,27.0,https://fa.wikipedia.org/wiki/%D9%86%D9%88%D8%B1%D8%B9%D9%84%DB%8C_%D8%A7%D9%84%D9%87%DB%8C,,Death
301,محمد قریب- بنیان گذار طب نوین کودکان درایران,1353,11.0,1.0,https://fa.wikipedia.org/wiki/%D9%85%D8%AD%D9%85%D8%AF_%D9%82%D8%B1%DB%8C%D8%A8,,Death
302,عباس شهریاری، عامل ایرانی ساواک,1353,12.0,14.0,https://fa.wikipedia.org/wiki/%D8%B9%D8%A8%D8%A7%D8%B3_%D8%B4%D9%87%D8%B1%DB%8C%D8%A7%D8%B1%DB%8C,,Death
303,فریدون قاجار- چهارمین فرزند و تنها پسراحمدشاه قاجار,1353,,,https://fa.wikipedia.org/wiki/%D8%A7%D8%AD%D9%85%D8%AF%D8%B4%D8%A7%D9%87_%D9%82%D8%A7%D8%AC%D8%A7%D8%B1,,Death
304,بیژن جزنی، فعال سیاسی چپ گرای ایرانی,1354,1.0,29.0,https://fa.wikipedia.org/wiki/%D8%A8%DB%8C%DA%98%D9%86_%D8%AC%D8%B2%D9%86%DB%8C,,Death
305,عبدالحسین میرسپاسی، روانپزشک |ایرانی (ز.1286),1355,4.0,19.0,https://fa.wikipedia.org/wiki/%D8%B9%D8%A8%D8%AF%D8%A7%D9%84%D8%AD%D8%B3%DB%8C%D9%86_%D9%85%DB%8C%D8%B1%D8%B3%D9%BE%D8%A7%D8%B3%DB%8C,,Death
306,افشین مقدم، خواننده,1355,5.0,1.0,https://fa.wikipedia.org/wiki/%D8%A7%D9%81%D8%B4%DB%8C%D9%86_%D9%85%D9%82%D8%AF%D9%85,,Death
307,محسن هشترودی،ریاضی دان، فیلسوف و شاعر,1355,6.0,13.0,https://fa.wikipedia.org/wiki/%D9%85%D8%AD%D8%B3%D9%86_%D9%87%D8%B4%D8%AA%D8%B1%D9%88%D8%AF%DB%8C,,Death
308,حاج آقا رحیم ارباب، از علمای اصفهان,1355,9.0,19.0,https://fa.wikipedia.org/wiki/%D8%AD%D8%A7%D8%AC_%D8%A2%D9%82%D8%A7_%D8%B1%D8%AD%DB%8C%D9%85_%D8%A7%D8%B1%D8%A8%D8%A7%D8%A8,,Death
309,نورعلی برومند، استاد موسیقی و نوازنده (ز.1285),1355,10.0,30.0,https://fa.wikipedia.org/wiki/%D9%86%D9%88%D8%B1%D8%B9%D9%84%DB%8C_%D8%A8%D8%B1%D9%88%D9%85%D9%86%D8%AF,,Death
310,علی شریعتی، نویسنده، روشنفکر، جامعه شناس و پژوهشگر دینی,1356,3.0,29.0,https://fa.wikipedia.org/wiki/%D8%B9%D9%84%DB%8C_%D8%B4%D8%B1%DB%8C%D8%B9%D8%AA%DB%8C,,Death
311,واروژان، آهنگساز و تنظیم کننده,1356,6.0,26.0,https://fa.wikipedia.org/wiki/%D9%88%D8%A7%D8%B1%D9%88%DA%98%D8%A7%D9%86,,Death
312,سید مصطفی خمینی، فرزند بزرگروح الله خمینی,1356,8.0,1.0,https://fa.wikipedia.org/wiki/%D8%B3%DB%8C%D8%AF_%D9%85%D8%B5%D8%B7%D9%81%DB%8C_%D8%AE%D9%85%DB%8C%D9%86%DB%8C,,Death
313,منوچهر اقبال، نخست وزیر ایران,1356,9.0,4.0,https://fa.wikipedia.org/wiki/%D9%85%D9%86%D9%88%DA%86%D9%87%D8%B1_%D8%A7%D9%82%D8%A8%D8%A7%D9%84,,Death
314,اسدالله علم، نخست وزیر و وزیر دربار,1357,1.0,15.0,https://fa.wikipedia.org/wiki/%D8%A7%D8%B3%D8%AF%D8%A7%D9%84%D9%84%D9%87_%D8%B9%D9%84%D9%85,,Death
315,نورالدین اشنی، فقیه,1357,7.0,23.0,https://fa.wikipedia.org/wiki/%D9%86%D9%88%D8%B1%D8%A7%D9%84%D8%AF%DB%8C%D9%86_%D8%A7%D8%B4%D9%86%DB%8C,,Death
316,عبدالعلی بدره ای، آخرین فرماندهنیروی زمینی شاهنشاهی ایرانو فرماندهگارد جاویدان شاهنشاهیبود.,1357,11.0,23.0,https://fa.wikipedia.org/wiki/%D8%B9%D8%A8%D8%AF%D8%A7%D9%84%D8%B9%D9%84%DB%8C_%D8%A8%D8%AF%D8%B1%D9%87%E2%80%8C%D8%A7%DB%8C,,Death
317,نعمت الله نصیری، سومین رئیس سازمانساواک(ز.1289),1357,11.0,26.0,https://fa.wikipedia.org/wiki/%D9%86%D8%B9%D9%85%D8%AA%E2%80%8C%D8%A7%D9%84%D9%84%D9%87_%D9%86%D8%B5%DB%8C%D8%B1%DB%8C,,Death
318,رضا ناجی، فرماندار نظامی اصفهان,1357,11.0,26.0,https://fa.wikipedia.org/wiki/%D8%B1%D8%B6%D8%A7_%D9%86%D8%A7%D8%AC%DB%8C,,Death
319,منوچهر خسروداد، نظامی و آخرین فرمانده هوانیروز (ز.1306),1357,11.0,26.0,https://fa.wikipedia.org/wiki/%D9%85%D9%86%D9%88%DA%86%D9%87%D8%B1_%D8%AE%D8%B3%D8%B1%D9%88%D8%AF%D8%A7%D8%AF,,Death
320,جعفر قلی صدری، رئیس شهربانی (ز.1290),1357,12.0,17.0,https://fa.wikipedia.org/wiki/%D8%AC%D8%B9%D9%81%D8%B1_%D9%82%D9%84%DB%8C_%D8%B5%D8%AF%D8%B1%DB%8C,,Death
321,نادر جهانبانی، نظامی (ز.1307),1357,12.0,22.0,https://fa.wikipedia.org/wiki/%D9%86%D8%A7%D8%AF%D8%B1_%D8%AC%D9%87%D8%A7%D9%86%D8%A8%D8%A7%D9%86%DB%8C,,Death
322,عبدالوهاب اقبال- مالکان خراسان، استاندار کرمان، نمایندهحوزه انتخابیه کاشمردرمجلس شورای ملیو نایب التولیهحرم فاطمه معصومهدرقم(ز.1285),1357,,,https://fa.wikipedia.org/wiki/%D8%AD%D9%88%D8%B2%D9%87_%D8%A7%D9%86%D8%AA%D8%AE%D8%A7%D8%A8%DB%8C%D9%87_%DA%A9%D8%A7%D8%B4%D9%85%D8%B1%D8%8C_%D8%A8%D8%B1%D8%AF%D8%B3%DA%A9%D9%86%D8%8C_%D8%AE%D9%84%DB%8C%D9%84%E2%80%8C%D8%A2%D8%A8%D8%A7%D8%AF_%D9%88_%DA%A9%D9%88%D9%87%D8%B3%D8%B1%D8%AE,,Death
323,ر ورزشی و بنیانگذارباشگاه فرهنگی ورزشی پرسپولیس تهران.,1358,,,https://fa.wikipedia.org/wiki/%D8%A8%D8%A7%D8%B4%DA%AF%D8%A7%D9%87_%D9%81%D8%B1%D9%87%D9%86%DA%AF%DB%8C_%D9%88%D8%B1%D8%B2%D8%B4%DB%8C_%D9%BE%D8%B1%D8%B3%D9%BE%D9%88%D9%84%DB%8C%D8%B3_%D8%AA%D9%87%D8%B1%D8%A7%D9%86,,Death
324,گماشته منزلرضاخانو بعدها از افراد معروف دربار پهلوی,1360,,,https://fa.wikipedia.org/wiki/%D8%B1%D8%B6%D8%A7%D8%AE%D8%A7%D9%86,,Death
325,عبدالله انتظام، سیاستمدار,1362,1.0,2.0,https://fa.wikipedia.org/wiki/%D8%B9%D8%A8%D8%AF%D8%A7%D9%84%D9%84%D9%87_%D8%A7%D9%86%D8%AA%D8%B8%D8%A7%D9%85,,Death
326,رضا چراغی، نظامی,1362,1.0,25.0,https://fa.wikipedia.org/wiki/%D8%B1%D8%B6%D8%A7_%DA%86%D8%B1%D8%A7%D8%BA%DB%8C,,Death
327,ربابه مراداوا، خواننده شهیر موسیقی مقامی آذربایجانی،ایرانی تبارآذربایجانی,1362,5.0,14.0,https://fa.wikipedia.org/wiki/%D8%B1%D8%A8%D8%A7%D8%A8%D9%87_%D9%85%D8%B1%D8%A7%D8%AF%D8%A7%D9%88%D8%A7,,Death
328,امین الله آندره حسین، آهنگساز ایرانی ساکن فرانسه,1362,5.0,18.0,https://fa.wikipedia.org/wiki/%D8%A7%D9%85%DB%8C%D9%86%E2%80%8C%D8%A7%D9%84%D9%84%D9%87_%D8%A2%D9%86%D8%AF%D8%B1%D9%87_%D8%AD%D8%B3%DB%8C%D9%86,,Death
329,لطف الله مفخم پایان، موسیقی دان,1362,10.0,17.0,https://fa.wikipedia.org/wiki/%D9%84%D8%B7%D9%81%E2%80%8C%D8%A7%D9%84%D9%84%D9%87_%D9%85%D9%81%D8%AE%D9%85_%D9%BE%D8%A7%DB%8C%D8%A7%D9%86,,Death
330,ارتشبد غلامعلی اویسی،ارتشبدنیروی زمینی شاهنشاهی,1362,11.0,18.0,https://fa.wikipedia.org/wiki/%D8%A7%D8%B1%D8%AA%D8%B4%D8%A8%D8%AF_%D8%BA%D9%84%D8%A7%D9%85%D8%B9%D9%84%DB%8C_%D8%A7%D9%88%DB%8C%D8%B3%DB%8C,,Death
331,رضا رادمنش، از اعضایحزب توده,1362,11.0,24.0,https://fa.wikipedia.org/wiki/%D8%B1%D8%B6%D8%A7_%D8%B1%D8%A7%D8%AF%D9%85%D9%86%D8%B4,,Death
332,بهرام افضلی،ناخدا یکمنیروی دریایی ارتش جمهوری اسلامی ایرانو فرمانده آن نیرو طی سال های 1359 تا 1362,1362,12.0,6.0,https://fa.wikipedia.org/wiki/%D8%A8%D9%87%D8%B1%D8%A7%D9%85_%D8%A7%D9%81%D8%B6%D9%84%DB%8C,,Death
333,محمد ابراهیم همت، نظامی و معلم,1362,12.0,17.0,https://fa.wikipedia.org/wiki/%D9%85%D8%AD%D9%85%D8%AF_%D8%A7%D8%A8%D8%B1%D8%A7%D9%87%DB%8C%D9%85_%D9%87%D9%85%D8%AA,,Death
334,ایراندخت، بزرگترین فرزنداحمدشاه قاجار(زاده1294),1363,,,https://fa.wikipedia.org/wiki/%DB%B1%DB%B2%DB%B9%DB%B4,,Death
335,محمد تقی کهنمویی، بازیگر,1363,2.0,13.0,https://fa.wikipedia.org/wiki/%D9%85%D8%AD%D9%85%D8%AF_%D8%AA%D9%82%DB%8C_%DA%A9%D9%87%D9%86%D9%85%D9%88%DB%8C%DB%8C,,Death
336,حبیب یغمایی، شاعر,1363,2.0,24.0,https://fa.wikipedia.org/wiki/%D8%AD%D8%A8%DB%8C%D8%A8_%DB%8C%D8%BA%D9%85%D8%A7%DB%8C%DB%8C,,Death
337,ابوالقاسم پاینده، نویسنده و مترجم,1363,5.0,18.0,https://fa.wikipedia.org/wiki/%D8%A7%D8%A8%D9%88%D8%A7%D9%84%D9%82%D8%A7%D8%B3%D9%85_%D9%BE%D8%A7%DB%8C%D9%86%D8%AF%D9%87,,Death
338,آذر اندامی، پژوهشگرانستیتو پاستورایران؛ که به خاطر خدمات علمی و انسانی او یکی ازحفره های برخوردیرویسیارهناهیدبه نام ویاندامینامگذاری شده است. (زاده1305),1363,5.0,28.0,https://fa.wikipedia.org/wiki/%D8%A2%D8%B0%D8%B1_%D8%A7%D9%86%D8%AF%D8%A7%D9%85%DB%8C,,Death
339,محمود تفضلی، مترجم,1363,7.0,4.0,https://fa.wikipedia.org/wiki/%D9%85%D8%AD%D9%85%D9%88%D8%AF_%D8%AA%D9%81%D8%B6%D9%84%DB%8C,,Death
340,آیت الله میرزا خلیل کمره ای، نویسنده، محقق و فیلسوف الهی,1363,7.0,19.0,https://fa.wikipedia.org/wiki/%D8%A2%DB%8C%D8%AA%E2%80%8C%D8%A7%D9%84%D9%84%D9%87_%D9%85%DB%8C%D8%B1%D8%B2%D8%A7_%D8%AE%D9%84%DB%8C%D9%84_%DA%A9%D9%85%D8%B1%D9%87%E2%80%8C%D8%A7%DB%8C,,Death
341,سید کریم امیری فیروزکوهی، شاعر,1363,7.0,19.0,https://fa.wikipedia.org/wiki/%D8%B3%DB%8C%D8%AF_%DA%A9%D8%B1%DB%8C%D9%85_%D8%A7%D9%85%DB%8C%D8%B1%DB%8C_%D9%81%DB%8C%D8%B1%D9%88%D8%B2%DA%A9%D9%88%D9%87%DB%8C,,Death
342,محمود کریمی، موسیقی دان,1363,9.0,3.0,https://fa.wikipedia.org/wiki/%D9%85%D8%AD%D9%85%D9%88%D8%AF_%DA%A9%D8%B1%DB%8C%D9%85%DB%8C_(%D9%85%D9%88%D8%B3%DB%8C%D9%82%DB%8C%E2%80%8C%D8%AF%D8%A7%D9%86),,Death
343,بهرام صادقی،نویسنده,1363,9.0,12.0,https://fa.wikipedia.org/wiki/%D8%A8%D9%87%D8%B1%D8%A7%D9%85_%D8%B5%D8%A7%D8%AF%D9%82%DB%8C,,Death
344,غلام عباس آرام، سیاستمدار و از وزیران امور خارجه ایران در دوره پهلوی.,1363,10.0,20.0,https://fa.wikipedia.org/wiki/%D8%BA%D9%84%D8%A7%D9%85%E2%80%8C%D8%B9%D8%A8%D8%A7%D8%B3_%D8%A2%D8%B1%D8%A7%D9%85,,Death
345,احمد خوانساری، شیعه و مرجع تقلید,1363,10.0,20.0,https://fa.wikipedia.org/wiki/%D8%B3%DB%8C%D8%AF_%D8%A7%D8%AD%D9%85%D8%AF_%D8%AE%D9%88%D8%A7%D9%86%D8%B3%D8%A7%D8%B1%DB%8C,,Death
346,حسین گل گلاب، شاعر,1363,12.0,22.0,https://fa.wikipedia.org/wiki/%D8%AD%D8%B3%DB%8C%D9%86_%DA%AF%D9%84%E2%80%8C%DA%AF%D9%84%D8%A7%D8%A8,,Death
347,باکری، فرمانده سپاه,1363,10.0,25.0,https://fa.wikipedia.org/wiki/%D9%85%D9%87%D8%AF%DB%8C_%D8%A8%D8%A7%DA%A9%D8%B1%DB%8C,,Death
348,علی اکبر شهنازی، نوازنده,1363,12.0,26.0,https://fa.wikipedia.org/wiki/%D8%B9%D9%84%DB%8C_%D8%A7%DA%A9%D8%A8%D8%B1_%D8%B4%D9%87%D9%86%D8%A7%D8%B2%DB%8C,,Death
349,فریدون توللی، شاعر,1364,3.0,9.0,https://fa.wikipedia.org/wiki/%D9%81%D8%B1%DB%8C%D8%AF%D9%88%D9%86_%D8%AA%D9%88%D9%84%D9%84%DB%8C,,Death
350,بهرام آریانابا نام اصلی حسین معتمدی منوچهری تنکابنیدرپاریسارتشبدنیروی زمینی شاهنشاهیوفرمانده آن نیرو,1364,3.0,31.0,https://fa.wikipedia.org/wiki/%D8%A8%D9%87%D8%B1%D8%A7%D9%85_%D8%A2%D8%B1%DB%8C%D8%A7%D9%86%D8%A7,,Death
351,محمدمهدی ربانی املشی، روحانی و سیاست مدار,1364,4.0,17.0,https://fa.wikipedia.org/wiki/%D9%85%D8%AD%D9%85%D8%AF%D9%85%D9%87%D8%AF%DB%8C_%D8%B1%D8%A8%D8%A7%D9%86%DB%8C_%D8%A7%D9%85%D9%84%D8%B4%DB%8C,,Death
352,یحیی آرین پور، نویسنده و محقق,1364,8.0,4.0,https://fa.wikipedia.org/wiki/%DB%8C%D8%AD%DB%8C%DB%8C_%D8%A2%D8%B1%DB%8C%D9%86_%D9%BE%D9%88%D8%B1,,Death
353,غلامحسین ساعدی، نویسنده,1364,9.0,2.0,https://fa.wikipedia.org/wiki/%D8%BA%D9%84%D8%A7%D9%85%D8%AD%D8%B3%DB%8C%D9%86_%D8%B3%D8%A7%D8%B9%D8%AF%DB%8C,,Death
354,فضل الله محلاتی، روحانی و نماینده ولی فقیه درسپاه پاسداران انقلاب اسلامی,1364,12.0,1.0,https://fa.wikipedia.org/wiki/%D9%81%D8%B6%D9%84%E2%80%8C%D8%A7%D9%84%D9%84%D9%87_%D9%85%D8%AD%D9%84%D8%A7%D8%AA%DB%8C,,Death
355,ن رحیمی، روحانی,1364,10.0,1.0,https://fa.wikipedia.org/wiki/%D8%B3%DB%8C%D8%AF_%D9%86%D9%88%D8%B1%D8%A7%D9%84%D8%AF%DB%8C%D9%86_%D8%B1%D8%AD%DB%8C%D9%85%DB%8C,,Death
356,عبدالباقی درویش، خلبان,1364,12.0,1.0,https://fa.wikipedia.org/wiki/%D8%B9%D8%A8%D8%AF%D8%A7%D9%84%D8%A8%D8%A7%D9%82%DB%8C_%D8%AF%D8%B1%D9%88%DB%8C%D8%B4,,Death
357,غلامحسین بنان، خواننده,1364,12.0,10.0,https://fa.wikipedia.org/wiki/%D8%BA%D9%84%D8%A7%D9%85%D8%AD%D8%B3%DB%8C%D9%86_%D8%A8%D9%86%D8%A7%D9%86,,Death
358,سید محمدکاظم شریعتمداری، مرجع تقلید شیعه,1365,1.0,14.0,https://fa.wikipedia.org/wiki/%D8%B3%DB%8C%D8%AF_%D9%85%D8%AD%D9%85%D8%AF%DA%A9%D8%A7%D8%B8%D9%85_%D8%B4%D8%B1%DB%8C%D8%B9%D8%AA%D9%85%D8%AF%D8%A7%D8%B1%DB%8C,,Death
359,آتش خیر، بازیگر,1365,2.0,7.0,https://fa.wikipedia.org/wiki/%D8%A2%D8%AA%D8%B4_%D8%AE%DB%8C%D8%B1,,Death
360,سید عباس جولایی، فرمانده,1365,3.0,14.0,https://fa.wikipedia.org/w/index.php?title=%D8%B3%DB%8C%D8%AF_%D8%B9%D8%A8%D8%A7%D8%B3_%D8%AC%D9%88%D9%84%D8%A7%DB%8C%DB%8C&action=edit&redlink=1,,Death
361,ذبیح الله منصوری، مترجم,1365,3.0,19.0,https://fa.wikipedia.org/wiki/%D8%B0%D8%A8%DB%8C%D8%AD%E2%80%8C%D8%A7%D9%84%D9%84%D9%87_%D9%85%D9%86%D8%B5%D9%88%D8%B1%DB%8C,,Death
362,مهدی حمیدی شیرازی، شاعر,1365,4.0,23.0,https://fa.wikipedia.org/wiki/%D9%85%D9%87%D8%AF%DB%8C_%D8%AD%D9%85%DB%8C%D8%AF%DB%8C_%D8%B4%DB%8C%D8%B1%D8%A7%D8%B2%DB%8C,,Death
363,علی اکبر خوشدل، شاعر,1365,7.0,2.0,https://fa.wikipedia.org/wiki/%D8%AE%D9%88%D8%B4%D8%AF%D9%84_%D8%AA%D9%87%D8%B1%D8%A7%D9%86%DB%8C,,Death
364,سلمان هراتی، شاعر,1365,8.0,9.0,https://fa.wikipedia.org/wiki/%D8%B3%D9%84%D9%85%D8%A7%D9%86_%D9%87%D8%B1%D8%A7%D8%AA%DB%8C,,Death
365,کریم کشاورز، مترجم,1365,8.0,18.0,https://fa.wikipedia.org/wiki/%DA%A9%D8%B1%DB%8C%D9%85_%DA%A9%D8%B4%D8%A7%D9%88%D8%B1%D8%B2,,Death
366,حقوقدان,1365,7.0,27.0,https://fa.wikipedia.org/wiki/%D9%85%D9%86%D9%88%DA%86%D9%87%D8%B1_%D8%A8%D8%B2%D8%B1%DA%AF%D9%85%D9%87%D8%B1,,Death
367,محمدتقی مدرس رضوی، استاد ممتاز دانشگاه تهران,1365,8.0,28.0,https://fa.wikipedia.org/wiki/%D9%85%D8%AD%D9%85%D8%AF%D8%AA%D9%82%DB%8C_%D9%85%D8%AF%D8%B1%D8%B3_%D8%B1%D8%B6%D9%88%DB%8C,,Death
368,سید محسن صفوی، فرمانده,1365,11.0,18.0,https://fa.wikipedia.org/wiki/%D8%B3%DB%8C%D8%AF_%D9%85%D8%AD%D8%B3%D9%86_%D8%B5%D9%81%D9%88%DB%8C,,Death
369,کارگردان,1365,,,https://fa.wikipedia.org/wiki/%D8%B3%D8%B9%DB%8C%D8%AF_%D9%86%DB%8C%D9%88%D9%86%D8%AF%DB%8C,,Death
370,غلامحسین بیگجه خانی,1366,1.0,24.0,https://fa.wikipedia.org/wiki/%D8%BA%D9%84%D8%A7%D9%85%D8%AD%D8%B3%DB%8C%D9%86_%D8%A8%DB%8C%DA%AF%D8%AC%D9%87%E2%80%8C%D8%AE%D8%A7%D9%86%DB%8C,,Death
371,محمود محمودی خوانساری، خواننده,1366,2.0,2.0,https://fa.wikipedia.org/wiki/%D9%85%D8%AD%D9%85%D9%88%D8%AF_%D9%85%D8%AD%D9%85%D9%88%D8%AF%DB%8C_%D8%AE%D9%88%D8%A7%D9%86%D8%B3%D8%A7%D8%B1%DB%8C,,Death
372,حسین فردوست، نظامی,1366,2.0,28.0,https://fa.wikipedia.org/wiki/%D8%AD%D8%B3%DB%8C%D9%86_%D9%81%D8%B1%D8%AF%D9%88%D8%B3%D8%AA,,Death
373,فاطمه پهلوی,1366,3.0,12.0,https://fa.wikipedia.org/wiki/%D9%81%D8%A7%D8%B7%D9%85%D9%87_%D9%BE%D9%87%D9%84%D9%88%DB%8C,,Death
374,سامی تحصنی، بازیگر سینما و تئاتر (زاده1302),1367,,,https://fa.wikipedia.org/wiki/%D8%B3%D8%A7%D9%85%DB%8C_%D8%AA%D8%AD%D8%B5%D9%86%DB%8C,,Death
375,شهیدایاز محمدزاده تولون، فرمانده گردان 114 لشکر 16زرهی و از شهدایجنگ ایران و عراق(زاده1324),1367,,,https://fa.wikipedia.org/w/index.php?title=%D8%A7%DB%8C%D8%A7%D8%B2_%D9%85%D8%AD%D9%85%D8%AF%D8%B2%D8%A7%D8%AF%D9%87_%D8%AA%D9%88%D9%84%D9%88%D9%86&action=edit&redlink=1,,Death
376,آذر دانشی، دوبلور (زاده1308),1367,1.0,19.0,https://fa.wikipedia.org/wiki/%D8%A2%D8%B0%D8%B1_%D8%AF%D8%A7%D9%86%D8%B4%DB%8C,,Death
377,سید کامل امامی، شاعر (زادهٔ1282),1368,,,https://fa.wikipedia.org/wiki/%D8%B3%DB%8C%D8%AF_%DA%A9%D8%A7%D9%85%D9%84_%D8%A7%D9%85%D8%A7%D9%85%DB%8C,,Death
378,عزت الله یزدان پناه، سیاستمدار (زادهٔ1296),1368,,,https://fa.wikipedia.org/wiki/%D8%B9%D8%B2%D8%AA%E2%80%8C%D8%A7%D9%84%D9%84%D9%87_%DB%8C%D8%B2%D8%AF%D8%A7%D9%86%E2%80%8C%D9%BE%D9%86%D8%A7%D9%87,,Death
379,ابراهیم زمانی آشتیانی، نویسنده و فیلم نامه نویس (زادهٔ1294),1368,,,https://fa.wikipedia.org/wiki/%D8%A7%D8%A8%D8%B1%D8%A7%D9%87%DB%8C%D9%85_%D8%B2%D9%85%D8%A7%D9%86%DB%8C_%D8%A2%D8%B4%D8%AA%DB%8C%D8%A7%D9%86%DB%8C,,Death
380,فاطمه مدرسی، مترجم، نویسنده و از اعضایحزب توده ایران(زادهٔ1327),1368,1.0,6.0,https://fa.wikipedia.org/wiki/%D9%81%D8%A7%D8%B7%D9%85%D9%87_%D9%85%D8%AF%D8%B1%D8%B3%DB%8C,,Death
381,شمس الدین جزایری، حقوقدان و وکیل (زاده1292),1369,,,https://fa.wikipedia.org/wiki/%D8%B4%D9%85%D8%B3%E2%80%8C%D8%A7%D9%84%D8%AF%DB%8C%D9%86_%D8%AC%D8%B2%D8%A7%DB%8C%D8%B1%DB%8C,,Death
382,پارسا تویسرکانی، نویسنده و شاعر (زاده1288),1369,1.0,2.0,https://fa.wikipedia.org/wiki/%D9%BE%D8%A7%D8%B1%D8%B3%D8%A7_%D8%AA%D9%88%DB%8C%D8%B3%D8%B1%DA%A9%D8%A7%D9%86%DB%8C,,Death
383,علی دریابیگی، کارگردان (زاده1282),1370,1.0,1.0,https://fa.wikipedia.org/wiki/%D8%B9%D9%84%DB%8C_%D8%AF%D8%B1%DB%8C%D8%A7%D8%A8%DB%8C%DA%AF%DB%8C,,Death
384,عبدالرحمان برومند، فعال سیاسی و عضونهضت مقاومت ملی ایرانو از کشته شدگانقتل های زنجیره ای ایران(زاده1306),1370,1.0,29.0,https://fa.wikipedia.org/wiki/%D8%B9%D8%A8%D8%AF%D8%A7%D9%84%D8%B1%D8%AD%D9%85%D8%A7%D9%86_%D8%A8%D8%B1%D9%88%D9%85%D9%86%D8%AF,,Death
385,محمدحسین یگانه، نوازنده دوتار (زاده1297),1371,,,https://fa.wikipedia.org/wiki/%D9%85%D8%AD%D9%85%D8%AF%D8%AD%D8%B3%DB%8C%D9%86_%DB%8C%DA%AF%D8%A7%D9%86%D9%87,,Death
386,همدم السلطنه پهلوی، نخستین فرزندرضاشاه پهلوی,1371,1.0,16.0,https://fa.wikipedia.org/wiki/%D9%87%D9%85%D8%AF%D9%85_%D8%A7%D9%84%D8%B3%D9%84%D8%B7%D9%86%D9%87_%D9%BE%D9%87%D9%84%D9%88%DB%8C,,Death
387,علیرضا افضلی پور، مهندس شیمی و بنیانگذاردانشگاه کرمان(زاده1288),1372,1.0,18.0,https://fa.wikipedia.org/wiki/%D8%B9%D9%84%DB%8C%D8%B1%D8%B6%D8%A7_%D8%A7%D9%81%D8%B6%D9%84%DB%8C%E2%80%8C%D9%BE%D9%88%D8%B1,,Death
388,شهیدمرتضی آوینی، کارگردان، مستندساز، نویسنده و عکاس (زاده1326),1372,1.0,20.0,https://fa.wikipedia.org/wiki/%D9%85%D8%B1%D8%AA%D8%B6%DB%8C_%D8%A2%D9%88%DB%8C%D9%86%DB%8C,,Death
389,شهیدمحمدسعید یزدان پرست، مستندساز (زاده1346),1372,1.0,20.0,https://fa.wikipedia.org/w/index.php?title=%D9%85%D8%AD%D9%85%D8%AF%D8%B3%D8%B9%DB%8C%D8%AF_%DB%8C%D8%B2%D8%AF%D8%A7%D9%86%E2%80%8C%D9%BE%D8%B1%D8%B3%D8%AA&action=edit&redlink=1,,Death
390,سیامک یاسمی، کارگردان (زاده1304),1373,,,https://fa.wikipedia.org/wiki/%D8%B3%DB%8C%D8%A7%D9%85%DA%A9_%DB%8C%D8%A7%D8%B3%D9%85%DB%8C,,Death
391,روبرت اکهارت، کارگردان ایرانی ارمنی تبار (زاده1314),1373,,,https://fa.wikipedia.org/wiki/%D8%B1%D9%88%D8%A8%D8%B1%D8%AA_%D8%A7%DA%A9%D9%87%D8%A7%D8%B1%D8%AA,,Death
392,حسین سرشار، خواننده اپرا (زاده1313),1374,1.0,20.0,https://fa.wikipedia.org/wiki/%D8%AD%D8%B3%DB%8C%D9%86_%D8%B3%D8%B1%D8%B4%D8%A7%D8%B1,,Death
393,پیمان سنندجی زاده، بازیگر (زاده1352),1374,1.0,20.0,https://fa.wikipedia.org/wiki/%D9%BE%DB%8C%D9%85%D8%A7%D9%86_%D8%B3%D9%86%D9%86%D8%AF%D8%AC%DB%8C%E2%80%8C%D8%B2%D8%A7%D8%AF%D9%87,,Death
394,محمدجواد مشکور، زبانشناس و نویسنده (زاده1297),1374,1.0,25.0,https://fa.wikipedia.org/wiki/%D9%85%D8%AD%D9%85%D8%AF%D8%AC%D9%88%D8%A7%D8%AF_%D9%85%D8%B4%DA%A9%D9%88%D8%B1,,Death
395,احمد معینی، بازیگر (زاده1302),1375,,,https://fa.wikipedia.org/wiki/%D8%A7%D8%AD%D9%85%D8%AF_%D9%85%D8%B9%DB%8C%D9%86%DB%8C,,Death
396,کلارا آبکار،نگارگر، مینیاتوریست و تذهیب کار ایرانی ارمنی تبار (زاده 1294),1375,1.0,1.0,https://fa.wikipedia.org/wiki/%D9%86%DA%AF%D8%A7%D8%B1%DA%AF%D8%B1,,Death
397,جلال مقدم،منتقدوبازیگرسینما. (زاده1308),1375,1.0,29.0,https://fa.wikipedia.org/wiki/%D9%85%D9%86%D8%AA%D9%82%D8%AF,,Death
398,گورگن پیچیکیان، معمار ایرانی ارمنی تبار (زاده1295),1376,,,https://fa.wikipedia.org/wiki/%DA%AF%D9%88%D8%B1%DA%AF%D9%86_%D9%BE%DB%8C%DA%86%DB%8C%DA%A9%DB%8C%D8%A7%D9%86,,Death
399,نورالدین مدرسی چهاردهی، دین شناس (زاده1297),1376,,,https://fa.wikipedia.org/wiki/%D9%86%D9%88%D8%B1%D8%A7%D9%84%D8%AF%DB%8C%D9%86_%D9%85%D8%AF%D8%B1%D8%B3%DB%8C_%DA%86%D9%87%D8%A7%D8%B1%D8%AF%D9%87%DB%8C,,Death
400,مازیار (خواننده)، خواننده (زاده1331),1376,1.0,16.0,https://fa.wikipedia.org/wiki/%D9%85%D8%A7%D8%B2%DB%8C%D8%A7%D8%B1_(%D8%AE%D9%88%D8%A7%D9%86%D9%86%D8%AF%D9%87),,Death
401,لرتا، بازیگر تئاتر و سینما ایرانی ارمنی تبار (زاده1290),1377,1.0,7.0,https://fa.wikipedia.org/wiki/%D9%84%D8%B1%D8%AA%D8%A7,,Death
402,احمد آرام، مترجم و نویسنده و از تدوین کنندگاندائرةالمعارف فارسی(زاده1281),1377,1.0,14.0,https://fa.wikipedia.org/wiki/%D8%A7%D8%AD%D9%85%D8%AF_%D8%A2%D8%B1%D8%A7%D9%85,,Death
403,سیروس قایقران، بازیکن فوتبال (زاده1340),1377,1.0,18.0,https://fa.wikipedia.org/wiki/%D8%B3%DB%8C%D8%B1%D9%88%D8%B3_%D9%82%D8%A7%DB%8C%D9%82%D8%B1%D8%A7%D9%86,,Death
404,احمد آرام، مترجم و نویسنده (زاده1283),1378,1.0,14.0,https://fa.wikipedia.org/wiki/%D8%A7%D8%AD%D9%85%D8%AF_%D8%A2%D8%B1%D8%A7%D9%85,,Death
405,عفت تجارت چی، اولین خلبان زن ایرانی (زاده1296),1378,1.0,19.0,https://fa.wikipedia.org/wiki/%D8%B9%D9%81%D8%AA_%D8%AA%D8%AC%D8%A7%D8%B1%D8%AA%E2%80%8C%DA%86%DB%8C,,Death
406,امیر سپهبدعلی صیاد شیرازی، فرماندهنیروی زمینی ارتش جمهوری اسلامی ایران{ترور} (زادهٔ1323),1378,1.0,21.0,https://fa.wikipedia.org/wiki/%D8%B9%D9%84%DB%8C_%D8%B5%DB%8C%D8%A7%D8%AF_%D8%B4%DB%8C%D8%B1%D8%A7%D8%B2%DB%8C,,Death
407,داریوش کوشان، کارگردان (زاده1330),1378,1.0,24.0,https://fa.wikipedia.org/wiki/%D8%AF%D8%A7%D8%B1%DB%8C%D9%88%D8%B4_%DA%A9%D9%88%D8%B4%D8%A7%D9%86,,Death
408,رافیک آرزومانیان، فیلمبردار و تصویر بردار ایرانی ارمنی تبار (زاده1323),1379,1.0,4.0,https://fa.wikipedia.org/wiki/%D8%B1%D8%A7%D9%81%DB%8C%DA%A9_%D8%A2%D8%B1%D8%B2%D9%88%D9%85%D8%A7%D9%86%DB%8C%D8%A7%D9%86,,Death
409,عباس سحاب، جغرافی دان و نقشه نگار (زاده1300),1379,1.0,14.0,https://fa.wikipedia.org/wiki/%D8%B9%D8%A8%D8%A7%D8%B3_%D8%B3%D8%AD%D8%A7%D8%A8,,Death
410,نعمت الله گرجی، بازیگر ایرانی (زادهٔ1305),1379,1.0,17.0,https://fa.wikipedia.org/wiki/%D9%86%D8%B9%D9%85%D8%AA%E2%80%8C%D8%A7%D9%84%D9%84%D9%87_%DA%AF%D8%B1%D8%AC%DB%8C,,Death
411,محمدعلی فردین، بازیگر، کارگردان و کشتی گیر آزاد کار (زادهٔ1309),1379,1.0,18.0,https://fa.wikipedia.org/wiki/%D9%85%D8%AD%D9%85%D8%AF%D8%B9%D9%84%DB%8C_%D9%81%D8%B1%D8%AF%DB%8C%D9%86,,Death
412,سیروس جراح زاده، بازیگر و کارگردان (زاده1309),1379,1.0,18.0,https://fa.wikipedia.org/wiki/%D8%B3%DB%8C%D8%B1%D9%88%D8%B3_%D8%AC%D8%B1%D8%A7%D8%AD%E2%80%8C%D8%B2%D8%A7%D8%AF%D9%87,,Death
413,جواد شیخ الاسلامی، تاریخنگار (زاده 1300),1379,1.0,28.0,https://fa.wikipedia.org/wiki/%D8%AC%D9%88%D8%A7%D8%AF_%D8%B4%DB%8C%D8%AE%E2%80%8C%D8%A7%D9%84%D8%A7%D8%B3%D9%84%D8%A7%D9%85%DB%8C,,Death
414,احمد مندوب هاشمی، بازیگر، دوبلور و مجری ایرانی,1379,1.0,29.0,https://fa.wikipedia.org/wiki/%D8%A7%D8%AD%D9%85%D8%AF_%D9%85%D9%86%D8%AF%D9%88%D8%A8_%D9%87%D8%A7%D8%B4%D9%85%DB%8C,,Death
415,محمد دشتی، محقق و نویسنده شیعه (زاده1330),1380,,,https://fa.wikipedia.org/wiki/%D9%85%D8%AD%D9%85%D8%AF_%D8%AF%D8%B4%D8%AA%DB%8C,,Death
416,محمدعلی گویا، شاعر و طنز پرداز (زاده1313),1380,1.0,6.0,https://fa.wikipedia.org/wiki/%D9%85%D8%AD%D9%85%D8%AF%D8%B9%D9%84%DB%8C_%DA%AF%D9%88%DB%8C%D8%A7,,Death
417,محمدباقر نیو، بنیان گذار صنعت کاشی، نساجی جدید، ضرابخانه و چینی سازی در ایران و اولین دانش آموخته مهندسی در ایران (زاده1288),1380,1.0,11.0,https://fa.wikipedia.org/wiki/%D9%85%D8%AD%D9%85%D8%AF%D8%A8%D8%A7%D9%82%D8%B1_%D9%86%DB%8C%D9%88,,Death
418,سرتیپ دومجلیل زندی، خلبان (زاده1330),1380,1.0,12.0,https://fa.wikipedia.org/wiki/%D8%AC%D9%84%DB%8C%D9%84_%D8%B2%D9%86%D8%AF%DB%8C,,Death
419,عزت الله دامادی، سیاستمدار (زاده1329),1380,1.0,29.0,https://fa.wikipedia.org/wiki/%D8%B9%D8%B2%D8%AA%E2%80%8C%D8%A7%D9%84%D9%84%D9%87_%D8%AF%D8%A7%D9%85%D8%A7%D8%AF%DB%8C,,Death
420,سید حسن حسینی، شاعر، مترجم و نویسنده (زاده1335),1383,1.0,9.0,https://fa.wikipedia.org/wiki/%D8%B3%DB%8C%D8%AF_%D8%AD%D8%B3%D9%86_%D8%AD%D8%B3%DB%8C%D9%86%DB%8C,,Death
421,ژاله کاظمی، دوبلور، گوینده، مجری تلویزیون و نقاش (زاده1322),1383,1.0,12.0,https://fa.wikipedia.org/wiki/%DA%98%D8%A7%D9%84%D9%87_%DA%A9%D8%A7%D8%B8%D9%85%DB%8C,,Death
422,محمدحسن ابراهیمی، امام جمعهگویان(زاده1346),1383,1.0,14.0,https://fa.wikipedia.org/wiki/%D9%85%D8%AD%D9%85%D8%AF%D8%AD%D8%B3%D9%86_%D8%A7%D8%A8%D8%B1%D8%A7%D9%87%DB%8C%D9%85%DB%8C,,Death
423,علاءالدین پازارگادی، نویسنده و مترجم (زاده1292),1383,1.0,19.0,https://fa.wikipedia.org/wiki/%D8%B9%D9%84%D8%A7%D8%A1%D8%A7%D9%84%D8%AF%DB%8C%D9%86_%D9%BE%D8%A7%D8%B2%D8%A7%D8%B1%DA%AF%D8%A7%D8%AF%DB%8C,,Death
424,سید جلال الدین آشتیانی، فیلسوف (زاده1304),1384,1.0,3.0,https://fa.wikipedia.org/wiki/%D8%B3%DB%8C%D8%AF_%D8%AC%D9%84%D8%A7%D9%84%E2%80%8C%D8%A7%D9%84%D8%AF%DB%8C%D9%86_%D8%A2%D8%B4%D8%AA%DB%8C%D8%A7%D9%86%DB%8C,,Death
425,محمد مددپور، نویسنده، محقق و فیلسوف (زاده1334),1384,1.0,4.0,https://fa.wikipedia.org/wiki/%D9%85%D8%AD%D9%85%D8%AF_%D9%85%D8%AF%D8%AF%D9%BE%D9%88%D8%B1,,Death
426,محمدمهدی مظلوم زاده، محقق و نویسنده (زاده1327),1384,1.0,4.0,https://fa.wikipedia.org/w/index.php?title=%D9%85%D8%AD%D9%85%D8%AF%D9%85%D9%87%D8%AF%DB%8C_%D9%85%D8%B8%D9%84%D9%88%D9%85%E2%80%8C%D8%B2%D8%A7%D8%AF%D9%87&action=edit&redlink=1,,Death
427,فضل الله اکبری، عضو هیئت علمی و رئیس دانشکده مدیریت دانشگاه تهران (زاده1300),1384,1.0,13.0,https://fa.wikipedia.org/wiki/%D9%81%D8%B6%D9%84%E2%80%8C%D8%A7%D9%84%D9%84%D9%87_%D8%A7%DA%A9%D8%A8%D8%B1%DB%8C,,Death
428,کامران داروغه، نوازنده کمانچه (زاده1321),1384,1.0,14.0,https://fa.wikipedia.org/wiki/%DA%A9%D8%A7%D9%85%D8%B1%D8%A7%D9%86_%D8%AF%D8%A7%D8%B1%D9%88%D8%BA%D9%87,,Death
429,اسماعیل نواب صفا، نویسنده، محقق، شاعر و ترانه سرا (زاده1303),1384,1.0,19.0,https://fa.wikipedia.org/wiki/%D8%A7%D8%B3%D9%85%D8%A7%D8%B9%DB%8C%D9%84_%D9%86%D9%88%D8%A7%D8%A8_%D8%B5%D9%81%D8%A7,,Death
430,شاهرخ مسکوب، محقق، نویسنده و مترجم (زادهٔ1304),1384,1.0,23.0,https://fa.wikipedia.org/wiki/%D8%B4%D8%A7%D9%87%D8%B1%D8%AE_%D9%85%D8%B3%DA%A9%D9%88%D8%A8,,Death
431,علی زاهدی، بازیگر {بازیگر نقش قوچعلی در مجموعه های تلویزیونیصمد} (زاده1328),1384,1.0,26.0,https://fa.wikipedia.org/wiki/%D8%B9%D9%84%DB%8C_%D8%B2%D8%A7%D9%87%D8%AF%DB%8C,,Death
432,2-سروش خلیلی، بازیگر ایرانی (زادهٔ1315),1385,,,https://fa.wikipedia.org/wiki/%D8%B3%D8%B1%D9%88%D8%B4_%D8%AE%D9%84%DB%8C%D9%84%DB%8C,,Death
433,7-منوچهر همایون پور، خواننده ایرانی (زاده1303),1385,,,https://fa.wikipedia.org/wiki/%D9%85%D9%86%D9%88%DA%86%D9%87%D8%B1_%D9%87%D9%85%D8%A7%DB%8C%D9%88%D9%86%E2%80%8C%D9%BE%D9%88%D8%B1,,Death
434,13-علی اکبر صنعتی، نقاش و مجسمه ساز ایرانی (زاده1295),1385,,,https://fa.wikipedia.org/wiki/%D8%B9%D9%84%DB%8C%E2%80%8C%D8%A7%DA%A9%D8%A8%D8%B1_%D8%B5%D9%86%D8%B9%D8%AA%DB%8C,,Death
435,20-روشن رامی، شاعر ایرانی (زاده1315),1385,,,https://fa.wikipedia.org/wiki/%D8%B1%D9%88%D8%B4%D9%86_%D8%B1%D8%A7%D9%85%DB%8C,,Death
436,27-پوپک گلدره، بازیگر ایرانی (زادهٔ1350),1385,,,https://fa.wikipedia.org/wiki/%D9%BE%D9%88%D9%BE%DA%A9_%DA%AF%D9%84%D8%AF%D8%B1%D9%87,,Death
437,ن پژوه ایرانی (زاده1302),1385,10.0,29.0,https://fa.wikipedia.org/wiki/%D9%85%D8%AD%D9%85%D8%AF%D8%A8%D8%A7%D9%82%D8%B1_%D9%85%D8%AD%D9%85%D9%88%D8%AF%DB%8C,,Death
438,مهدی اعتمادی فر، کوهنورد ایرانی{مفقود شدن در کوه} (زاده1335),1388,,,https://fa.wikipedia.org/wiki/%D9%85%D9%87%D8%AF%DB%8C_%D8%A7%D8%B9%D8%AA%D9%85%D8%A7%D8%AF%DB%8C%E2%80%8C%D9%81%D8%B1,,Death
439,خدیجه ثقفی، همسرروح الله خمینی. (زاده1292),1388,1.0,1.0,https://fa.wikipedia.org/wiki/%D8%AE%D8%AF%DB%8C%D8%AC%D9%87_%D8%AB%D9%82%D9%81%DB%8C,,Death
440,اردشیر کشاورزی، نویسنده و مترجم ایرانی (زاده1324),1388,1.0,3.0,https://fa.wikipedia.org/wiki/%D8%A7%D8%B1%D8%AF%D8%B4%DB%8C%D8%B1_%DA%A9%D8%B4%D8%A7%D9%88%D8%B1%D8%B2%DB%8C,,Death
441,رضا فاضلی، بازیگر و مجری برنامه های تلویزیون. (زاده1314),1388,1.0,24.0,https://fa.wikipedia.org/wiki/%D8%B1%D8%B6%D8%A7_%D9%81%D8%A7%D8%B6%D9%84%DB%8C,,Death
442,فرح بخش ستودی نمین، مورخ ایرانی. (زاده1321),1388,1.0,26.0,https://fa.wikipedia.org/wiki/%D9%81%D8%B1%D8%AD%E2%80%8C%D8%A8%D8%AE%D8%B4_%D8%B3%D8%AA%D9%88%D8%AF%DB%8C_%D9%86%D9%85%DB%8C%D9%86,,Death
443,پرویز مقصدی، آهنگساز ایرانی. (زاده1317),1388,,,https://fa.wikipedia.org/wiki/%D9%BE%D8%B1%D9%88%DB%8C%D8%B2_%D9%85%D9%82%D8%B5%D8%AF%DB%8C,,Death
444,نصرت الله امینی، سیاست مدار ایرانی (زاده1294),1388,1.0,31.0,https://fa.wikipedia.org/wiki/%D9%86%D8%B5%D8%B1%D8%AA%E2%80%8C%D8%A7%D9%84%D9%84%D9%87_%D8%A7%D9%85%DB%8C%D9%86%DB%8C,,Death
445,احمد سمیعی گیلانی، مترجم، ویراستار و نویسنده (زاده1299),1402,1.0,2.0,https://fa.wikipedia.org/wiki/%D8%A7%D8%AD%D9%85%D8%AF_%D8%B3%D9%85%DB%8C%D8%B9%DB%8C_%DA%AF%DB%8C%D9%84%D8%A7%D9%86%DB%8C,,Death
446,نورمحمد ذوالفقاری، بازیگر سینما و تلویزیون (زاده1329),1402,1.0,7.0,https://fa.wikipedia.org/wiki/%D9%86%D9%88%D8%B1%D9%85%D8%AD%D9%85%D8%AF_%D8%B0%D9%88%D8%A7%D9%84%D9%81%D9%82%D8%A7%D8%B1%DB%8C,,Death
447,کیومرث پوراحمد، کارگردان، تدوین گر و نویسنده (زاده1328),1402,1.0,16.0,https://fa.wikipedia.org/wiki/%DA%A9%DB%8C%D9%88%D9%85%D8%B1%D8%AB_%D9%BE%D9%88%D8%B1%D8%A7%D8%AD%D9%85%D8%AF,,Death
448,حسن تقی پور، شاعر و آهنگساز (زاده1319),1402,1.0,19.0,https://fa.wikipedia.org/wiki/%D8%AD%D8%B3%D9%86_%D8%AA%D9%82%DB%8C%E2%80%8C%D9%BE%D9%88%D8%B1,,Death
449,عماد افروغ، نویسنده، جامعه شناس و سیاستمدار (زاده1336)پرویز اذکایی، پژوهشگر تاریخ، جغرافیا، زبان و فرهنگ همدان (زاده1318),1402,1.0,25.0,https://fa.wikipedia.org/wiki/%D8%B9%D9%85%D8%A7%D8%AF_%D8%A7%D9%81%D8%B1%D9%88%D8%BA,,Death
450,عماد افروغ، نویسنده، جامعه شناس و سیاستمدار (زاده1336),1402,,,https://fa.wikipedia.org/wiki/%DB%B1%DB%B3%DB%B3%DB%B6_(%D8%AE%D9%88%D8%B1%D8%B4%DB%8C%D8%AF%DB%8C),,Death
451,پرویز اذکایی، پژوهشگر تاریخ، جغرافیا، زبان و فرهنگ همدان (زاده1318),1402,,,https://fa.wikipedia.org/wiki/%DB%B1%DB%B3%DB%B1%DB%B8_(%D8%AE%D9%88%D8%B1%D8%B4%DB%8C%D8%AF%DB%8C),,Death
452,محمد هژبر ابراهیمی، مجسمه ساز (زاده1305),1402,1.0,27.0,https://fa.wikipedia.org/wiki/%D9%85%D8%AD%D9%85%D8%AF_%D9%87%DA%98%D8%A8%D8%B1_%D8%A7%D8%A8%D8%B1%D8%A7%D9%87%DB%8C%D9%85%DB%8C,,Death
453,خلیل عقاب، سیرک باز، باستانی کار پهلوان، هنرپیشه بنیان گذار سیرک خلیل عقاب و پدر سیرک ایران (زاده1303),1402,1.0,31.0,https://fa.wikipedia.org/wiki/%D8%AE%D9%84%DB%8C%D9%84_%D8%B9%D9%82%D8%A7%D8%A8,,Death
