,Day,Month,Wiki_URL
0,1,1,https://fa.wikipedia.org/wiki/۱_فروردین
1,2,1,https://fa.wikipedia.org/wiki/۲_فروردین
2,3,1,https://fa.wikipedia.org/wiki/۳_فروردین
3,4,1,https://fa.wikipedia.org/wiki/۴_فروردین
4,5,1,https://fa.wikipedia.org/wiki/۵_فروردین
5,6,1,https://fa.wikipedia.org/wiki/۶_فروردین
6,7,1,https://fa.wikipedia.org/wiki/۷_فروردین
7,8,1,https://fa.wikipedia.org/wiki/۸_فروردین
8,9,1,https://fa.wikipedia.org/wiki/۹_فروردین
9,10,1,https://fa.wikipedia.org/wiki/۱۰_فروردین
10,11,1,https://fa.wikipedia.org/wiki/۱۱_فروردین
11,12,1,https://fa.wikipedia.org/wiki/۱۲_فروردین
12,13,1,https://fa.wikipedia.org/wiki/۱۳_فروردین
13,14,1,https://fa.wikipedia.org/wiki/۱۴_فروردین
14,15,1,https://fa.wikipedia.org/wiki/۱۵_فروردین
15,16,1,https://fa.wikipedia.org/wiki/۱۶_فروردین
16,17,1,https://fa.wikipedia.org/wiki/۱۷_فروردین
17,18,1,https://fa.wikipedia.org/wiki/۱۸_فروردین
18,19,1,https://fa.wikipedia.org/wiki/۱۹_فروردین
19,20,1,https://fa.wikipedia.org/wiki/۲۰_فروردین
20,21,1,https://fa.wikipedia.org/wiki/۲۱_فروردین
21,22,1,https://fa.wikipedia.org/wiki/۲۲_فروردین
22,23,1,https://fa.wikipedia.org/wiki/۲۳_فروردین
23,24,1,https://fa.wikipedia.org/wiki/۲۴_فروردین
24,25,1,https://fa.wikipedia.org/wiki/۲۵_فروردین
25,26,1,https://fa.wikipedia.org/wiki/۲۶_فروردین
26,27,1,https://fa.wikipedia.org/wiki/۲۷_فروردین
27,28,1,https://fa.wikipedia.org/wiki/۲۸_فروردین
28,29,1,https://fa.wikipedia.org/wiki/۲۹_فروردین
29,30,1,https://fa.wikipedia.org/wiki/۳۰_فروردین
30,31,1,https://fa.wikipedia.org/wiki/۳۱_فروردین
31,1,2,https://fa.wikipedia.org/wiki/۱_اردیبهشت
32,2,2,https://fa.wikipedia.org/wiki/۲_اردیبهشت
33,3,2,https://fa.wikipedia.org/wiki/۳_اردیبهشت
34,4,2,https://fa.wikipedia.org/wiki/۴_اردیبهشت
35,5,2,https://fa.wikipedia.org/wiki/۵_اردیبهشت
36,6,2,https://fa.wikipedia.org/wiki/۶_اردیبهشت
37,7,2,https://fa.wikipedia.org/wiki/۷_اردیبهشت
38,8,2,https://fa.wikipedia.org/wiki/۸_اردیبهشت
39,9,2,https://fa.wikipedia.org/wiki/۹_اردیبهشت
40,10,2,https://fa.wikipedia.org/wiki/۱۰_اردیبهشت
41,11,2,https://fa.wikipedia.org/wiki/۱۱_اردیبهشت
42,12,2,https://fa.wikipedia.org/wiki/۱۲_اردیبهشت
43,13,2,https://fa.wikipedia.org/wiki/۱۳_اردیبهشت
44,14,2,https://fa.wikipedia.org/wiki/۱۴_اردیبهشت
45,15,2,https://fa.wikipedia.org/wiki/۱۵_اردیبهشت
46,16,2,https://fa.wikipedia.org/wiki/۱۶_اردیبهشت
47,17,2,https://fa.wikipedia.org/wiki/۱۷_اردیبهشت
48,18,2,https://fa.wikipedia.org/wiki/۱۸_اردیبهشت
49,19,2,https://fa.wikipedia.org/wiki/۱۹_اردیبهشت
50,20,2,https://fa.wikipedia.org/wiki/۲۰_اردیبهشت
51,21,2,https://fa.wikipedia.org/wiki/۲۱_اردیبهشت
52,22,2,https://fa.wikipedia.org/wiki/۲۲_اردیبهشت
53,23,2,https://fa.wikipedia.org/wiki/۲۳_اردیبهشت
54,24,2,https://fa.wikipedia.org/wiki/۲۴_اردیبهشت
55,25,2,https://fa.wikipedia.org/wiki/۲۵_اردیبهشت
56,26,2,https://fa.wikipedia.org/wiki/۲۶_اردیبهشت
57,27,2,https://fa.wikipedia.org/wiki/۲۷_اردیبهشت
58,28,2,https://fa.wikipedia.org/wiki/۲۸_اردیبهشت
59,29,2,https://fa.wikipedia.org/wiki/۲۹_اردیبهشت
60,30,2,https://fa.wikipedia.org/wiki/۳۰_اردیبهشت
61,31,2,https://fa.wikipedia.org/wiki/۳۱_اردیبهشت
62,1,3,https://fa.wikipedia.org/wiki/۱_خرداد
63,2,3,https://fa.wikipedia.org/wiki/۲_خرداد
64,3,3,https://fa.wikipedia.org/wiki/۳_خرداد
65,4,3,https://fa.wikipedia.org/wiki/۴_خرداد
66,5,3,https://fa.wikipedia.org/wiki/۵_خرداد
67,6,3,https://fa.wikipedia.org/wiki/۶_خرداد
68,7,3,https://fa.wikipedia.org/wiki/۷_خرداد
69,8,3,https://fa.wikipedia.org/wiki/۸_خرداد
70,9,3,https://fa.wikipedia.org/wiki/۹_خرداد
71,10,3,https://fa.wikipedia.org/wiki/۱۰_خرداد
72,11,3,https://fa.wikipedia.org/wiki/۱۱_خرداد
73,12,3,https://fa.wikipedia.org/wiki/۱۲_خرداد
74,13,3,https://fa.wikipedia.org/wiki/۱۳_خرداد
75,14,3,https://fa.wikipedia.org/wiki/۱۴_خرداد
76,15,3,https://fa.wikipedia.org/wiki/۱۵_خرداد
77,16,3,https://fa.wikipedia.org/wiki/۱۶_خرداد
78,17,3,https://fa.wikipedia.org/wiki/۱۷_خرداد
79,18,3,https://fa.wikipedia.org/wiki/۱۸_خرداد
80,19,3,https://fa.wikipedia.org/wiki/۱۹_خرداد
81,20,3,https://fa.wikipedia.org/wiki/۲۰_خرداد
82,21,3,https://fa.wikipedia.org/wiki/۲۱_خرداد
83,22,3,https://fa.wikipedia.org/wiki/۲۲_خرداد
84,23,3,https://fa.wikipedia.org/wiki/۲۳_خرداد
85,24,3,https://fa.wikipedia.org/wiki/۲۴_خرداد
86,25,3,https://fa.wikipedia.org/wiki/۲۵_خرداد
87,26,3,https://fa.wikipedia.org/wiki/۲۶_خرداد
88,27,3,https://fa.wikipedia.org/wiki/۲۷_خرداد
89,28,3,https://fa.wikipedia.org/wiki/۲۸_خرداد
90,29,3,https://fa.wikipedia.org/wiki/۲۹_خرداد
91,30,3,https://fa.wikipedia.org/wiki/۳۰_خرداد
92,31,3,https://fa.wikipedia.org/wiki/۳۱_خرداد
93,1,4,https://fa.wikipedia.org/wiki/۱_تیر
94,2,4,https://fa.wikipedia.org/wiki/۲_تیر
95,3,4,https://fa.wikipedia.org/wiki/۳_تیر
96,4,4,https://fa.wikipedia.org/wiki/۴_تیر
97,5,4,https://fa.wikipedia.org/wiki/۵_تیر
98,6,4,https://fa.wikipedia.org/wiki/۶_تیر
99,7,4,https://fa.wikipedia.org/wiki/۷_تیر
100,8,4,https://fa.wikipedia.org/wiki/۸_تیر
101,9,4,https://fa.wikipedia.org/wiki/۹_تیر
102,10,4,https://fa.wikipedia.org/wiki/۱۰_تیر
103,11,4,https://fa.wikipedia.org/wiki/۱۱_تیر
104,12,4,https://fa.wikipedia.org/wiki/۱۲_تیر
105,13,4,https://fa.wikipedia.org/wiki/۱۳_تیر
106,14,4,https://fa.wikipedia.org/wiki/۱۴_تیر
107,15,4,https://fa.wikipedia.org/wiki/۱۵_تیر
108,16,4,https://fa.wikipedia.org/wiki/۱۶_تیر
109,17,4,https://fa.wikipedia.org/wiki/۱۷_تیر
110,18,4,https://fa.wikipedia.org/wiki/۱۸_تیر
111,19,4,https://fa.wikipedia.org/wiki/۱۹_تیر
112,20,4,https://fa.wikipedia.org/wiki/۲۰_تیر
113,21,4,https://fa.wikipedia.org/wiki/۲۱_تیر
114,22,4,https://fa.wikipedia.org/wiki/۲۲_تیر
115,23,4,https://fa.wikipedia.org/wiki/۲۳_تیر
116,24,4,https://fa.wikipedia.org/wiki/۲۴_تیر
117,25,4,https://fa.wikipedia.org/wiki/۲۵_تیر
118,26,4,https://fa.wikipedia.org/wiki/۲۶_تیر
119,27,4,https://fa.wikipedia.org/wiki/۲۷_تیر
120,28,4,https://fa.wikipedia.org/wiki/۲۸_تیر
121,29,4,https://fa.wikipedia.org/wiki/۲۹_تیر
122,30,4,https://fa.wikipedia.org/wiki/۳۰_تیر
123,31,4,https://fa.wikipedia.org/wiki/۳۱_تیر
124,1,5,https://fa.wikipedia.org/wiki/۱_مرداد
125,2,5,https://fa.wikipedia.org/wiki/۲_مرداد
126,3,5,https://fa.wikipedia.org/wiki/۳_مرداد
127,4,5,https://fa.wikipedia.org/wiki/۴_مرداد
128,5,5,https://fa.wikipedia.org/wiki/۵_مرداد
129,6,5,https://fa.wikipedia.org/wiki/۶_مرداد
130,7,5,https://fa.wikipedia.org/wiki/۷_مرداد
131,8,5,https://fa.wikipedia.org/wiki/۸_مرداد
132,9,5,https://fa.wikipedia.org/wiki/۹_مرداد
133,10,5,https://fa.wikipedia.org/wiki/۱۰_مرداد
134,11,5,https://fa.wikipedia.org/wiki/۱۱_مرداد
135,12,5,https://fa.wikipedia.org/wiki/۱۲_مرداد
136,13,5,https://fa.wikipedia.org/wiki/۱۳_مرداد
137,14,5,https://fa.wikipedia.org/wiki/۱۴_مرداد
138,15,5,https://fa.wikipedia.org/wiki/۱۵_مرداد
139,16,5,https://fa.wikipedia.org/wiki/۱۶_مرداد
140,17,5,https://fa.wikipedia.org/wiki/۱۷_مرداد
141,18,5,https://fa.wikipedia.org/wiki/۱۸_مرداد
142,19,5,https://fa.wikipedia.org/wiki/۱۹_مرداد
143,20,5,https://fa.wikipedia.org/wiki/۲۰_مرداد
144,21,5,https://fa.wikipedia.org/wiki/۲۱_مرداد
145,22,5,https://fa.wikipedia.org/wiki/۲۲_مرداد
146,23,5,https://fa.wikipedia.org/wiki/۲۳_مرداد
147,24,5,https://fa.wikipedia.org/wiki/۲۴_مرداد
148,25,5,https://fa.wikipedia.org/wiki/۲۵_مرداد
149,26,5,https://fa.wikipedia.org/wiki/۲۶_مرداد
150,27,5,https://fa.wikipedia.org/wiki/۲۷_مرداد
151,28,5,https://fa.wikipedia.org/wiki/۲۸_مرداد
152,29,5,https://fa.wikipedia.org/wiki/۲۹_مرداد
153,30,5,https://fa.wikipedia.org/wiki/۳۰_مرداد
154,31,5,https://fa.wikipedia.org/wiki/۳۱_مرداد
155,1,6,https://fa.wikipedia.org/wiki/۱_شهریور
156,2,6,https://fa.wikipedia.org/wiki/۲_شهریور
157,3,6,https://fa.wikipedia.org/wiki/۳_شهریور
158,4,6,https://fa.wikipedia.org/wiki/۴_شهریور
159,5,6,https://fa.wikipedia.org/wiki/۵_شهریور
160,6,6,https://fa.wikipedia.org/wiki/۶_شهریور
161,7,6,https://fa.wikipedia.org/wiki/۷_شهریور
162,8,6,https://fa.wikipedia.org/wiki/۸_شهریور
163,9,6,https://fa.wikipedia.org/wiki/۹_شهریور
164,10,6,https://fa.wikipedia.org/wiki/۱۰_شهریور
165,11,6,https://fa.wikipedia.org/wiki/۱۱_شهریور
166,12,6,https://fa.wikipedia.org/wiki/۱۲_شهریور
167,13,6,https://fa.wikipedia.org/wiki/۱۳_شهریور
168,14,6,https://fa.wikipedia.org/wiki/۱۴_شهریور
169,15,6,https://fa.wikipedia.org/wiki/۱۵_شهریور
170,16,6,https://fa.wikipedia.org/wiki/۱۶_شهریور
171,17,6,https://fa.wikipedia.org/wiki/۱۷_شهریور
172,18,6,https://fa.wikipedia.org/wiki/۱۸_شهریور
173,19,6,https://fa.wikipedia.org/wiki/۱۹_شهریور
174,20,6,https://fa.wikipedia.org/wiki/۲۰_شهریور
175,21,6,https://fa.wikipedia.org/wiki/۲۱_شهریور
176,22,6,https://fa.wikipedia.org/wiki/۲۲_شهریور
177,23,6,https://fa.wikipedia.org/wiki/۲۳_شهریور
178,24,6,https://fa.wikipedia.org/wiki/۲۴_شهریور
179,25,6,https://fa.wikipedia.org/wiki/۲۵_شهریور
180,26,6,https://fa.wikipedia.org/wiki/۲۶_شهریور
181,27,6,https://fa.wikipedia.org/wiki/۲۷_شهریور
182,28,6,https://fa.wikipedia.org/wiki/۲۸_شهریور
183,29,6,https://fa.wikipedia.org/wiki/۲۹_شهریور
184,30,6,https://fa.wikipedia.org/wiki/۳۰_شهریور
185,31,6,https://fa.wikipedia.org/wiki/۳۱_شهریور
186,1,7,https://fa.wikipedia.org/wiki/۱_مهر
187,2,7,https://fa.wikipedia.org/wiki/۲_مهر
188,3,7,https://fa.wikipedia.org/wiki/۳_مهر
189,4,7,https://fa.wikipedia.org/wiki/۴_مهر
190,5,7,https://fa.wikipedia.org/wiki/۵_مهر
191,6,7,https://fa.wikipedia.org/wiki/۶_مهر
192,7,7,https://fa.wikipedia.org/wiki/۷_مهر
193,8,7,https://fa.wikipedia.org/wiki/۸_مهر
194,9,7,https://fa.wikipedia.org/wiki/۹_مهر
195,10,7,https://fa.wikipedia.org/wiki/۱۰_مهر
196,11,7,https://fa.wikipedia.org/wiki/۱۱_مهر
197,12,7,https://fa.wikipedia.org/wiki/۱۲_مهر
198,13,7,https://fa.wikipedia.org/wiki/۱۳_مهر
199,14,7,https://fa.wikipedia.org/wiki/۱۴_مهر
200,15,7,https://fa.wikipedia.org/wiki/۱۵_مهر
201,16,7,https://fa.wikipedia.org/wiki/۱۶_مهر
202,17,7,https://fa.wikipedia.org/wiki/۱۷_مهر
203,18,7,https://fa.wikipedia.org/wiki/۱۸_مهر
204,19,7,https://fa.wikipedia.org/wiki/۱۹_مهر
205,20,7,https://fa.wikipedia.org/wiki/۲۰_مهر
206,21,7,https://fa.wikipedia.org/wiki/۲۱_مهر
207,22,7,https://fa.wikipedia.org/wiki/۲۲_مهر
208,23,7,https://fa.wikipedia.org/wiki/۲۳_مهر
209,24,7,https://fa.wikipedia.org/wiki/۲۴_مهر
210,25,7,https://fa.wikipedia.org/wiki/۲۵_مهر
211,26,7,https://fa.wikipedia.org/wiki/۲۶_مهر
212,27,7,https://fa.wikipedia.org/wiki/۲۷_مهر
213,28,7,https://fa.wikipedia.org/wiki/۲۸_مهر
214,29,7,https://fa.wikipedia.org/wiki/۲۹_مهر
215,30,7,https://fa.wikipedia.org/wiki/۳۰_مهر
216,1,8,https://fa.wikipedia.org/wiki/۱_آبان
217,2,8,https://fa.wikipedia.org/wiki/۲_آبان
218,3,8,https://fa.wikipedia.org/wiki/۳_آبان
219,4,8,https://fa.wikipedia.org/wiki/۴_آبان
220,5,8,https://fa.wikipedia.org/wiki/۵_آبان
221,6,8,https://fa.wikipedia.org/wiki/۶_آبان
222,7,8,https://fa.wikipedia.org/wiki/۷_آبان
223,8,8,https://fa.wikipedia.org/wiki/۸_آبان
224,9,8,https://fa.wikipedia.org/wiki/۹_آبان
225,10,8,https://fa.wikipedia.org/wiki/۱۰_آبان
226,11,8,https://fa.wikipedia.org/wiki/۱۱_آبان
227,12,8,https://fa.wikipedia.org/wiki/۱۲_آبان
228,13,8,https://fa.wikipedia.org/wiki/۱۳_آبان
229,14,8,https://fa.wikipedia.org/wiki/۱۴_آبان
230,15,8,https://fa.wikipedia.org/wiki/۱۵_آبان
231,16,8,https://fa.wikipedia.org/wiki/۱۶_آبان
232,17,8,https://fa.wikipedia.org/wiki/۱۷_آبان
233,18,8,https://fa.wikipedia.org/wiki/۱۸_آبان
234,19,8,https://fa.wikipedia.org/wiki/۱۹_آبان
235,20,8,https://fa.wikipedia.org/wiki/۲۰_آبان
236,21,8,https://fa.wikipedia.org/wiki/۲۱_آبان
237,22,8,https://fa.wikipedia.org/wiki/۲۲_آبان
238,23,8,https://fa.wikipedia.org/wiki/۲۳_آبان
239,24,8,https://fa.wikipedia.org/wiki/۲۴_آبان
240,25,8,https://fa.wikipedia.org/wiki/۲۵_آبان
241,26,8,https://fa.wikipedia.org/wiki/۲۶_آبان
242,27,8,https://fa.wikipedia.org/wiki/۲۷_آبان
243,28,8,https://fa.wikipedia.org/wiki/۲۸_آبان
244,29,8,https://fa.wikipedia.org/wiki/۲۹_آبان
245,30,8,https://fa.wikipedia.org/wiki/۳۰_آبان
246,1,9,https://fa.wikipedia.org/wiki/۱_آذر
247,2,9,https://fa.wikipedia.org/wiki/۲_آذر
248,3,9,https://fa.wikipedia.org/wiki/۳_آذر
249,4,9,https://fa.wikipedia.org/wiki/۴_آذر
250,5,9,https://fa.wikipedia.org/wiki/۵_آذر
251,6,9,https://fa.wikipedia.org/wiki/۶_آذر
252,7,9,https://fa.wikipedia.org/wiki/۷_آذر
253,8,9,https://fa.wikipedia.org/wiki/۸_آذر
254,9,9,https://fa.wikipedia.org/wiki/۹_آذر
255,10,9,https://fa.wikipedia.org/wiki/۱۰_آذر
256,11,9,https://fa.wikipedia.org/wiki/۱۱_آذر
257,12,9,https://fa.wikipedia.org/wiki/۱۲_آذر
258,13,9,https://fa.wikipedia.org/wiki/۱۳_آذر
259,14,9,https://fa.wikipedia.org/wiki/۱۴_آذر
260,15,9,https://fa.wikipedia.org/wiki/۱۵_آذر
261,16,9,https://fa.wikipedia.org/wiki/۱۶_آذر
262,17,9,https://fa.wikipedia.org/wiki/۱۷_آذر
263,18,9,https://fa.wikipedia.org/wiki/۱۸_آذر
264,19,9,https://fa.wikipedia.org/wiki/۱۹_آذر
265,20,9,https://fa.wikipedia.org/wiki/۲۰_آذر
266,21,9,https://fa.wikipedia.org/wiki/۲۱_آذر
267,22,9,https://fa.wikipedia.org/wiki/۲۲_آذر
268,23,9,https://fa.wikipedia.org/wiki/۲۳_آذر
269,24,9,https://fa.wikipedia.org/wiki/۲۴_آذر
270,25,9,https://fa.wikipedia.org/wiki/۲۵_آذر
271,26,9,https://fa.wikipedia.org/wiki/۲۶_آذر
272,27,9,https://fa.wikipedia.org/wiki/۲۷_آذر
273,28,9,https://fa.wikipedia.org/wiki/۲۸_آذر
274,29,9,https://fa.wikipedia.org/wiki/۲۹_آذر
275,30,9,https://fa.wikipedia.org/wiki/۳۰_آذر
276,1,10,https://fa.wikipedia.org/wiki/۱_دی
277,2,10,https://fa.wikipedia.org/wiki/۲_دی
278,3,10,https://fa.wikipedia.org/wiki/۳_دی
279,4,10,https://fa.wikipedia.org/wiki/۴_دی
280,5,10,https://fa.wikipedia.org/wiki/۵_دی
281,6,10,https://fa.wikipedia.org/wiki/۶_دی
282,7,10,https://fa.wikipedia.org/wiki/۷_دی
283,8,10,https://fa.wikipedia.org/wiki/۸_دی
284,9,10,https://fa.wikipedia.org/wiki/۹_دی
285,10,10,https://fa.wikipedia.org/wiki/۱۰_دی
286,11,10,https://fa.wikipedia.org/wiki/۱۱_دی
287,12,10,https://fa.wikipedia.org/wiki/۱۲_دی
288,13,10,https://fa.wikipedia.org/wiki/۱۳_دی
289,14,10,https://fa.wikipedia.org/wiki/۱۴_دی
290,15,10,https://fa.wikipedia.org/wiki/۱۵_دی
291,16,10,https://fa.wikipedia.org/wiki/۱۶_دی
292,17,10,https://fa.wikipedia.org/wiki/۱۷_دی
293,18,10,https://fa.wikipedia.org/wiki/۱۸_دی
294,19,10,https://fa.wikipedia.org/wiki/۱۹_دی
295,20,10,https://fa.wikipedia.org/wiki/۲۰_دی
296,21,10,https://fa.wikipedia.org/wiki/۲۱_دی
297,22,10,https://fa.wikipedia.org/wiki/۲۲_دی
298,23,10,https://fa.wikipedia.org/wiki/۲۳_دی
299,24,10,https://fa.wikipedia.org/wiki/۲۴_دی
300,25,10,https://fa.wikipedia.org/wiki/۲۵_دی
301,26,10,https://fa.wikipedia.org/wiki/۲۶_دی
302,27,10,https://fa.wikipedia.org/wiki/۲۷_دی
303,28,10,https://fa.wikipedia.org/wiki/۲۸_دی
304,29,10,https://fa.wikipedia.org/wiki/۲۹_دی
305,30,10,https://fa.wikipedia.org/wiki/۳۰_دی
306,1,11,https://fa.wikipedia.org/wiki/۱_بهمن
307,2,11,https://fa.wikipedia.org/wiki/۲_بهمن
308,3,11,https://fa.wikipedia.org/wiki/۳_بهمن
309,4,11,https://fa.wikipedia.org/wiki/۴_بهمن
310,5,11,https://fa.wikipedia.org/wiki/۵_بهمن
311,6,11,https://fa.wikipedia.org/wiki/۶_بهمن
312,7,11,https://fa.wikipedia.org/wiki/۷_بهمن
313,8,11,https://fa.wikipedia.org/wiki/۸_بهمن
314,9,11,https://fa.wikipedia.org/wiki/۹_بهمن
315,10,11,https://fa.wikipedia.org/wiki/۱۰_بهمن
316,11,11,https://fa.wikipedia.org/wiki/۱۱_بهمن
317,12,11,https://fa.wikipedia.org/wiki/۱۲_بهمن
318,13,11,https://fa.wikipedia.org/wiki/۱۳_بهمن
319,14,11,https://fa.wikipedia.org/wiki/۱۴_بهمن
320,15,11,https://fa.wikipedia.org/wiki/۱۵_بهمن
321,16,11,https://fa.wikipedia.org/wiki/۱۶_بهمن
322,17,11,https://fa.wikipedia.org/wiki/۱۷_بهمن
323,18,11,https://fa.wikipedia.org/wiki/۱۸_بهمن
324,19,11,https://fa.wikipedia.org/wiki/۱۹_بهمن
325,20,11,https://fa.wikipedia.org/wiki/۲۰_بهمن
326,21,11,https://fa.wikipedia.org/wiki/۲۱_بهمن
327,22,11,https://fa.wikipedia.org/wiki/۲۲_بهمن
328,23,11,https://fa.wikipedia.org/wiki/۲۳_بهمن
329,24,11,https://fa.wikipedia.org/wiki/۲۴_بهمن
330,25,11,https://fa.wikipedia.org/wiki/۲۵_بهمن
331,26,11,https://fa.wikipedia.org/wiki/۲۶_بهمن
332,27,11,https://fa.wikipedia.org/wiki/۲۷_بهمن
333,28,11,https://fa.wikipedia.org/wiki/۲۸_بهمن
334,29,11,https://fa.wikipedia.org/wiki/۲۹_بهمن
335,30,11,https://fa.wikipedia.org/wiki/۳۰_بهمن
336,1,12,https://fa.wikipedia.org/wiki/۱_اسفند
337,2,12,https://fa.wikipedia.org/wiki/۲_اسفند
338,3,12,https://fa.wikipedia.org/wiki/۳_اسفند
339,4,12,https://fa.wikipedia.org/wiki/۴_اسفند
340,5,12,https://fa.wikipedia.org/wiki/۵_اسفند
341,6,12,https://fa.wikipedia.org/wiki/۶_اسفند
342,7,12,https://fa.wikipedia.org/wiki/۷_اسفند
343,8,12,https://fa.wikipedia.org/wiki/۸_اسفند
344,9,12,https://fa.wikipedia.org/wiki/۹_اسفند
345,10,12,https://fa.wikipedia.org/wiki/۱۰_اسفند
346,11,12,https://fa.wikipedia.org/wiki/۱۱_اسفند
347,12,12,https://fa.wikipedia.org/wiki/۱۲_اسفند
348,13,12,https://fa.wikipedia.org/wiki/۱۳_اسفند
349,14,12,https://fa.wikipedia.org/wiki/۱۴_اسفند
350,15,12,https://fa.wikipedia.org/wiki/۱۵_اسفند
351,16,12,https://fa.wikipedia.org/wiki/۱۶_اسفند
352,17,12,https://fa.wikipedia.org/wiki/۱۷_اسفند
353,18,12,https://fa.wikipedia.org/wiki/۱۸_اسفند
354,19,12,https://fa.wikipedia.org/wiki/۱۹_اسفند
355,20,12,https://fa.wikipedia.org/wiki/۲۰_اسفند
356,21,12,https://fa.wikipedia.org/wiki/۲۱_اسفند
357,22,12,https://fa.wikipedia.org/wiki/۲۲_اسفند
358,23,12,https://fa.wikipedia.org/wiki/۲۳_اسفند
359,24,12,https://fa.wikipedia.org/wiki/۲۴_اسفند
360,25,12,https://fa.wikipedia.org/wiki/۲۵_اسفند
361,26,12,https://fa.wikipedia.org/wiki/۲۶_اسفند
362,27,12,https://fa.wikipedia.org/wiki/۲۷_اسفند
363,28,12,https://fa.wikipedia.org/wiki/۲۸_اسفند
364,29,12,https://fa.wikipedia.org/wiki/۲۹_اسفند
365,30,12,https://fa.wikipedia.org/wiki/۳۰_اسفند
